Player,Age,Tm,G,MP,PER,TS%,3PAr,FTr,ORB%,DRB%,TRB%,AST%,STL%,BLK%,TOV%,USG%,OWS,DWS,WS,WS/48,OBPM,DBPM,BPM,VORP,City,State,2019-20
Bam Adebayo,22,MIA,65,2235,20.6,0.606,0.018000000000000002,0.47600000000000003,8.7,25.0,17.2,23.6,1.7,3.8,17.5,20.8,4.6,3.6,8.1,0.175,1.6,2.1,3.6,3.2,Newark,New Jersey,3454080
LaMarcus Aldridge,34,SAS,53,1754,19.8,0.5710000000000001,0.198,0.24100000000000002,6.3,17.8,12.0,11.4,1.0,4.4,7.8,23.6,3.1,1.4,4.4,0.122,1.8,-0.5,1.3,1.5,Dallas,Texas,26000000
Grayson Allen,24,MEM,30,498,11.4,0.5770000000000001,0.517,0.19899999999999998,1.1,12.6,7.0,11.8,0.6,0.2,10.7,17.9,0.5,0.3,0.7,0.07,-1.0,-1.5,-2.6,-0.1,Jacksonville,Florida,2429400
Jarrett Allen,21,BRK,64,1647,20.3,0.6579999999999999,0.012,0.574,12.5,25.0,18.9,7.8,1.1,4.3,12.2,15.0,4.3,2.8,7.1,0.207,1.0,1.1,2.1,1.7,Austin,Texas,2376840
Al-Farouq Aminu,29,ORL,18,380,7.6,0.395,0.419,0.337,6.6,18.4,12.3,7.4,2.3,1.9,14.7,13.2,-0.4,0.5,0.1,0.016,-4.5,1.4,-3.1,-0.1,Atlanta,Georgia,9258000
Justin Anderson,26,BRK,3,17,-3.8,0.218,0.5,0.33299999999999996,0.0,11.8,6.1,0.0,0.0,4.9,0.0,16.9,-0.1,0.0,-0.1,-0.16699999999999998,-12.8,-2.3,-15.1,-0.1,Montross,Virginia,98144
Kyle Anderson,26,MEM,59,1140,13.0,0.542,0.221,0.23600000000000002,5.1,18.3,11.8,15.1,1.9,2.4,15.1,13.3,0.9,1.4,2.2,0.095,-1.3,1.9,0.6,0.7,Fairview,New Jersey,9073050
Ryan Anderson,31,HOU,2,14,9.5,0.35700000000000004,0.7140000000000001,0.0,0.0,52.8,26.2,20.1,3.3,0.0,12.5,23.6,0.0,0.0,0.0,-0.031,-4.1,0.7,-3.4,0.0,Sacramento,California,5214583
Carmelo Anthony,35,POR,50,1623,12.2,0.517,0.28600000000000003,0.19699999999999998,4.0,15.8,10.0,7.0,1.2,1.2,10.5,21.6,0.1,0.9,1.0,0.028999999999999998,-1.9,-1.8,-3.7,-0.7,Brooklyn,New York,2159029
Ryan Arcidiacono,25,CHI,58,930,9.0,0.551,0.627,0.17300000000000001,2.3,11.2,6.5,14.3,1.4,0.3,13.5,12.5,0.7,0.7,1.4,0.07,-2.7,-0.1,-2.8,-0.2,Langhorne,Pennsylvania,3000000
Trevor Ariza,34,TOT,53,1493,11.0,0.593,0.639,0.228,2.5,15.6,9.0,8.1,2.2,0.9,13.6,11.9,1.3,1.3,2.6,0.084,-1.5,0.9,-0.5,0.6,Miami,Florida,12200000
D.J. Augustin,32,ORL,49,1215,14.2,0.5479999999999999,0.43799999999999994,0.395,1.5,8.3,4.8,26.7,1.2,0.1,12.9,19.1,1.8,0.8,2.6,0.10099999999999999,-0.3,-1.0,-1.4,0.2,New Orleans,Louisiana,7250000
Dwayne Bacon,24,CHO,39,687,6.1,0.419,0.275,0.217,2.3,14.0,7.9,11.7,1.7,0.3,12.2,19.5,-1.2,0.4,-0.8,-0.053,-5.9,-0.9,-6.8,-0.8,Lakeland,Florida,1618520
Marvin Bagley III,20,SAC,13,334,15.7,0.512,0.132,0.18600000000000003,9.5,23.6,16.4,5.0,0.9,3.4,9.1,25.9,0.0,0.4,0.4,0.055,-2.1,-1.3,-3.4,-0.1,Tempe,Arizona,8556120
Lonzo Ball,22,NOP,56,1817,13.7,0.529,0.578,0.107,3.6,16.6,10.1,29.3,2.0,1.4,20.7,18.6,0.7,1.9,2.6,0.068,0.4,0.6,1.0,1.3,Anaheim,California,8719320
Mo Bamba,21,ORL,60,868,17.8,0.5489999999999999,0.369,0.163,11.7,25.7,18.5,7.3,1.2,8.9,12.2,17.2,0.9,1.7,2.5,0.14,-1.1,1.7,0.5,0.6,Harlem,New York,5697600
Harrison Barnes,27,SAC,64,2231,13.3,0.575,0.342,0.34299999999999997,3.0,12.7,7.7,9.9,0.8,0.4,8.9,17.6,3.1,1.1,4.2,0.091,0.0,-1.2,-1.2,0.5,Ames,Iowa,24147727
Will Barton,29,DEN,58,1916,15.7,0.5489999999999999,0.39,0.18,4.4,16.8,10.6,16.0,1.6,1.4,9.9,20.0,2.4,2.1,4.5,0.113,1.2,-0.1,1.2,1.5,Baltimore,Maryland,12960000
Keita Bates-Diop,24,TOT,39,665,12.6,0.541,0.452,0.332,3.2,15.0,8.9,6.5,1.2,2.6,5.5,15.6,0.6,0.5,1.1,0.081,-0.8,-0.1,-0.8,0.2,Bloomington,Illinois,1416852
Darius Bazley,19,OKC,53,909,8.1,0.475,0.435,0.204,2.7,20.7,12.0,4.3,1.1,3.3,13.8,14.1,-0.8,1.2,0.4,0.019,-3.1,0.6,-2.5,-0.1,Boston,Massachusetts,2284800
Bradley Beal,26,WAS,57,2053,23.1,0.579,0.369,0.35100000000000003,2.7,10.6,6.5,29.1,1.6,1.0,11.4,34.4,4.6,0.5,5.1,0.11900000000000001,5.3,-2.4,2.9,2.5,St. Louis,Missouri,27093019
Malik Beasley,23,TOT,55,1209,12.7,0.546,0.517,0.124,1.6,11.9,6.6,9.4,1.6,0.6,9.2,21.8,0.4,0.9,1.3,0.053,-0.7,-1.3,-2.0,0.0,Atlanta,Georgia,2731714
Jordan Bell,25,TOT,29,256,13.9,0.5770000000000001,0.179,0.46299999999999997,12.0,21.8,16.7,8.9,0.5,3.2,20.7,16.4,0.2,0.2,0.4,0.07,-1.4,-1.1,-2.5,0.0,Los Angeles,California,1620564
Patrick Beverley,31,LAC,48,1299,12.3,0.5539999999999999,0.609,0.126,4.6,15.7,10.3,18.2,1.9,1.7,15.7,13.0,1.4,2.0,3.4,0.126,-0.5,2.6,2.1,1.3,Chicago,Illinois,12345679
Eric Bledsoe,30,MIL,56,1524,18.1,0.579,0.304,0.292,2.8,13.3,8.4,28.5,1.6,1.4,15.8,24.0,2.4,2.9,5.3,0.168,1.1,1.1,2.2,1.6,Birmingham,Alabama,15625000
Marques Bolden,21,CLE,1,3,19.8,0.0,0.0,0.0,0.0,74.7,37.0,0.0,16.2,0.0,0.0,0.0,0.0,0.0,0.0,0.282,-5.8,11.3,5.5,0.0,Dallas,Texas,50752
Devin Booker,23,PHO,62,2241,19.8,0.617,0.313,0.395,1.3,11.7,6.4,30.2,1.0,0.6,15.7,29.5,4.8,1.2,6.0,0.129,3.1,-1.4,1.7,2.1,Grand Rapids,Michigan,27250000
Avery Bradley,29,LAL,49,1186,8.9,0.537,0.452,0.063,1.7,8.7,5.3,7.1,1.7,0.4,10.7,15.7,0.2,1.4,1.6,0.066,-2.9,0.5,-2.4,-0.1,Tacoma,Washington,4767000
Tony Bradley,22,UTA,50,535,21.8,0.675,0.006,0.258,19.3,24.7,22.1,4.9,1.1,3.9,11.8,16.1,1.8,0.9,2.7,0.242,0.9,0.4,1.3,0.4,Bartow,Florida,1962360
Mikal Bridges,23,PHO,65,1772,13.0,0.623,0.391,0.258,3.6,12.8,8.1,8.9,2.5,1.9,12.5,12.4,2.2,1.9,4.1,0.111,-0.7,1.5,0.8,1.3,Philadelphia,Pennsylvania,4161000
Miles Bridges,21,CHO,65,1995,12.1,0.52,0.39799999999999996,0.174,4.6,15.6,9.9,9.4,1.0,2.2,10.5,20.0,0.3,1.3,1.6,0.038,-1.5,-1.0,-2.5,-0.3,Flint,Michigan,3755400
Malcolm Brogdon,27,IND,48,1472,17.8,0.537,0.29600000000000004,0.24600000000000002,3.0,13.8,8.5,34.5,1.1,0.5,13.6,25.2,2.0,1.4,3.5,0.113,2.2,-0.5,1.7,1.4,Atlanta,Georgia,20000000
Bruce Brown,23,DET,58,1634,11.9,0.518,0.215,0.266,4.2,15.0,9.5,20.4,1.9,1.5,16.7,16.0,0.8,1.4,2.1,0.062,-2.0,0.8,-1.2,0.3,Boston,Massachusetts,1416852
Jaylen Brown,23,BOS,50,1702,17.1,0.589,0.364,0.28,3.4,16.5,10.0,10.2,1.6,0.9,11.8,24.7,2.1,2.3,4.5,0.126,1.0,-0.1,0.9,1.2,Marietta,Georgia,6534829
Sterling Brown,24,MIL,45,665,9.3,0.478,0.523,0.161,4.4,19.2,12.3,8.8,1.5,0.9,13.4,16.7,-0.4,1.3,1.0,0.071,-3.1,1.0,-2.0,0.0,Maywood,Illinois,1618520
Troy Brown Jr.,20,WAS,61,1519,13.7,0.534,0.287,0.225,4.4,19.6,11.7,13.0,2.3,0.3,10.5,17.0,1.2,0.9,2.2,0.069,-0.8,-0.4,-1.3,0.3,Las Vegas,Nevada,3219480
Jalen Brunson,23,DAL,57,1022,15.0,0.5529999999999999,0.309,0.193,2.3,11.3,6.9,26.9,1.0,0.3,13.6,20.4,1.6,0.7,2.3,0.10800000000000001,0.1,-0.9,-0.8,0.3,New Brunswick,New Jersey,1416582
Thomas Bryant,22,WAS,38,901,20.0,0.659,0.17600000000000002,0.309,8.8,23.4,15.8,11.9,0.7,3.2,12.1,18.3,2.4,0.5,2.9,0.153,2.1,-1.2,0.9,0.7,Rochester,New York,7936508
Reggie Bullock,28,NYK,29,684,9.3,0.502,0.496,0.094,2.0,8.8,5.3,8.8,1.8,0.4,7.5,15.6,0.2,0.3,0.5,0.036000000000000004,-2.7,-0.3,-3.0,-0.2,Baltimore,Maryland,4000000
Trey Burke,27,PHI,25,329,15.4,0.545,0.299,0.142,5.0,6.7,5.9,24.2,1.0,0.3,8.2,19.3,0.6,0.2,0.9,0.129,0.7,-1.1,-0.5,0.1,Columbus,Ohio,2028594
Alec Burks,28,TOT,59,1612,16.0,0.5489999999999999,0.389,0.358,2.8,15.2,8.8,16.9,1.7,0.9,9.5,23.8,1.9,1.1,2.9,0.08800000000000001,0.6,-0.7,-0.2,0.7,Grandview,Missouri,2320044
Deonte Burton,26,OKC,34,284,5.9,0.426,0.43799999999999994,0.114,2.4,15.9,9.4,5.6,0.9,3.0,11.3,19.3,-0.6,0.3,-0.3,-0.046,-5.5,-0.4,-5.8,-0.3,Milwaukee,Wisconsin,1416852
Jimmy Butler,30,MIA,54,1851,23.4,0.583,0.162,0.679,6.2,15.2,10.9,28.1,2.4,1.6,11.2,25.2,6.0,2.5,8.5,0.21899999999999997,4.0,1.3,5.2,3.4,Houston,Texas,32742000
Kentavious Caldwell-Pope,26,LAL,63,1603,11.6,0.5920000000000001,0.474,0.204,2.6,6.3,4.5,8.7,1.6,0.7,9.8,14.8,2.0,1.8,3.8,0.114,-0.8,0.5,-0.3,0.7,Thomaston,Georgia,8089282
DeMarre Carroll,33,TOT,21,231,8.5,0.523,0.5,0.667,5.1,16.7,10.9,10.1,0.8,1.5,18.6,15.8,0.0,0.1,0.1,0.026000000000000002,-3.4,-1.1,-4.5,-0.1,Birmingham,Alabama,6842307
Jevon Carter,24,PHO,50,754,10.4,0.535,0.5710000000000001,0.122,3.6,11.0,7.2,11.7,2.4,1.5,12.6,13.9,0.3,0.7,1.1,0.068,-1.6,1.0,-0.6,0.3,Maywood,Illinois,1416852
Vince Carter,43,ATL,60,876,7.6,0.47,0.664,0.095,2.2,13.2,7.6,7.7,1.2,2.4,9.4,16.6,-0.6,0.4,-0.2,-0.011000000000000001,-3.1,-1.2,-4.3,-0.5,Daytona Beach,Florida,2564753
Wendell Carter Jr.,20,CHI,43,1256,15.5,0.59,0.085,0.44299999999999995,11.6,24.6,17.8,6.0,1.3,2.7,14.9,16.4,1.7,1.6,3.3,0.127,-2.1,-0.3,-2.4,-0.1,Atlanta,Georgia,5201400
Michael Carter-Williams,28,ORL,42,773,15.7,0.539,0.281,0.36,5.9,13.8,9.7,19.4,2.8,2.3,14.6,18.4,0.7,1.1,1.9,0.11599999999999999,-1.3,1.7,0.4,0.5,Hamilton,Massachusetts,2028594
Alex Caruso,25,LAL,58,1032,11.0,0.5379999999999999,0.41200000000000003,0.292,1.5,10.1,5.9,12.6,2.8,1.4,13.6,13.9,0.6,1.6,2.2,0.10300000000000001,-2.4,2.4,0.1,0.5,College Station,Texas,2750000
Willie Cauley-Stein,26,TOT,54,1097,17.0,0.589,0.003,0.21899999999999997,8.0,23.2,15.5,9.9,2.1,4.9,10.8,14.4,1.5,1.5,3.0,0.129,-1.2,1.7,0.5,0.7,Spearville,Kansas,2177483
Tyson Chandler,37,HOU,26,219,10.8,0.7170000000000001,0.0,0.722,11.9,19.8,15.8,3.5,1.3,3.1,25.2,6.0,0.3,0.3,0.6,0.13,-2.5,1.1,-1.4,0.0,Hanford,California,2564753
Wilson Chandler,32,BRK,35,734,7.4,0.531,0.6609999999999999,0.126,1.6,18.3,10.2,7.4,1.0,1.4,15.0,13.0,-0.1,0.9,0.8,0.05,-3.9,1.0,-2.9,-0.2,Benton Harbor,Michigan,2564753
Joe Chealey,24,CHO,4,33,-2.8,0.127,0.5710000000000001,0.28600000000000003,0.0,0.0,0.0,3.9,6.1,0.0,20.2,13.2,-0.2,0.0,-0.1,-0.18899999999999997,-14.3,1.7,-12.6,-0.1,Orlando,Florida,163356
Marquese Chriss,22,GSW,59,1196,19.4,0.604,0.10099999999999999,0.405,10.0,23.6,16.5,15.3,1.6,4.7,14.7,19.0,2.1,1.3,3.4,0.136,0.1,0.5,0.6,0.8,Sacramento,California,758804
Jordan Clarkson,27,TOT,63,1527,17.9,0.583,0.469,0.193,3.5,8.5,6.0,13.4,1.4,0.8,9.1,25.5,2.6,0.9,3.5,0.11,2.7,-1.1,1.6,1.4,Tampa,Florida,13437500
Nicolas Claxton,20,BRK,15,187,14.9,0.5770000000000001,0.146,0.43799999999999994,10.7,13.4,12.1,12.6,0.3,3.5,13.6,14.8,0.3,0.2,0.5,0.124,-0.7,0.0,-0.7,0.1,Greenville,South Carolina,898310
Zach Collins,22,POR,3,86,9.0,0.624,0.368,0.316,4.9,9.5,7.2,9.1,0.0,2.0,21.7,13.6,0.1,0.0,0.1,0.045,-1.1,-0.7,-1.7,0.0,Las Vegas,Nevada,4240200
Mike Conley,32,UTA,41,1171,13.7,0.527,0.43799999999999994,0.24100000000000002,2.7,9.5,6.2,22.8,1.3,0.3,12.4,23.0,1.0,1.0,2.1,0.085,0.4,-0.4,0.0,0.6,Fayetteville,Arkansas,32511623
Pat Connaughton,27,MIL,61,1119,11.2,0.5579999999999999,0.525,0.138,5.3,16.9,11.4,10.6,0.8,2.3,14.5,11.9,0.9,2.1,3.0,0.13,-1.1,1.6,0.5,0.7,Arlington,Massachusetts,1723050
Quinn Cook,26,LAL,38,409,10.5,0.517,0.382,0.052000000000000005,1.9,8.6,5.3,13.9,1.3,0.2,12.4,20.8,-0.1,0.4,0.4,0.043,-2.3,-1.0,-3.3,-0.1,Washington,District of Columbia,3000000
Tyler Cook,22,CLE,11,35,23.8,0.752,0.0,0.6,12.6,19.2,15.9,4.5,1.4,0.0,7.3,16.7,0.2,0.0,0.2,0.244,3.0,-0.6,2.4,0.0,St. Louis,Missouri,101504
Robert Covington,29,TOT,62,1867,13.6,0.5710000000000001,0.654,0.16699999999999998,3.0,19.9,11.2,5.8,2.4,3.6,11.8,17.4,0.9,2.4,3.3,0.085,-1.0,1.1,0.1,1.0,Bellwood,Illinois,11301219
Allen Crabbe,27,TOT,37,653,6.0,0.47,0.672,0.079,1.8,11.0,6.3,6.8,1.1,0.5,8.5,12.7,-0.2,0.1,-0.1,-0.006999999999999999,-3.7,-1.5,-5.3,-0.5,Los Angeles,California,17818456
Torrey Craig,29,DEN,50,869,10.4,0.5589999999999999,0.524,0.149,6.1,13.8,10.0,5.2,1.0,3.4,9.0,12.2,0.8,0.9,1.7,0.095,-2.4,0.1,-2.3,-0.1,Columbia,South Carolina,2100000
Jae Crowder,29,TOT,58,1695,12.1,0.532,0.6920000000000001,0.23600000000000002,3.1,18.7,11.1,11.7,1.9,1.1,9.9,15.6,1.2,2.0,3.2,0.09,-0.9,0.3,-0.6,0.6,Villa Rica,Georgia,7815533
Jarrett Culver,20,MIN,63,1506,9.6,0.467,0.38799999999999996,0.20600000000000002,4.7,10.3,7.4,10.8,1.8,2.1,11.5,19.2,-1.2,1.1,-0.1,-0.004,-3.2,-0.8,-4.0,-0.8,Dallas,Texas,5813640
Stephen Curry,31,GSW,5,139,21.7,0.557,0.598,0.317,3.0,17.8,10.1,42.3,1.7,1.3,14.6,33.6,0.2,0.1,0.3,0.10400000000000001,4.5,-0.6,3.9,0.2,Akron,Ohio,40231758
Troy Daniels,28,TOT,42,457,8.9,0.524,0.711,0.10099999999999999,2.9,7.9,5.5,4.1,0.8,0.6,5.1,16.2,0.2,0.4,0.7,0.07,-1.2,-1.0,-2.2,0.0,Roanoke,Virginia,2028594
Anthony Davis,26,LAL,55,1889,28.2,0.614,0.195,0.46,7.3,22.1,14.9,14.6,2.1,6.2,10.1,29.7,6.2,4.1,10.3,0.262,5.8,2.8,8.5,5.0,Chicago,Illinois,27093019
Ed Davis,30,UTA,25,268,7.3,0.425,0.0,0.324,12.4,25.8,19.4,3.8,1.8,2.8,25.1,8.5,-0.1,0.5,0.4,0.07400000000000001,-5.5,1.7,-3.9,-0.1,Washington,District of Columbia,4767000
Terence Davis,22,TOR,64,1087,14.5,0.598,0.568,0.133,4.6,16.3,10.5,14.6,1.4,1.1,13.6,18.9,1.4,1.6,3.0,0.133,0.7,0.6,1.3,0.9,Southaven,Mississippi,898310
Dewayne Dedmon,30,TOT,44,774,9.4,0.473,0.42,0.141,8.5,27.7,17.9,4.1,1.5,4.8,17.4,18.2,-1.0,1.1,0.1,0.006,-5.8,0.0,-5.8,-0.7,Lancaster,California,13333334
DeMar DeRozan,30,SAS,61,2091,21.3,0.597,0.031,0.419,2.0,15.7,8.9,26.0,1.4,0.6,11.5,26.6,5.1,1.1,6.2,0.14300000000000002,2.1,-0.5,1.6,1.9,Compton,California,27739975
Hamidou Diallo,21,OKC,38,699,8.4,0.488,0.16,0.205,4.8,14.3,9.7,4.5,2.0,1.0,13.4,17.4,-0.6,0.8,0.2,0.013999999999999999,-5.0,0.3,-4.8,-0.5,Queens,New York,1416852
Spencer Dinwiddie,26,BRK,64,1994,17.9,0.541,0.392,0.43700000000000006,1.7,9.5,5.7,35.6,1.0,0.9,12.5,29.2,3.4,1.7,5.1,0.12300000000000001,2.6,-0.8,1.7,1.9,Los Angeles,California,10600000
Donte DiVincenzo,23,MIL,59,1362,15.0,0.57,0.489,0.17300000000000001,4.6,15.7,10.5,13.3,2.7,1.2,12.9,16.9,1.4,3.1,4.5,0.158,-0.6,2.7,2.1,1.4,Newark,Delaware,2905800
Damyean Dotson,25,NYK,48,836,10.9,0.527,0.562,0.114,1.2,10.6,5.8,10.0,1.3,0.5,6.5,16.5,0.6,0.3,0.9,0.053,-0.9,-0.5,-1.4,0.1,Houston,Texas,1618520
PJ Dozier,23,DEN,21,234,9.3,0.449,0.308,0.121,2.4,11.9,7.1,17.5,1.5,2.0,10.3,19.8,-0.1,0.2,0.1,0.019,-4.4,-0.8,-5.2,-0.2,Columbia,South Carolina,183115
Andre Drummond,26,TOT,57,1879,22.0,0.5529999999999999,0.045,0.375,14.9,37.5,26.0,13.6,2.8,4.2,18.2,25.9,0.7,3.6,4.3,0.109,-0.1,1.1,1.0,1.4,Mount Vernon,New York,27093019
Jared Dudley,34,LAL,40,311,7.4,0.57,0.68,0.04,1.8,13.0,7.5,7.4,1.8,0.8,10.5,7.7,0.2,0.4,0.7,0.10300000000000001,-2.7,2.0,-0.7,0.1,San Diego,California,2564753
Kris Dunn,25,CHI,51,1269,12.1,0.51,0.327,0.158,1.9,14.9,8.1,19.4,3.8,1.3,15.7,14.6,0.3,2.0,2.3,0.085,-3.7,3.1,-0.6,0.4,New London,Connecticut,5348007
Carsen Edwards,21,BOS,35,316,6.5,0.446,0.602,0.115,2.1,12.4,7.3,9.5,1.5,0.9,11.2,18.1,-0.3,0.4,0.1,0.012,-4.6,-0.3,-4.9,-0.2,Houston,Texas,1228026
Wayne Ellington,32,NYK,36,558,8.5,0.509,0.8220000000000001,0.075,0.7,12.0,6.2,11.0,1.1,0.7,9.1,15.0,0.2,0.2,0.4,0.035,-1.9,-1.0,-2.8,-0.1,Wynnewood,Pennsylvania,7804878
James Ennis,29,TOT,61,1053,11.5,0.557,0.473,0.265,6.3,14.5,10.4,7.2,1.3,1.6,11.6,15.2,0.9,1.2,2.1,0.096,-2.1,-0.3,-2.5,-0.1,Ventura,California,1882867
Derrick Favors,28,NOP,45,1089,19.0,0.624,0.023,0.203,14.1,29.0,21.5,9.8,1.1,3.4,13.3,14.4,2.4,1.4,3.8,0.168,0.8,0.4,1.2,0.9,Atlanta,Georgia,17650000
Terrance Ferguson,21,OKC,50,1170,4.1,0.504,0.779,0.095,2.3,4.6,3.5,5.0,1.1,1.2,12.6,9.0,-0.1,0.8,0.7,0.027000000000000003,-4.5,0.3,-4.1,-0.6,Tulsa,Oklahoma,2475840
Yogi Ferrell,26,SAC,44,484,10.7,0.499,0.408,0.21899999999999997,1.4,10.0,5.6,17.6,1.4,0.8,11.9,18.9,0.1,0.3,0.4,0.036000000000000004,-2.1,-0.4,-2.5,-0.1,Indianapolis,Indiana,3150000
Dorian Finney-Smith,26,DAL,64,1898,12.2,0.597,0.58,0.212,7.0,12.3,9.7,6.8,1.1,1.7,11.2,12.7,2.9,1.6,4.5,0.114,0.0,-0.1,-0.2,0.9,Portsmouth,Virginia,4000000
Bryn Forbes,26,SAS,63,1579,11.2,0.57,0.6559999999999999,0.155,0.8,7.8,4.3,9.6,1.0,0.0,8.4,18.6,1.2,0.2,1.5,0.045,-0.6,-2.1,-2.7,-0.3,Lansing,Michigan,2875000
De'Aaron Fox,22,SAC,45,1426,20.3,0.556,0.221,0.442,2.3,12.3,7.2,35.4,2.2,1.5,14.6,29.6,2.1,1.3,3.5,0.11699999999999999,2.1,-0.3,1.8,1.4,New Orleans,Louisiana,6392760
Melvin Frazier,23,ORL,15,51,7.5,0.48,0.41200000000000003,0.235,2.0,6.5,4.2,2.8,3.8,3.5,13.8,18.5,-0.1,0.1,0.0,0.003,-6.0,1.5,-4.5,0.0,New Orleans,Louisiana,1416852
Tim Frazier,29,DET,27,355,9.8,0.46399999999999997,0.319,0.255,2.8,7.8,5.3,36.5,1.9,0.9,25.6,17.3,-0.1,0.2,0.1,0.016,-2.9,-1.6,-4.5,-0.2,Houston,Texas,1882867
Markelle Fultz,21,ORL,64,1813,14.4,0.523,0.175,0.209,2.0,10.9,6.3,28.8,2.2,0.5,15.1,20.7,0.8,1.9,2.7,0.071,-1.9,0.2,-1.7,0.1,Upper Marlboro,Maryland,9745200
Daniel Gafford,21,CHI,43,609,16.2,0.6859999999999999,0.0,0.44799999999999995,9.0,10.3,9.6,5.2,1.0,8.7,15.3,13.3,1.1,0.8,1.8,0.146,-2.8,1.5,-1.3,0.1,El Dorado,Arkansas,898310
Langston Galloway,28,DET,66,1702,12.3,0.584,0.611,0.157,2.2,7.8,5.0,8.8,1.4,0.5,6.5,15.9,2.4,0.7,3.1,0.087,0.1,-0.9,-0.8,0.5,Baton Rouge,Louisiana,7333333
Darius Garland,20,CLE,59,1824,8.5,0.498,0.423,0.10300000000000001,1.6,5.2,3.4,18.5,1.1,0.2,17.1,20.7,-1.3,0.0,-1.3,-0.035,-2.7,-2.9,-5.6,-1.7,Gary,Indiana,6400920
Rudy Gay,33,SAS,60,1287,14.4,0.545,0.369,0.225,4.7,22.3,13.5,11.3,1.0,1.9,12.4,21.3,0.6,0.9,1.5,0.054000000000000006,-0.5,-1.0,-1.5,0.2,Baltimore,Maryland,14000000
Paul George,29,LAC,42,1222,20.5,0.5820000000000001,0.494,0.27699999999999997,1.9,18.1,10.2,21.2,2.2,1.4,13.0,29.6,1.9,2.0,3.9,0.153,3.4,1.1,4.5,2.0,Palmdale,California,33005556
Taj Gibson,34,NYK,62,1025,16.1,0.61,0.049,0.196,11.2,16.7,13.9,7.6,1.3,2.8,13.1,14.8,1.8,0.8,2.6,0.12,-0.7,-0.4,-1.1,0.2,Brooklyn,New York,9800000
Brandon Goodwin,24,ATL,34,430,11.7,0.507,0.45799999999999996,0.158,2.7,15.5,9.0,18.0,1.3,0.8,12.5,22.4,-0.1,0.2,0.1,0.013000000000000001,-1.5,-1.3,-2.9,-0.1,Norcross,Georgia,522738
Aaron Gordon,24,ORL,58,1914,14.8,0.511,0.311,0.28,5.6,19.6,12.4,17.2,1.3,1.7,10.3,20.6,1.2,2.2,3.3,0.084,-0.3,0.1,-0.3,0.8,San Jose,California,19863636
Eric Gordon,31,HOU,34,972,10.5,0.511,0.6579999999999999,0.235,0.9,6.2,3.5,7.8,1.1,1.1,6.9,22.1,0.2,0.5,0.7,0.037000000000000005,-1.6,-2.0,-3.6,-0.4,Indianapolis,Indiana,14057730
Treveon Graham,26,TOT,55,929,6.6,0.456,0.496,0.231,5.7,11.7,8.6,6.6,1.2,0.5,9.8,13.1,-0.2,0.4,0.2,0.009000000000000001,-4.5,-1.1,-5.5,-0.8,Temple Hills,Maryland,1678854
Jerami Grant,25,DEN,64,1676,14.2,0.585,0.39399999999999996,0.308,3.5,11.6,7.5,6.7,1.3,2.9,8.0,17.8,2.4,1.7,4.0,0.11599999999999999,-0.1,-0.4,-0.4,0.7,Portland,Oregon,9346153
Danny Green,32,LAL,61,1529,11.1,0.564,0.7040000000000001,0.10400000000000001,3.2,11.3,7.3,7.3,2.4,1.7,10.8,13.8,1.1,2.4,3.4,0.10800000000000001,-0.8,1.7,0.9,1.1,North Babylon,New York,14634146
Draymond Green,29,GSW,43,1222,12.6,0.489,0.408,0.263,2.0,22.3,11.8,31.2,2.3,2.4,21.8,15.7,-0.2,1.3,1.1,0.044000000000000004,-2.0,1.9,-0.2,0.6,Saginaw,Michigan,18539130
JaMychal Green,29,LAC,55,1130,10.8,0.5539999999999999,0.675,0.146,7.0,24.3,15.9,5.1,1.0,1.6,12.3,13.5,0.8,1.8,2.6,0.111,-1.4,0.6,-0.8,0.3,Montgomery,Alabama,4767000
Javonte Green,26,BOS,44,414,12.3,0.5579999999999999,0.235,0.36700000000000005,4.7,15.9,10.4,7.6,2.7,1.6,13.7,13.6,0.3,0.7,1.0,0.11199999999999999,-2.4,1.8,-0.6,0.1,Petersburg,Virginia,898310
Jeff Green,33,TOT,40,754,12.8,0.575,0.529,0.28,3.4,12.5,8.1,6.2,1.3,1.7,10.9,18.9,0.6,0.8,1.4,0.08900000000000001,-0.4,0.0,-0.5,0.3,Cheverly,Maryland,2564753
Blake Griffin,30,DET,18,512,11.9,0.47600000000000003,0.444,0.392,3.7,15.0,9.3,18.0,0.7,1.1,12.0,28.4,-0.4,0.2,-0.1,-0.012,-1.7,-2.6,-4.2,-0.3,Oklahoma City,Oklahoma,34234964
Donta Hall,22,DET,4,48,7.3,0.452,0.0,1.5,14.0,21.6,17.7,5.3,1.0,1.7,23.1,7.9,0.0,0.0,0.1,0.067,-5.6,-1.4,-7.1,-0.1,Luverne,Alabama,101504
Dusty Hannahs,26,MEM,2,13,21.3,0.607,0.33299999999999996,0.222,0.0,7.9,4.0,0.0,0.0,0.0,0.0,31.6,0.0,0.0,0.0,0.146,5.2,-2.1,3.1,0.0,Little Rock,Arkansas,81678
Tim Hardaway Jr.,27,DAL,63,1815,15.0,0.581,0.574,0.191,1.4,9.9,5.7,10.2,1.0,0.2,6.6,21.7,3.1,1.1,4.2,0.111,1.5,-1.2,0.4,1.1,Orinda,California,18150000
James Harden,30,HOU,61,2241,28.4,0.616,0.555,0.519,3.0,15.3,9.1,34.4,2.2,2.0,13.8,36.4,8.7,2.7,11.5,0.245,7.9,1.2,9.0,6.3,Los Angeles,California,37800000
Maurice Harkless,26,TOT,62,1427,9.7,0.5720000000000001,0.34600000000000003,0.233,4.1,13.3,8.7,6.3,1.9,2.0,14.5,10.7,0.8,1.9,2.7,0.09,-2.6,1.9,-0.8,0.5,Queens,New York,11511234
Gary Harris,25,DEN,56,1780,9.7,0.519,0.405,0.177,1.6,8.6,5.1,8.9,2.1,0.7,9.7,15.1,0.5,1.7,2.2,0.059000000000000004,-2.8,0.4,-2.4,-0.2,Fishers,Indiana,17839286
Joe Harris,28,BRK,63,1946,12.7,0.5920000000000001,0.523,0.11800000000000001,3.3,10.9,7.2,10.3,0.9,0.7,11.1,17.9,2.1,1.7,3.8,0.094,0.0,-0.5,-0.5,0.8,Chelan,Washington,7670000
Tobias Harris,27,PHI,65,2243,16.8,0.557,0.309,0.183,2.7,19.0,10.8,14.6,1.1,1.3,7.9,23.6,3.0,2.6,5.6,0.12,1.0,-0.4,0.6,1.5,Islip,New York,31034483
Shaquille Harrison,26,CHI,43,484,17.8,0.5589999999999999,0.255,0.303,4.8,15.3,9.8,15.3,3.4,3.7,9.2,18.1,0.8,0.8,1.5,0.153,0.4,2.4,2.8,0.6,Kansas City,Missouri,898310
Josh Hart,24,NOP,57,1563,11.7,0.556,0.6759999999999999,0.18899999999999997,3.6,21.4,12.5,8.0,1.7,1.1,11.1,15.3,1.0,1.7,2.7,0.083,-1.2,0.6,-0.6,0.6,Silver Spring,Maryland,1934160
Isaiah Hartenstein,21,HOU,23,266,18.7,0.674,0.075,0.418,11.4,24.2,17.7,9.8,1.6,3.9,16.8,14.8,0.7,0.4,1.1,0.191,-0.9,1.3,0.4,0.2,Eugene,Oregon,1416852
Udonis Haslem,39,MIA,3,21,3.0,0.322,0.33299999999999996,0.667,0.0,41.0,21.4,6.2,0.0,0.0,0.0,16.3,0.0,0.0,0.0,-0.032,-9.7,-3.0,-12.7,-0.1,Miami,Florida,2564753
Jaxson Hayes,19,NOP,56,951,17.8,0.675,0.017,0.736,9.0,15.7,12.3,7.5,1.1,4.6,11.6,15.1,2.5,1.0,3.5,0.17600000000000002,-0.8,0.8,0.1,0.5,Norman,Oklahoma,4862040
Gordon Hayward,29,BOS,45,1501,18.2,0.593,0.311,0.183,3.2,17.6,10.5,19.0,1.1,1.2,10.8,20.9,3.1,1.9,5.0,0.16,2.6,0.3,2.9,1.8,Indianapolis,Indiana,32700690
Dewan Hernandez,23,TOR,4,11,4.2,0.34,0.2,0.4,19.6,47.0,33.6,0.0,4.3,0.0,14.5,26.8,0.0,0.0,0.0,0.003,-18.3,-3.0,-21.3,-0.1,Miami,Florida,898310
Tyler Herro,20,MIA,47,1280,11.4,0.534,0.47600000000000003,0.14800000000000002,1.3,14.6,8.2,11.1,1.1,0.5,11.3,22.0,-0.3,1.1,0.9,0.033,-1.0,-1.3,-2.3,-0.1,Milwaukee,Wisconsin,3640200
George Hill,33,MIL,52,1103,17.5,0.6679999999999999,0.452,0.247,4.3,9.2,6.9,18.4,1.7,0.3,11.6,15.8,3.2,1.9,5.1,0.22,1.8,1.4,3.2,1.5,Indianapolis,Indiana,9133907
Solomon Hill,28,TOT,54,992,9.8,0.542,0.629,0.16899999999999998,2.9,13.2,8.2,12.6,1.7,1.1,15.0,13.2,0.4,0.9,1.3,0.064,-1.9,0.2,-1.6,0.1,Los Angeles,California,13258781
Aaron Holiday,23,IND,58,1368,11.7,0.517,0.409,0.145,1.7,8.9,5.3,19.5,1.6,0.8,12.4,19.4,0.4,1.4,1.7,0.06,-1.4,-0.3,-1.7,0.1,Ruston,Louisiana,2239200
Jrue Holiday,29,NOP,55,1922,17.5,0.535,0.34600000000000003,0.183,3.8,10.9,7.3,29.8,2.2,1.9,13.6,24.7,2.1,1.8,4.0,0.099,1.9,0.3,2.3,2.1,Chatsworth,California,26131111
Justin Holiday,30,IND,65,1617,12.7,0.598,0.667,0.13699999999999998,2.1,11.9,7.0,7.1,2.3,2.3,8.0,13.5,1.7,2.2,4.0,0.11699999999999999,0.0,1.7,1.6,1.5,Mission Hills,California,4767000
Rondae Hollis-Jefferson,25,TOR,52,998,15.5,0.5329999999999999,0.057999999999999996,0.43700000000000006,11.0,15.8,13.4,12.9,2.1,2.1,12.2,17.2,1.4,1.8,3.2,0.153,-1.1,1.5,0.5,0.6,Chester,Pennsylvania,2500000
Richaun Holmes,26,SAC,39,1125,20.5,0.685,0.0,0.312,11.5,21.3,16.3,5.4,1.7,4.7,11.8,16.0,3.2,1.5,4.6,0.198,0.6,0.9,1.5,1.0,Lockport,Illinois,4767000
Rodney Hood,27,POR,21,619,12.2,0.625,0.413,0.157,1.7,10.2,6.0,7.1,1.3,0.5,9.4,13.9,0.9,0.2,1.1,0.087,-0.4,-0.5,-0.9,0.2,Meridian,Mississippi,5718000
Talen Horton-Tucker,19,LAL,2,5,14.8,0.0,1.0,0.0,0.0,0.0,0.0,44.9,9.5,0.0,0.0,8.4,0.0,0.0,0.0,0.11,0.6,7.2,7.8,0.0,Chicago,Illinois,898310
Danuel House,26,HOU,58,1739,11.4,0.5710000000000001,0.645,0.17600000000000002,3.4,11.5,7.4,6.1,1.7,1.6,8.6,13.5,1.9,1.6,3.5,0.096,-0.6,0.1,-0.5,0.7,Houston,Texas,3540000
Dwight Howard,34,LAL,62,1193,18.7,0.696,0.019,0.7,14.6,26.8,20.9,4.8,1.1,5.6,17.8,14.5,2.6,2.4,5.0,0.20199999999999999,-0.8,1.4,0.5,0.8,Atlanta,Georgia,3039097
Kevin Huerter,21,ATL,56,1760,11.5,0.536,0.5479999999999999,0.105,2.1,12.0,7.0,17.5,1.4,1.3,12.0,17.1,1.0,0.6,1.6,0.042,-0.6,-0.9,-1.6,0.2,Albany,New York,2636280
De'Andre Hunter,22,ATL,63,2018,8.6,0.521,0.445,0.21100000000000002,2.3,13.1,7.6,8.0,1.0,0.7,12.1,17.5,-0.4,0.5,0.1,0.001,-2.8,-1.8,-4.7,-1.4,Philadelphia,Pennsylvania,7068360
Chandler Hutchison,23,CHI,28,527,12.4,0.521,0.217,0.446,3.6,19.8,11.3,7.4,2.5,1.3,11.4,19.1,0.0,0.7,0.7,0.06,-2.7,0.1,-2.6,-0.1,Mission Viejo,California,2332320
Andre Iguodala,36,MIA,14,259,11.0,0.5589999999999999,0.47100000000000003,0.157,4.5,17.9,11.5,15.1,1.5,6.1,23.8,12.2,0.0,0.4,0.4,0.078,-2.5,1.9,-0.7,0.1,Springfield,Illinois,17185185
Jonathan Isaac,22,ORL,32,949,16.9,0.542,0.28300000000000003,0.22699999999999998,6.2,19.3,12.6,7.0,2.6,7.4,11.7,18.3,0.4,1.9,2.3,0.114,-0.8,2.9,2.0,1.0,The Bronx,New York,5806440
Wesley Iwundu,25,ORL,45,810,9.9,0.521,0.345,0.392,2.9,12.4,7.5,7.9,1.5,1.2,7.3,13.1,0.6,0.8,1.4,0.08,-3.1,0.2,-2.9,-0.2,Houston,Texas,1618520
Frank Jackson,21,NOP,51,656,7.7,0.5,0.467,0.249,3.0,8.4,5.7,8.6,1.1,0.5,13.1,20.4,-0.4,0.3,-0.1,-0.005,-4.0,-2.0,-6.0,-0.7,Washington,District of Columbia,1618520
Jaren Jackson Jr.,20,MEM,54,1512,16.1,0.59,0.485,0.237,3.8,13.7,8.8,7.5,1.1,5.0,10.8,23.9,1.5,1.7,3.1,0.1,0.2,0.0,0.2,0.8,Plainfield,New Jersey,6927480
Josh Jackson,22,MEM,18,357,14.0,0.539,0.465,0.284,3.3,13.5,8.5,12.4,2.4,2.2,12.5,23.2,0.0,0.4,0.5,0.062,-1.1,1.2,0.0,0.2,San Diego,California,7059480
Justin Jackson,24,DAL,58,929,10.0,0.498,0.486,0.141,3.1,12.7,8.0,7.2,0.6,0.9,3.5,15.8,0.7,0.6,1.3,0.066,-1.7,-1.2,-2.9,-0.2,Houston,Texas,3280920
Justin James,23,SAC,34,218,11.5,0.48700000000000004,0.33299999999999996,0.26899999999999996,3.0,12.7,7.8,10.8,1.3,3.9,8.4,19.0,0.0,0.2,0.2,0.037000000000000005,-1.0,0.2,-0.7,0.1,Port St. Lucie,Florida,898310
LeBron James,35,LAL,60,2094,26.0,0.5820000000000001,0.324,0.292,3.1,21.0,12.3,49.7,1.7,1.3,15.3,31.6,6.1,3.4,9.5,0.218,6.8,1.9,8.7,5.7,Akron,Ohio,37436858
Amile Jefferson,26,ORL,18,74,8.9,0.37200000000000005,0.0,1.0,14.0,19.5,16.7,7.2,0.7,3.7,13.0,13.5,0.0,0.1,0.0,0.023,-4.9,-1.0,-5.9,-0.1,Philadelphia,Pennsylvania,1445697
Ty Jerome,22,PHO,28,315,8.1,0.43700000000000006,0.44299999999999995,0.132,2.1,12.6,7.2,18.8,2.1,0.8,13.8,17.6,-0.3,0.3,0.0,-0.002,-3.9,0.0,-3.8,-0.1,New York,New York,2193480
Alize Johnson,23,IND,13,54,10.8,0.51,0.0,0.4,14.4,22.3,18.4,5.0,0.0,0.0,14.5,16.8,0.0,0.1,0.1,0.07,-3.2,-1.6,-4.8,0.0,Williamsport,Pennsylvania,1416852
Cameron Johnson,23,PHO,49,996,12.2,0.5760000000000001,0.705,0.142,4.3,11.5,7.8,7.4,1.4,1.4,7.7,16.0,1.1,0.7,1.8,0.086,0.5,-0.7,-0.2,0.5,Moon Township,Pennsylvania,4033440
James Johnson,32,TOT,32,619,14.8,0.5720000000000001,0.423,0.223,4.3,16.3,10.3,18.4,1.9,4.6,16.9,19.4,0.4,0.8,1.2,0.08900000000000001,-1.1,1.1,0.0,0.3,Cheyenne,Wyoming,15349400
Keldon Johnson,20,SAS,9,92,16.6,0.579,0.161,0.32299999999999995,5.8,14.1,10.0,9.4,2.6,1.0,7.8,18.1,0.2,0.1,0.2,0.11900000000000001,-0.3,-0.6,-0.9,0.0,Chesterfield,Virginia,1950600
Stanley Johnson,23,TOR,20,96,3.1,0.342,0.419,0.19399999999999998,3.4,20.5,12.1,11.0,2.0,2.0,19.2,18.6,-0.3,0.2,-0.1,-0.068,-7.9,1.4,-6.5,-0.1,Los Angeles,California,3623000
Tyler Johnson,27,PHO,31,515,8.1,0.48100000000000004,0.485,0.187,2.1,9.3,5.6,13.5,1.1,1.4,11.5,17.3,-0.2,0.3,0.1,0.011000000000000001,-3.0,-0.7,-3.7,-0.2,Grand Forks,North Dakota,19245370
Damian Jones,24,ATL,55,887,15.5,0.7120000000000001,0.051,0.47200000000000003,8.9,16.2,12.5,5.6,1.4,3.8,11.5,11.4,2.2,0.6,2.8,0.152,-1.6,0.1,-1.4,0.1,Baton Rouge,Louisiana,2305057
Derrick Jones Jr.,22,MIA,51,1249,14.8,0.609,0.39,0.35,5.4,13.5,9.6,6.7,2.1,2.9,6.8,14.1,2.3,1.6,3.9,0.15,-0.4,1.1,0.8,0.9,Chester,Pennsylvania,1645357
Tyus Jones,23,MEM,65,1232,15.7,0.532,0.289,0.135,0.8,7.9,4.4,31.7,2.2,0.4,10.8,17.2,2.0,1.0,3.0,0.115,0.4,0.1,0.6,0.8,Burnsville,Minnesota,8408000
DeAndre Jordan,31,BRK,56,1234,20.0,0.682,0.0,0.425,12.1,34.2,23.4,12.8,0.7,3.5,17.8,14.1,3.0,2.3,5.3,0.204,1.1,1.8,2.8,1.5,Houston,Texas,9881598
Frank Kaminsky,26,PHO,32,718,14.5,0.5539999999999999,0.401,0.315,4.6,20.2,12.2,14.8,0.9,1.2,9.4,20.8,0.8,0.6,1.4,0.092,0.2,-0.3,-0.1,0.3,Lisle,Illinois,4767000
Luke Kennard,23,DET,28,922,14.4,0.589,0.535,0.21899999999999997,1.1,11.1,6.0,19.2,0.6,0.5,10.3,19.8,1.6,0.3,1.9,0.1,1.1,-1.4,-0.3,0.4,Middletown,Ohio,3827160
Stanton Kidd,27,UTA,4,15,-13.7,0.0,0.33299999999999996,0.0,0.0,21.0,11.0,8.0,0.0,0.0,40.0,14.6,-0.1,0.0,-0.1,-0.327,-15.6,-1.3,-16.9,-0.1,Baltimore,Maryland,250000
Michael Kidd-Gilchrist,26,TOT,21,231,4.2,0.401,0.33299999999999996,0.183,5.5,20.3,12.8,8.1,0.4,1.9,16.7,14.8,-0.3,0.2,-0.2,-0.037000000000000005,-6.6,-0.9,-7.5,-0.3,Philadelphia,Pennsylvania,13000000
Brandon Knight,28,TOT,25,462,8.5,0.503,0.784,0.204,1.0,9.1,5.0,21.6,1.1,0.6,17.3,20.6,-0.2,0.1,-0.1,-0.01,-1.8,-2.7,-4.4,-0.3,Miami,Florida,15643750
Kevin Knox,20,NYK,65,1166,8.4,0.47,0.496,0.252,2.5,14.7,8.4,7.4,1.0,2.3,9.2,17.8,-0.5,0.7,0.2,0.006,-3.1,-1.1,-4.2,-0.6,Phoenix,Arizona,4380120
Luke Kornet,24,CHI,36,559,12.7,0.539,0.578,0.15,4.1,12.9,8.3,8.5,0.9,4.4,6.6,16.3,0.5,0.5,1.1,0.091,-0.9,-0.2,-1.1,0.1,Lantana,Texas,2195122
Kyle Korver,38,MIL,50,833,11.2,0.613,0.799,0.131,1.8,10.1,6.2,9.5,1.2,1.3,13.3,15.7,0.8,1.4,2.2,0.125,-0.5,0.7,0.2,0.5,Lakewood,California,3440000
Kyle Kuzma,24,LAL,54,1327,11.6,0.522,0.401,0.221,4.0,15.5,9.9,7.4,0.8,1.4,11.6,23.2,-0.2,1.6,1.4,0.052000000000000005,-2.2,-1.3,-3.5,-0.5,Flint,Michigan,1974600
Jeremy Lamb,27,IND,46,1291,14.1,0.547,0.33,0.23,2.1,14.9,8.5,10.5,2.1,1.5,8.7,19.7,0.9,1.8,2.7,0.099,-1.1,0.7,-0.4,0.5,Henrico,Virginia,10500000
Romeo Langford,20,BOS,27,298,6.0,0.465,0.359,0.359,5.1,6.4,5.8,2.6,1.3,1.9,10.8,11.9,-0.1,0.3,0.2,0.039,-4.5,-0.1,-4.6,-0.2,New Albany,Indiana,3458400
Zach LaVine,24,CHI,60,2085,19.5,0.568,0.40399999999999997,0.27899999999999997,2.1,13.8,7.7,21.7,2.0,1.3,13.3,31.7,1.8,2.2,4.0,0.092,3.3,-0.8,2.5,2.4,Renton,Washington,19500000
Jake Layman,25,MIN,23,505,10.3,0.544,0.402,0.179,3.4,8.7,6.0,4.4,1.6,1.6,11.1,17.7,0.0,0.3,0.3,0.028999999999999998,-2.7,-1.0,-3.7,-0.2,Norwood,Massachusetts,3581986
Jalen Lecque,19,PHO,4,26,5.0,0.46,0.4,0.2,0.0,0.0,0.0,11.1,0.0,0.0,8.4,19.4,0.0,0.0,0.0,-0.042,-5.7,-3.6,-9.3,0.0,New York,New York,898310
Courtney Lee,34,DAL,24,345,10.9,0.629,0.573,0.085,2.2,7.4,4.9,4.7,2.5,1.5,11.4,11.9,0.3,0.4,0.7,0.098,-2.1,1.6,-0.5,0.1,Indianapolis,Indiana,12759670
Damion Lee,27,GSW,49,1423,12.7,0.5479999999999999,0.46799999999999997,0.247,2.4,16.3,9.1,14.4,1.7,0.4,10.6,19.0,0.9,0.8,1.7,0.057999999999999996,-1.5,-0.8,-2.3,-0.1,Baltimore,Maryland,842327
Kawhi Leonard,28,LAC,51,1643,26.7,0.585,0.287,0.344,3.3,19.7,11.7,27.0,2.6,1.7,10.7,33.2,4.6,3.0,7.6,0.222,6.5,2.5,9.0,4.6,Los Angeles,California,32742000
Meyers Leonard,27,MIA,49,987,11.1,0.64,0.534,0.11699999999999999,3.2,24.1,14.1,7.7,0.6,1.5,13.0,12.0,1.0,1.1,2.1,0.10400000000000001,-1.0,0.4,-0.6,0.3,Robinson,Illinois,11286515
Caris LeVert,25,BRK,39,1131,15.1,0.509,0.31,0.264,3.7,10.6,7.2,23.5,1.8,0.5,12.6,28.8,-0.1,1.2,1.2,0.05,0.1,-0.7,-0.6,0.4,Columbus,Ohio,2625718
Damian Lillard,29,POR,58,2140,26.2,0.619,0.493,0.377,1.5,10.5,6.1,34.1,1.3,0.8,11.0,30.2,8.9,0.7,9.6,0.215,7.9,-0.7,7.2,5.0,Oakland,California,29802321
Nassir Little,19,POR,48,573,9.7,0.505,0.391,0.29100000000000004,5.7,13.7,9.8,5.1,1.1,2.1,8.1,13.7,0.3,0.3,0.6,0.05,-2.9,-0.6,-3.5,-0.2,Pensacola,Florida,2105520
Kevon Looney,23,GSW,20,262,9.4,0.40299999999999997,0.177,0.152,11.2,16.3,13.6,11.1,2.2,2.1,12.5,15.7,-0.2,0.2,0.0,0.005,-4.8,-0.8,-5.5,-0.2,Milwaukee,Wisconsin,4464286
Brook Lopez,31,MIL,61,1622,14.0,0.537,0.49700000000000005,0.212,2.7,13.2,8.3,7.8,1.2,8.0,9.2,17.5,0.8,3.9,4.6,0.13699999999999998,-1.1,2.8,1.8,1.5,North Hollywood,California,12093024
Robin Lopez,31,MIL,60,862,11.1,0.565,0.35200000000000004,0.158,6.3,10.2,8.4,6.4,0.5,4.1,15.6,16.6,0.2,1.5,1.7,0.095,-2.4,0.5,-1.9,0.0,North Hollywood,California,4767000
Kevin Love,31,CLE,56,1780,17.9,0.599,0.536,0.301,3.3,31.1,17.1,15.4,0.9,0.9,14.5,23.1,2.5,1.2,3.8,0.102,2.6,-0.6,2.1,1.8,Santa Monica,California,28900000
Kyle Lowry,33,TOR,52,1901,17.9,0.589,0.583,0.39899999999999997,1.7,12.0,7.0,31.0,1.8,1.1,15.0,23.1,4.1,2.8,6.9,0.17300000000000001,2.5,0.7,3.2,2.5,Philadelphia,Pennsylvania,33296296
J.P. Macura,24,CLE,1,1,0.0,0.0,0.0,0.0,0.0,0.0,0.0,0.0,0.0,0.0,0.0,0.0,0.0,0.0,0.0,-0.023,-5.1,-1.2,-6.3,0.0,Lakeville,Minnesota,81678
Josh Magette,30,ORL,8,38,5.1,0.37799999999999995,0.267,0.133,2.7,14.6,8.5,19.2,3.9,2.4,23.9,23.8,-0.2,0.1,-0.1,-0.126,-8.0,1.6,-6.4,0.0,Birmingham,Alabama,81678
Terance Mann,23,LAC,35,271,7.1,0.47200000000000003,0.222,0.222,1.6,10.8,6.3,17.9,1.4,1.6,19.1,11.2,0.0,0.3,0.3,0.057,-4.7,1.2,-3.5,-0.1,Brooklyn,New York,1000000
Wesley Matthews,33,MIL,62,1529,8.4,0.545,0.691,0.157,1.4,8.5,5.2,7.4,1.1,0.5,8.7,12.7,0.8,2.4,3.1,0.099,-2.5,0.8,-1.7,0.1,San Antonio,Texas,2564753
Patrick McCaw,24,TOR,37,908,7.3,0.5,0.43799999999999994,0.111,2.3,7.6,5.0,11.4,2.0,0.4,14.6,9.4,0.2,1.2,1.4,0.073,-3.6,1.8,-1.8,0.0,St. Louis,Missouri,4000000
CJ McCollum,28,POR,62,2229,17.4,0.5429999999999999,0.37799999999999995,0.135,1.9,9.7,5.9,19.3,1.0,1.5,8.3,26.7,3.1,0.6,3.7,0.079,2.5,-1.7,0.9,1.6,Canton,Ohio,27556959
T.J. McConnell,27,IND,63,1188,16.2,0.541,0.040999999999999995,0.099,3.0,12.1,7.6,37.2,1.8,0.8,18.5,17.2,1.6,1.4,2.9,0.11900000000000001,0.1,0.2,0.3,0.7,Pittsburgh,Pennsylvania,3500000
Jalen McDaniels,22,CHO,16,293,10.7,0.574,0.34299999999999997,0.243,5.4,19.4,12.1,6.8,1.4,0.9,12.4,13.3,0.2,0.2,0.5,0.078,-3.3,0.0,-3.3,-0.1,Federal Way,Washington,898310
Doug McDermott,28,IND,62,1242,14.3,0.626,0.54,0.106,2.1,11.7,6.9,8.3,0.4,0.3,7.2,19.6,2.1,0.9,3.0,0.115,1.5,-1.5,0.0,0.6,Grand Forks,North Dakota,7333334
JaVale McGee,32,LAL,61,1023,20.0,0.655,0.021,0.265,12.1,25.2,18.8,4.7,1.4,7.9,12.9,15.0,2.2,2.3,4.5,0.21100000000000002,-0.3,2.3,2.1,1.1,Flint,Michigan,4000000
Rodney McGruder,28,LAC,50,749,6.5,0.47200000000000003,0.506,0.179,3.7,13.7,8.8,5.1,1.4,0.9,11.1,10.5,-0.1,1.0,0.8,0.054000000000000006,-3.8,0.8,-3.0,-0.2,Landover,Maryland,4629630
Alfonzo McKinnie,27,CLE,40,593,8.7,0.493,0.38,0.18100000000000002,6.9,14.4,10.6,3.3,1.9,1.2,12.3,15.2,-0.2,0.3,0.2,0.013999999999999999,-4.4,-0.9,-5.3,-0.5,Chicago,Illinois,1361046
Ben McLemore,26,HOU,63,1437,11.7,0.622,0.83,0.132,1.5,8.7,5.1,5.3,1.2,0.7,8.5,15.6,2.1,0.9,3.0,0.1,0.0,-0.7,-0.7,0.5,St. Louis,Missouri,2028594
Jordan McRae,28,TOT,37,784,14.2,0.515,0.344,0.298,2.4,15.4,8.7,17.7,1.3,1.8,9.4,24.4,0.4,0.3,0.7,0.043,0.0,-1.6,-1.5,0.1,Savannah,Georgia,1645357
De'Anthony Melton,21,MEM,52,1011,14.6,0.525,0.331,0.3,3.9,15.9,10.0,20.9,3.0,1.5,16.3,19.6,0.4,1.4,1.8,0.086,-1.6,1.8,0.3,0.6,North Hollywood,California,1416852
Chimezie Metu,22,SAS,16,73,25.4,0.597,0.028999999999999998,0.22899999999999998,14.7,23.7,19.2,13.9,0.7,4.8,11.5,25.9,0.2,0.1,0.2,0.159,3.8,-0.8,3.0,0.1,Los Angeles,California,1416852
Khris Middleton,28,MIL,55,1653,21.4,0.619,0.374,0.231,2.5,17.0,10.2,21.0,1.4,0.4,10.8,26.2,4.3,3.1,7.4,0.214,3.4,0.9,4.4,2.7,Charleston,South Carolina,30603448
C.J. Miles,32,WAS,10,161,11.0,0.47200000000000003,0.593,0.33899999999999997,2.6,5.7,4.1,9.9,2.9,2.2,5.6,18.6,0.0,0.1,0.1,0.033,-1.8,0.0,-1.9,0.0,Dallas,Texas,8730158
Malcolm Miller,26,TOR,25,125,4.7,0.43200000000000005,0.792,0.25,0.9,10.8,5.9,8.3,1.5,1.5,10.1,10.1,-0.1,0.2,0.1,0.037000000000000005,-4.3,1.4,-2.9,0.0,Gaithersburg,Maryland,1588231
Paul Millsap,34,DEN,44,1075,17.7,0.598,0.282,0.326,9.0,17.9,13.5,9.5,1.7,2.4,12.1,20.3,2.0,1.4,3.4,0.151,0.6,0.0,0.6,0.7,Monroe,Louisiana,30500000
Shake Milton,23,PHI,32,611,15.2,0.633,0.488,0.235,2.0,10.3,6.1,17.4,1.5,0.8,13.7,19.6,1.1,0.6,1.7,0.134,0.3,-0.6,-0.3,0.3,Owasso,Oklahoma,1445697
Donovan Mitchell,23,UTA,63,2165,19.1,0.56,0.34700000000000003,0.235,2.3,11.2,7.0,21.2,1.5,0.5,10.9,31.0,3.0,2.2,5.2,0.115,2.4,-0.5,1.9,2.1,Elmsford,New York,3635760
Malik Monk,21,CHO,55,1169,12.7,0.53,0.418,0.205,2.4,12.6,7.3,16.6,1.1,1.3,12.6,22.9,0.1,0.6,0.7,0.027999999999999997,-1.0,-1.3,-2.3,-0.1,Jonesboro,Arkansas,4028400
E'Twaun Moore,30,NOP,51,958,11.1,0.509,0.39,0.105,3.2,10.4,6.8,10.9,1.4,0.9,8.1,19.9,0.2,0.6,0.8,0.042,-2.0,-1.0,-2.9,-0.2,East Chicago,Indiana,8664928
Ja Morant,20,MEM,59,1771,18.0,0.568,0.174,0.331,2.7,9.5,6.2,34.6,1.4,0.7,17.2,26.0,2.2,1.2,3.4,0.09300000000000001,1.6,-1.3,0.4,1.1,Dalzell,South Carolina,8730240
Juwan Morgan,22,UTA,16,74,8.8,0.5589999999999999,0.294,0.0,7.8,19.8,14.1,3.8,0.0,1.1,15.0,11.9,0.0,0.1,0.1,0.066,-2.9,-0.4,-3.3,0.0,Waynesville,Missouri,746054
Marcus Morris,30,TOT,55,1727,14.8,0.5670000000000001,0.43200000000000005,0.27899999999999997,3.3,14.2,8.6,6.9,1.2,1.4,9.5,22.8,2.0,1.2,3.2,0.08800000000000001,0.9,-0.8,0.1,0.9,Philadelphia,Pennsylvania,15000000
Markieff Morris,30,TOT,52,1106,12.4,0.568,0.494,0.195,3.4,17.0,10.2,10.4,1.2,1.2,14.0,21.1,0.4,0.8,1.2,0.053,-1.2,-0.9,-2.1,0.0,Philadelphia,Pennsylvania,2241808
Monte Morris,24,DEN,65,1402,14.9,0.537,0.298,0.128,1.6,7.3,4.4,23.3,1.9,1.1,8.1,17.2,2.2,1.2,3.4,0.11699999999999999,0.2,-0.1,0.1,0.8,Grand Rapids,Michigan,1588231
Dejounte Murray,23,SAS,58,1447,17.1,0.535,0.168,0.175,5.0,20.0,12.5,23.7,3.3,1.0,15.7,20.6,0.9,1.7,2.6,0.087,-0.5,1.5,1.0,1.1,Seattle,Washington,2321735
Mike Muscala,28,OKC,41,492,12.2,0.56,0.755,0.138,3.0,17.7,10.6,9.8,0.8,1.9,7.7,16.4,0.5,0.5,1.0,0.102,-0.1,-0.1,-0.2,0.2,St. Louis Park,Minnesota,2028594
Larry Nance Jr.,27,CLE,56,1472,17.3,0.608,0.369,0.172,7.9,23.1,15.4,12.3,1.9,1.3,11.5,15.2,2.8,1.1,3.9,0.128,1.4,0.3,1.8,1.4,Akron,Ohio,12727273
Shabazz Napier,28,TOT,51,1234,14.5,0.555,0.5379999999999999,0.341,2.1,10.8,6.3,29.1,2.5,0.6,18.9,19.6,1.1,0.8,1.9,0.075,-0.3,-0.2,-0.5,0.5,Roxbury,Massachusetts,1882867
Malik Newman,22,CLE,1,4,-11.3,0.34700000000000003,0.5,1.0,0.0,0.0,0.0,0.0,0.0,0.0,25.8,41.5,0.0,0.0,0.0,-0.503,-14.5,-11.3,-25.9,0.0,Shreveport,Louisiana,50752
Georges Niang,26,UTA,58,772,12.4,0.612,0.698,0.083,1.8,13.2,7.7,6.7,0.8,0.5,8.6,17.1,1.0,0.7,1.7,0.105,0.9,-0.4,0.5,0.5,Lawrence,Massachusetts,1678854
Nerlens Noel,25,OKC,55,1014,21.7,0.7140000000000001,0.012,0.386,9.3,20.0,14.8,7.9,2.7,6.9,15.4,15.3,2.7,2.1,4.8,0.225,0.5,3.4,4.0,1.5,Malden,Massachusetts,2028594
Zach Norvell,22,TOT,5,41,2.6,0.402,0.667,0.083,0.0,16.3,7.9,10.2,2.3,0.0,19.4,16.1,-0.1,0.0,-0.1,-0.084,-7.1,-1.2,-8.3,-0.1,Chicago,Illinois,50752
Jaylen Nowell,20,MIN,15,151,10.5,0.47100000000000003,0.491,0.321,2.0,7.3,4.5,17.8,0.9,0.6,4.7,17.3,0.1,0.0,0.2,0.051,-2.9,-0.8,-3.7,-0.1,Seattle,Washington,1400000
Kendrick Nunn,24,MIA,62,1846,13.5,0.545,0.426,0.10800000000000001,1.2,8.7,5.1,18.7,1.4,0.6,10.2,23.7,1.0,1.4,2.4,0.064,-0.7,-1.3,-2.0,0.0,Chicago,Illinois,1416852
David Nwaba,27,BRK,20,268,14.0,0.627,0.39399999999999996,0.38,3.2,13.9,8.6,4.4,1.9,3.7,8.8,14.2,0.4,0.4,0.8,0.142,-1.1,2.0,1.0,0.2,Los Angeles,California,1678854
Royce O'Neale,26,UTA,64,1862,9.3,0.584,0.657,0.153,1.4,17.8,10.0,11.5,1.2,1.3,12.7,9.3,1.8,2.2,4.0,0.10400000000000001,-1.3,2.1,0.8,1.3,Killeen,Texas,1618520
Kyle O'Quinn,29,PHI,26,258,18.1,0.541,0.319,0.264,13.7,28.3,21.0,19.1,0.9,7.3,18.3,16.5,0.3,0.5,0.8,0.155,-0.7,2.2,1.5,0.2,Queens,New York,2028594
Semi Ojeleye,25,BOS,61,891,7.6,0.557,0.616,0.17600000000000002,2.9,11.9,7.5,4.5,1.0,0.5,6.5,8.8,0.8,0.9,1.7,0.091,-2.1,0.5,-1.6,0.1,Overland Park,Kansas,1618520
Jahlil Okafor,24,NOP,28,424,17.8,0.631,0.013999999999999999,0.40299999999999997,11.4,18.2,14.8,12.6,0.8,3.7,17.5,19.8,0.7,0.4,1.1,0.129,-0.8,0.6,-0.2,0.2,Chicago,Illinois,1702486
KZ Okpala,20,MIA,5,26,13.7,0.595,0.2,0.4,4.5,16.6,10.8,5.5,3.8,3.8,14.5,11.7,0.0,0.0,0.1,0.11900000000000001,-1.2,4.0,2.7,0.0,Orange County,California,898310
Victor Oladipo,27,IND,13,337,12.0,0.5,0.429,0.255,2.3,11.0,6.7,16.9,1.6,0.8,13.5,27.0,-0.3,0.4,0.1,0.008,-1.7,-1.3,-3.0,-0.1,Silver Spring,Maryland,21000000
Miye Oni,22,UTA,5,11,-9.9,0.0,0.5,0.0,0.0,19.1,10.0,0.0,0.0,0.0,33.3,12.0,-0.1,0.0,-0.1,-0.285,-12.7,-4.6,-17.3,0.0,Los Angeles,California,898310
Kelly Oubre Jr.,24,PHO,56,1933,14.9,0.56,0.37200000000000005,0.298,3.8,17.3,10.4,6.7,1.7,1.8,8.2,22.4,1.7,1.9,3.6,0.09,-0.3,-0.4,-0.6,0.7,New Orleans,Louisiana,15625000
Jeremy Pargo,33,GSW,3,44,12.7,0.557,0.318,0.045,2.4,5.1,3.7,33.2,1.1,0.0,15.1,25.7,0.0,0.0,0.0,0.011000000000000001,-2.8,-3.1,-5.9,0.0,Chicago,Illinois,91557
Jabari Parker,24,TOT,33,852,17.0,0.561,0.29100000000000004,0.185,6.7,18.1,12.3,11.7,2.3,1.5,12.2,24.0,0.5,0.7,1.2,0.066,0.2,-0.4,-0.1,0.4,Chicago,Illinois,6500000
Chandler Parsons,31,ATL,5,54,5.6,0.389,0.778,0.0,2.0,12.1,7.0,7.5,3.5,1.6,14.3,16.1,-0.1,0.0,-0.1,-0.066,-4.7,-1.3,-6.0,-0.1,Casselberry,Florida,25102511
Eric Paschall,23,GSW,60,1654,14.5,0.5710000000000001,0.20199999999999999,0.331,5.2,13.1,9.0,12.7,0.9,0.7,11.4,21.4,1.6,0.5,2.1,0.062,-0.7,-2.0,-2.7,-0.3,North Tarrytown,New York,898310
Patrick Patterson,30,LAC,51,607,11.7,0.5760000000000001,0.755,0.18100000000000002,5.2,15.1,10.3,6.9,0.5,0.4,8.1,15.1,0.9,0.6,1.5,0.11800000000000001,0.9,-0.5,0.4,0.4,Washington,District of Columbia,2331593
Justin Patton,22,OKC,5,24,4.7,0.45,0.4,0.0,4.8,17.9,11.6,12.5,0.0,0.0,16.7,22.1,0.0,0.0,0.0,-0.066,-6.9,-3.3,-10.1,-0.1,Omaha,Georgia,1620564
Elfrid Payton,25,NYK,45,1246,16.0,0.47,0.157,0.195,4.3,14.1,9.1,38.6,2.7,1.3,16.7,19.5,0.5,1.2,1.7,0.065,-0.3,0.3,0.0,0.6,Gretna,Louisiana,8000000
Gary Payton II,27,WAS,29,432,11.3,0.473,0.397,0.069,6.3,14.3,10.2,14.7,3.6,1.4,14.3,13.4,0.1,0.4,0.4,0.049,-3.1,1.5,-1.6,0.0,Seattle,Washington,1090781
Mason Plumlee,29,DEN,53,900,19.1,0.615,0.016,0.556,11.0,23.9,17.4,20.0,1.6,3.4,18.9,18.4,1.7,1.3,3.0,0.162,0.2,2.0,2.2,1.0,Fort Wayne,Indiana,14041096
Jordan Poole,20,GSW,57,1274,7.2,0.45399999999999996,0.528,0.237,0.7,9.6,5.0,15.8,1.3,0.7,11.8,21.1,-1.6,0.4,-1.2,-0.047,-4.4,-2.2,-6.6,-1.5,Milwaukee,Wisconsin,1964760
Kevin Porter Jr.,19,CLE,50,1162,10.8,0.535,0.375,0.24,2.1,13.5,7.7,13.9,1.9,1.0,16.7,20.5,-0.3,0.6,0.3,0.011000000000000001,-3.2,-0.6,-3.7,-0.5,Seattle,Washington,1290960
Michael Porter Jr.,21,DEN,48,670,18.5,0.589,0.358,0.151,8.8,24.3,16.5,8.0,1.5,2.6,10.3,22.0,1.0,0.9,2.0,0.141,1.4,-0.7,0.8,0.5,Columbia,Missouri,3389400
Otto Porter,26,CHI,14,331,15.8,0.55,0.44299999999999995,0.193,4.1,12.3,8.0,11.9,2.2,1.7,6.8,21.0,0.4,0.4,0.8,0.11199999999999999,0.9,0.2,1.0,0.3,St. Louis,Missouri,27250576
Bobby Portis,24,NYK,66,1393,14.6,0.53,0.317,0.158,6.0,20.4,12.9,11.1,1.1,1.2,10.4,21.4,0.9,1.0,1.9,0.064,0.1,-1.1,-1.0,0.3,Little Rock,Arkansas,15000000
Norman Powell,26,TOR,44,1269,17.4,0.629,0.457,0.252,2.0,11.2,6.7,9.7,2.1,1.3,10.0,21.5,2.2,1.9,4.2,0.157,1.4,0.9,2.3,1.4,San Diego,California,10116576
Chasson Randle,26,GSW,3,40,6.7,0.377,0.5,1.5,0.0,5.6,2.7,15.7,2.4,0.0,0.0,7.1,0.0,0.0,0.0,0.044000000000000004,-5.9,0.1,-5.8,0.0,Rock Island,Illinois,91557
Julius Randle,25,NYK,64,2080,17.5,0.5379999999999999,0.23,0.35,7.5,24.9,16.0,15.8,1.2,1.0,14.3,27.6,1.0,1.7,2.7,0.062,0.7,-1.0,-0.3,0.9,Dallas,Texas,18000000
Cam Reddish,20,ATL,58,1551,9.0,0.5,0.451,0.22699999999999998,2.4,12.7,7.5,8.0,1.9,1.5,13.6,18.9,-1.2,0.8,-0.4,-0.011000000000000001,-3.2,-1.0,-4.2,-0.9,Norristown,Pennsylvania,4245720
Naz Reid,20,MIN,30,495,15.3,0.505,0.39899999999999997,0.218,7.0,19.9,13.2,11.2,1.8,3.7,7.6,24.0,0.2,0.6,0.8,0.07400000000000001,-1.6,-0.3,-1.9,0.0,Asbury Park,New Jersey,898310
Josh Richardson,26,PHI,48,1474,12.1,0.526,0.373,0.223,2.8,9.4,6.1,14.8,1.5,2.0,12.6,21.1,0.3,1.6,1.9,0.062,-1.5,-0.2,-1.7,0.1,Edmond,Oklahoma,10100000
Austin Rivers,27,HOU,60,1402,10.3,0.5379999999999999,0.537,0.20800000000000002,1.9,8.8,5.3,9.5,1.4,0.6,6.9,14.9,1.3,1.0,2.2,0.077,-1.9,-0.4,-2.3,-0.1,Santa Monica,California,2174318
Duncan Robinson,25,MIA,65,1949,12.8,0.6779999999999999,0.8859999999999999,0.086,0.5,11.2,6.1,7.0,0.9,0.8,8.6,15.8,3.2,1.5,4.7,0.11599999999999999,1.2,-0.9,0.3,1.1,York,Maine,1416852
Glenn Robinson III,26,TOT,60,1743,13.4,0.5760000000000001,0.33,0.14400000000000002,4.7,11.7,8.1,8.6,1.5,0.8,7.9,16.4,2.0,0.8,2.8,0.077,-0.5,-1.1,-1.6,0.2,Gary,Indiana,1882867
Justin Robinson,22,WAS,9,49,8.2,0.542,0.41700000000000004,0.0,2.2,9.3,5.6,18.6,0.0,1.8,20.0,12.7,0.0,0.0,0.0,0.006,-2.6,-3.1,-5.7,0.0,Manassas,Virginia,395866
Mitchell Robinson,21,NYK,61,1412,23.5,0.726,0.0,0.434,13.7,18.8,16.2,3.9,1.8,8.0,8.3,13.3,4.8,2.0,6.8,0.23,1.6,1.3,3.0,1.8,Pensacola,Florida,1559712
Isaiah Roby,21,OKC,3,11,-7.7,0.0,0.0,0.0,0.0,19.5,10.1,0.0,0.0,0.0,50.0,8.0,-0.1,0.0,0.0,-0.191,-12.0,-3.5,-15.5,0.0,Dixon,Illinois,1500000
Rajon Rondo,33,LAL,48,984,12.4,0.494,0.381,0.125,2.6,12.9,7.9,32.4,1.9,0.2,20.8,18.7,0.2,1.3,1.5,0.073,-1.1,0.0,-1.2,0.2,Louisville,Kentucky,2564753
Derrick Rose,31,DET,50,1298,21.1,0.555,0.195,0.185,2.3,8.3,5.3,40.5,1.5,1.0,13.4,31.6,1.9,0.6,2.5,0.09300000000000001,4.0,-1.7,2.2,1.4,Chicago,Illinois,7317073
Terrence Ross,28,ORL,63,1723,14.2,0.5479999999999999,0.584,0.207,0.8,12.3,6.3,6.8,2.0,1.2,6.8,22.8,1.0,1.8,2.9,0.08,0.0,-0.3,-0.4,0.7,Portland,Oregon,12500000
Terry Rozier,25,CHO,63,2164,14.9,0.5529999999999999,0.45,0.20199999999999999,2.4,11.8,7.0,20.4,1.4,0.4,12.1,23.7,1.9,1.1,3.0,0.067,0.8,-1.3,-0.4,0.8,Youngstown,Ohio,19894737
D'Angelo Russell,23,TOT,45,1452,18.7,0.556,0.509,0.235,1.2,12.3,6.6,35.2,1.6,0.8,13.6,31.5,1.1,0.7,1.8,0.06,3.8,-1.9,1.9,1.4,Louisville,Kentucky,27285000
Domantas Sabonis,23,IND,62,2159,20.7,0.586,0.079,0.349,9.7,29.5,19.7,21.7,1.1,1.2,14.8,23.4,4.2,3.3,7.6,0.168,2.1,1.1,3.2,2.9,Portland,Oregon,3529555
JaKarr Sampson,26,IND,26,340,11.8,0.607,0.16,0.247,4.9,14.2,9.6,3.6,1.3,2.3,7.2,12.5,0.4,0.4,0.8,0.11699999999999999,-2.7,0.8,-1.8,0.0,Cleveland,Ohio,1737145
Mike Scott,31,PHI,63,1119,10.2,0.539,0.639,0.094,5.7,16.5,11.1,5.9,0.8,0.4,6.7,13.8,1.0,1.1,2.1,0.08900000000000001,-1.2,-1.1,-2.3,-0.1,Chesapeake,Virginia,4767000
Collin Sexton,21,CLE,65,2143,16.3,0.56,0.235,0.24600000000000002,3.1,7.5,5.3,15.1,1.5,0.3,11.6,27.2,2.2,0.3,2.5,0.057,0.3,-2.1,-1.8,0.1,Marietta,Georgia,4764960
Landry Shamet,22,LAC,47,1294,9.2,0.599,0.764,0.179,0.5,6.5,3.6,9.0,0.7,0.6,8.7,13.3,1.7,1.0,2.7,0.1,-1.4,-0.2,-1.6,0.1,Kansas City,Missouri,1995120
Iman Shumpert,29,BRK,13,241,5.3,0.40299999999999997,0.516,0.109,3.9,10.4,7.3,6.8,2.4,0.7,13.0,13.4,-0.3,0.3,0.0,-0.001,-6.4,0.8,-5.6,-0.2,Oak Park,Illinois,419443
Anfernee Simons,20,POR,65,1400,9.3,0.506,0.41700000000000004,0.175,1.9,8.9,5.4,9.4,0.9,0.6,9.7,19.0,0.1,0.2,0.3,0.01,-2.5,-1.8,-4.4,-0.8,Longwood,Florida,2149560
Marcus Smart,25,BOS,53,1721,14.0,0.519,0.5820000000000001,0.201,2.5,10.1,6.4,21.0,2.4,1.5,11.5,19.3,1.7,2.4,4.1,0.115,0.2,1.3,1.6,1.5,Flower Mound,Texas,12553471
Zhaire Smith,20,PHI,7,32,1.1,0.313,0.273,0.364,0.0,6.9,3.5,8.3,4.6,0.0,13.6,19.9,-0.1,0.1,-0.1,-0.11800000000000001,-10.8,0.8,-10.0,-0.1,Garland,Texas,3058800
Tony Snell,28,DET,59,1641,9.7,0.598,0.665,0.084,0.6,7.1,3.8,10.9,1.0,0.8,7.3,11.4,2.1,0.5,2.6,0.076,-1.1,-0.6,-1.8,0.1,Los Angeles,California,11392857
Omari Spellman,22,GSW,49,886,14.4,0.551,0.373,0.312,9.1,18.0,13.4,8.1,1.8,2.4,13.9,18.8,0.5,0.7,1.2,0.065,-0.7,-1.0,-1.7,0.1,Cleveland,Ohio,1897800
Max Strus,23,CHI,2,6,30.7,0.727,0.33299999999999996,0.33299999999999996,17.5,0.0,9.2,0.0,0.0,0.0,0.0,24.4,0.0,0.0,0.0,0.317,5.4,-1.0,4.4,0.0,Hickory Hills,Illinois,415414
Edmond Sumner,24,IND,25,345,10.0,0.485,0.342,0.135,3.2,8.6,5.9,15.4,2.1,2.0,13.9,17.4,-0.1,0.4,0.3,0.039,-3.6,0.4,-3.1,-0.1,Detroit,Michigan,2000000
Caleb Swanigan,22,TOT,27,288,7.6,0.597,0.043,0.36200000000000004,9.9,26.1,18.1,14.0,0.5,2.1,40.4,13.5,-0.2,0.2,0.0,0.006999999999999999,-6.3,0.2,-6.0,-0.3,Indianapolis,Indiana,2033160
Jayson Tatum,21,BOS,59,2043,20.3,0.562,0.377,0.251,3.0,18.8,11.0,14.0,2.0,2.4,9.7,28.6,2.9,3.4,6.2,0.147,3.3,0.6,3.9,3.0,St. Louis,Missouri,7830000
Jeff Teague,31,TOT,59,1464,14.6,0.557,0.239,0.40299999999999997,1.9,8.6,5.2,30.7,1.4,1.1,16.8,19.5,1.9,0.6,2.5,0.08199999999999999,-0.2,-1.3,-1.5,0.2,Indianapolis,Indiana,19000000
Garrett Temple,33,BRK,55,1547,10.3,0.507,0.66,0.139,1.9,10.5,6.3,13.1,1.3,1.4,9.3,16.6,0.5,1.6,2.1,0.065,-1.5,0.4,-1.1,0.4,Baton Rouge,Louisiana,4767000
Isaiah Thomas,30,WAS,40,925,11.6,0.531,0.444,0.17800000000000002,1.3,7.0,4.0,23.2,0.7,0.6,14.4,24.1,0.2,-0.1,0.0,0.001,-0.5,-3.9,-4.4,-0.6,Tacoma,Washington,2320044
Khyri Thomas,23,DET,8,61,3.2,0.45299999999999996,0.8240000000000001,0.235,1.8,0.0,0.9,6.7,2.4,0.0,13.8,15.6,-0.1,0.0,0.0,-0.038,-6.1,-1.8,-7.9,-0.1,Omaha,Nebraska,838464
Matt Thomas,25,TOR,33,321,13.6,0.65,0.6759999999999999,0.09,2.4,13.2,7.9,7.9,1.2,0.0,9.4,17.0,0.5,0.4,0.9,0.13699999999999998,1.0,0.4,1.4,0.3,Decatur,Illinois,898310
Matisse Thybulle,22,PHI,57,1110,9.8,0.53,0.607,0.175,3.5,5.1,4.3,8.3,3.5,3.1,15.1,11.6,0.1,1.8,1.9,0.084,-3.0,3.1,0.1,0.6,Scottsdale,Arizona,2582160
Anthony Tolliver,34,TOT,47,732,6.6,0.49700000000000005,0.7809999999999999,0.161,4.3,14.5,9.5,5.7,1.0,1.3,15.3,11.4,-0.1,0.4,0.3,0.018000000000000002,-3.1,-0.7,-3.8,-0.3,Springfield,Missouri,2419852
Juan Toscano-Anderson,26,GSW,13,272,9.4,0.529,0.365,0.079,3.5,17.8,10.4,13.8,2.3,1.7,19.7,12.7,-0.1,0.2,0.2,0.03,-3.9,0.4,-3.5,-0.1,Oakland,California,350189
Karl-Anthony Towns,24,MIN,35,1187,26.5,0.642,0.445,0.363,8.1,26.1,16.8,22.8,1.3,2.9,13.2,28.8,3.8,1.3,5.1,0.205,7.0,0.8,7.8,2.9,Edison,New Jersey,27250000
Gary Trent Jr.,21,POR,53,1059,11.8,0.555,0.574,0.10300000000000001,2.0,6.6,4.3,6.5,1.8,1.0,4.9,15.4,1.2,0.4,1.6,0.071,-0.5,-0.6,-1.1,0.3,Columbus,Ohio,1416852
Allonzo Trier,24,NYK,24,291,14.5,0.62,0.5,0.406,2.1,8.7,5.3,14.8,0.5,1.3,15.0,21.4,0.5,0.1,0.5,0.087,1.0,-1.5,-0.5,0.1,Seattle,Washington,3551100
Evan Turner,31,ATL,19,251,6.8,0.424,0.075,0.209,3.4,13.0,8.2,20.6,1.7,2.7,26.2,16.4,-0.5,0.1,-0.3,-0.064,-4.9,-0.7,-5.6,-0.2,Chicago,Illinois,18606557
Myles Turner,23,IND,55,1628,14.7,0.561,0.44299999999999995,0.27899999999999997,4.8,19.5,12.2,5.1,1.3,6.5,10.5,17.5,1.0,2.8,3.7,0.111,-0.9,1.1,0.2,0.9,Bedford,Texas,18000000
Jarrod Uthoff,26,MEM,4,14,-0.1,0.254,0.5710000000000001,0.28600000000000003,7.6,0.0,3.7,0.0,3.3,0.0,0.0,23.4,-0.1,0.0,0.0,-0.16699999999999998,-11.0,-2.5,-13.5,0.0,Cedar Rapids,Iowa,81678
Denzel Valentine,26,CHI,36,488,13.0,0.511,0.578,0.034,1.9,15.5,8.4,14.2,2.6,1.2,9.8,23.3,-0.1,0.6,0.5,0.048,-0.7,0.2,-0.5,0.2,Lansing,Michigan,3377569
Jarred Vanderbilt,20,TOT,11,46,7.6,0.6759999999999999,0.125,0.25,7.3,14.5,10.8,5.9,3.2,2.0,44.1,14.9,-0.1,0.1,0.0,-0.02,-6.6,0.6,-5.9,0.0,Houston,Texas,1416852
Fred VanVleet,25,TOR,48,1719,16.0,0.546,0.48200000000000004,0.237,1.1,9.7,5.5,27.4,2.5,0.7,12.4,22.0,2.2,2.7,4.9,0.136,1.0,1.3,2.3,1.8,Rockford,Illinois,9000000
Noah Vonleh,24,TOT,33,364,15.6,0.621,0.16899999999999998,0.337,10.4,25.9,17.9,10.7,1.4,1.4,17.0,14.0,0.6,0.4,1.0,0.126,-1.2,0.3,-0.8,0.1,Salem,Massachusetts,2000000
Dean Wade,23,CLE,12,71,13.9,0.7440000000000001,0.308,0.077,4.6,25.3,14.9,4.0,1.4,4.8,18.2,9.9,0.1,0.1,0.2,0.10400000000000001,-1.7,0.5,-1.2,0.0,Wichita,Kansas,375000
Dion Waiters,28,MIA,3,42,13.5,0.53,0.654,0.038,0.0,28.2,14.7,12.4,0.0,4.7,10.2,30.9,-0.1,0.1,0.0,-0.001,2.4,-0.6,1.8,0.0,Philadelphia,Pennsylvania,12100000
Kemba Walker,29,BOS,50,1592,20.2,0.569,0.526,0.27,2.2,11.4,6.9,24.6,1.4,1.5,10.3,27.8,3.5,1.9,5.4,0.163,5.0,-0.2,4.7,2.7,The Bronx,New York,32742000
Lonnie Walker,21,SAS,53,767,11.0,0.515,0.266,0.19899999999999998,2.8,13.4,8.1,8.4,1.8,1.5,9.6,18.2,0.0,0.5,0.5,0.027999999999999997,-2.5,-0.7,-3.2,-0.2,Reading,Pennsylvania,2760480
Derrick Walton,24,TOT,26,248,8.7,0.617,0.615,0.231,0.9,5.7,3.4,13.9,1.4,0.0,10.4,8.1,0.4,0.2,0.6,0.11199999999999999,-2.3,1.3,-1.1,0.1,Detroit,Michigan,1445697
Brad Wanamaker,30,BOS,63,1215,11.8,0.56,0.28300000000000003,0.365,1.7,9.2,5.5,17.6,2.1,0.9,15.9,15.4,1.2,1.5,2.7,0.10800000000000001,-2.5,1.2,-1.3,0.2,Philadelphia,Pennsylvania,1445697
P.J. Washington,21,CHO,58,1759,12.4,0.547,0.39,0.231,3.5,16.6,9.8,11.3,1.5,2.3,12.5,18.6,0.5,1.4,2.0,0.054000000000000006,-1.7,0.1,-1.6,0.2,Louisville,Kentucky,3831840
Paul Watson,25,TOT,5,25,-0.5,0.055999999999999994,0.5,0.25,0.0,17.0,8.5,23.9,1.9,3.9,0.0,14.8,-0.1,0.0,-0.1,-0.18100000000000002,-8.0,0.8,-7.3,0.0,Phoenix,Arizona,50752
Russell Westbrook,31,HOU,53,1905,21.5,0.539,0.168,0.289,5.1,18.4,11.7,35.0,2.1,0.8,14.9,34.4,2.1,2.3,4.3,0.109,1.9,-0.1,1.8,1.8,Long Beach,California,38178000
Derrick White,25,SAS,61,1468,15.9,0.585,0.345,0.377,2.2,12.0,7.1,19.5,1.3,3.3,12.2,18.2,2.5,0.9,3.4,0.11,0.7,0.2,0.9,1.1,Parker,Colorado,1948080
Grant Williams,21,BOS,62,970,8.0,0.508,0.44299999999999995,0.266,6.5,11.7,9.1,8.3,1.4,3.1,17.7,11.5,0.2,1.3,1.5,0.075,-4.0,1.4,-2.6,-0.1,Houston,Texas,2379840
Kenrich Williams,25,NOP,35,779,7.6,0.43,0.6709999999999999,0.168,6.6,17.5,12.0,8.3,1.5,2.2,12.0,9.2,0.1,0.8,0.8,0.052000000000000005,-3.3,1.0,-2.3,-0.1,Waco,Texas,1416852
Marvin Williams,33,TOT,52,1011,11.4,0.585,0.578,0.217,2.1,13.7,7.8,8.0,1.7,2.4,9.3,13.0,1.0,1.0,2.1,0.099,-1.7,1.0,-0.7,0.3,Bremerton,Washington,15006250
Robert Williams,22,BOS,23,323,19.6,0.6709999999999999,0.0,0.40299999999999997,11.4,24.3,17.9,9.5,3.0,8.0,21.5,12.3,0.6,0.8,1.4,0.205,-0.6,4.4,3.8,0.5,Shreveport,Louisiana,1937520
Nigel Williams-Goss,25,UTA,9,28,5.7,0.254,0.28600000000000003,0.28600000000000003,8.2,11.2,9.8,22.3,1.7,3.0,20.2,15.5,-0.1,0.0,0.0,-0.045,-5.1,1.1,-3.9,0.0,Happy Valley,Oregon,1500000
D.J. Wilson,23,MIL,31,280,8.4,0.47600000000000003,0.545,0.08900000000000001,3.8,19.3,12.0,10.3,0.3,1.6,12.5,17.7,-0.2,0.5,0.3,0.055,-3.9,0.3,-3.6,-0.1,Mount Shasta,California,2961120
Justise Winslow,23,MIA,11,352,8.6,0.44,0.209,0.209,5.3,17.4,11.6,18.6,1.0,1.4,14.6,20.7,-0.4,0.4,0.0,-0.003,-3.5,-0.1,-3.5,-0.1,Houston,Texas,13000000
Christian Wood,24,DET,62,1325,23.2,0.659,0.276,0.47600000000000003,8.8,24.8,16.7,7.6,1.3,3.4,12.0,23.0,3.6,1.5,5.1,0.184,3.5,-0.3,3.1,1.7,Long Beach,California,1645357
Delon Wright,27,DAL,65,1412,16.1,0.563,0.307,0.23600000000000002,5.0,14.0,9.6,21.2,2.6,1.3,13.9,14.8,2.6,1.8,4.3,0.14800000000000002,0.4,2.0,2.4,1.6,Los Angeles,California,9473684
Thaddeus Young,31,CHI,64,1591,13.3,0.521,0.369,0.12,6.2,16.1,10.9,11.3,2.8,1.4,13.9,19.7,-0.2,2.1,1.9,0.057999999999999996,-1.4,0.2,-1.1,0.4,New Orleans,Louisiana,12900000
Trae Young,21,ATL,60,2120,23.9,0.595,0.455,0.44799999999999995,1.6,11.5,6.5,45.6,1.4,0.3,16.2,34.9,5.4,0.5,5.9,0.134,6.3,-2.3,4.0,3.2,Lubbock,Texas,6273000
Cody Zeller,27,CHO,58,1341,18.8,0.5760000000000001,0.157,0.374,12.6,21.2,16.7,11.3,1.5,1.7,11.9,20.8,2.4,1.2,3.6,0.129,0.2,-0.8,-0.6,0.5,Washington,Indiana,14471910
