Unnamed: 0,Unnamed: 0.1,Unnamed: 0.1.1,Unnamed: 0.1.1.1,Unnamed: 0.1.1.1.1,Unnamed: 0.1.1.1.1.1,Unnamed: 0.1.1.1.1.1.1,Unnamed: 0.1.1.1.1.1.1.1,Unnamed: 0.1.1.1.1.1.1.1.1,Unnamed: 0.1.1.1.1.1.1.1.1.1,Unnamed: 0.1.1.1.1.1.1.1.1.1.1,Unnamed: 0.1.1.1.1.1.1.1.1.1.1.1,Unnamed: 0.1.1.1.1.1.1.1.1.1.1.1.1,Unnamed: 0.1.1.1.1.1.1.1.1.1.1.1.1.1,Unnamed: 0.1.1.1.1.1.1.1.1.1.1.1.1.1.1,Player,Age,Tm,G,GS,MP,FG,FGA,FG%,3P,3PA,3P%,2P,2PA,2P%,FT,FTA,FT%,ORB,DRB,TRB,AST,STL,BLK,TOV,PF,PTS,City,State,2019-20
1,1,1,1,1,1,1,1,1,1,1,1,1,1,1,Bam Adebayo,22,MIA,65,65,2235,6.6,11.6,0.5670000000000001,0.0,0.2,0.077,6.6,11.4,0.5760000000000001,3.8,5.5,0.69,2.7,8.3,11.0,5.4,1.3,1.4,3.0,2.6,17.0,Newark,New Jersey,3454080
2,2,2,2,2,2,2,2,2,2,2,2,2,2,2,LaMarcus Aldridge,34,SAS,53,53,1754,8.0,16.3,0.493,1.3,3.2,0.389,6.8,13.1,0.519,3.2,3.9,0.8270000000000001,2.1,5.9,8.0,2.6,0.7,1.8,1.5,2.6,20.5,Dallas,Texas,26000000
4,4,4,4,4,4,4,4,4,4,4,4,4,4,4,Grayson Allen,24,MEM,30,0,498,5.7,12.7,0.449,2.4,6.6,0.363,3.3,6.1,0.541,2.2,2.5,0.857,0.4,4.4,4.8,3.1,0.4,0.1,1.7,2.6,16.0,Jacksonville,Florida,2429400
5,5,5,5,5,5,5,5,5,5,5,5,5,5,5,Jarrett Allen,21,BRK,64,58,1647,5.8,9.0,0.6459999999999999,0.0,0.1,0.0,5.8,8.9,0.654,3.2,5.2,0.62,4.3,9.0,13.2,1.9,0.8,1.9,1.6,3.1,14.9,Austin,Texas,2376840
7,7,7,7,7,7,7,7,7,7,7,7,7,7,7,Al-Farouq Aminu,29,ORL,18,2,380,2.4,8.1,0.29100000000000004,0.9,3.4,0.25,1.5,4.7,0.32,1.8,2.7,0.655,2.3,6.0,8.2,2.0,1.7,0.8,1.6,2.6,7.4,Atlanta,Georgia,9258000
8,8,8,8,8,8,8,8,8,8,8,8,8,8,8,Justin Anderson,26,BRK,3,0,17,2.1,12.7,0.16699999999999998,0.0,6.4,0.0,2.1,6.4,0.333,2.1,4.2,0.5,0.0,4.2,4.2,0.0,0.0,2.1,0.0,4.2,6.4,Montross,Virginia,98144
9,9,9,9,9,9,9,9,9,9,9,9,9,9,9,Kyle Anderson,26,MEM,59,20,1140,4.4,8.8,0.493,0.5,2.0,0.258,3.9,6.9,0.56,1.4,2.1,0.652,1.7,6.4,8.1,4.2,1.5,1.0,1.7,2.7,10.6,Fairview,New Jersey,9073050
10,10,10,10,10,10,10,10,10,10,10,10,10,10,10,Ryan Anderson,31,HOU,2,0,14,5.1,18.0,0.28600000000000003,2.6,12.9,0.2,2.6,5.1,0.5,0.0,0.0,0.0,0.0,18.0,18.0,5.1,2.6,0.0,2.6,2.6,12.9,Sacramento,California,5214583
14,14,14,14,14,14,14,14,14,14,14,14,14,14,14,Carmelo Anthony,35,POR,50,50,1623,6.4,15.1,0.426,1.6,4.3,0.371,4.8,10.8,0.447,2.5,3.0,0.843,1.4,5.6,6.9,1.8,0.9,0.5,1.9,3.1,16.9,Brooklyn,New York,2159029
16,16,16,16,16,16,16,16,16,16,16,16,16,16,16,Ryan Arcidiacono,25,CHI,58,4,930,3.5,8.5,0.409,2.1,5.3,0.391,1.4,3.2,0.439,1.0,1.5,0.711,0.8,3.5,4.3,3.7,1.0,0.1,1.4,3.7,10.1,Langhorne,Pennsylvania,3000000
17,17,17,17,17,17,17,17,17,17,17,17,17,17,17,Trevor Ariza,34,TOT,53,21,1493,3.4,7.8,0.438,1.9,5.0,0.3720000000000001,1.6,2.8,0.556,1.5,1.8,0.838,0.8,5.1,5.9,2.2,1.7,0.4,1.4,2.7,10.2,Miami,Florida,12200000
18,18,18,18,18,18,18,18,18,18,18,18,18,18,18,D.J. Augustin,32,ORL,49,6,1215,4.6,11.8,0.393,1.8,5.2,0.345,2.8,6.6,0.43,4.1,4.7,0.885,0.5,2.7,3.2,6.6,0.9,0.0,2.0,1.6,15.1,New Orleans,Louisiana,7250000
20,20,20,20,20,20,20,20,20,20,20,20,20,20,20,Dwayne Bacon,24,CHO,39,11,687,4.5,12.8,0.348,1.0,3.5,0.284,3.5,9.3,0.373,1.8,2.8,0.66,0.8,4.5,5.2,2.7,1.2,0.1,1.9,2.7,11.7,Lakeland,Florida,1618520
21,21,21,21,21,21,21,21,21,21,21,21,21,21,21,Marvin Bagley III,20,SAC,13,6,334,8.4,18.0,0.467,0.4,2.4,0.182,8.0,15.6,0.51,2.7,3.3,0.8059999999999999,3.1,7.3,10.5,1.1,0.6,1.3,1.9,4.6,19.9,Tempe,Arizona,8556120
22,22,22,22,22,22,22,22,22,22,22,22,22,22,22,Lonzo Ball,22,NOP,56,47,1817,5.1,12.4,0.412,2.8,7.2,0.383,2.4,5.3,0.453,0.8,1.3,0.5670000000000001,1.2,5.6,6.9,7.8,1.6,0.6,3.4,2.2,13.8,Anaheim,California,8719320
23,23,23,23,23,23,23,23,23,23,23,23,23,23,23,Mo Bamba,21,ORL,60,0,868,5.5,11.7,0.468,1.5,4.3,0.35600000000000004,3.9,7.4,0.534,1.3,1.9,0.674,4.1,8.3,12.4,1.7,0.9,3.5,1.7,4.8,13.8,Harlem,New York,5697600
25,25,25,25,25,25,25,25,25,25,25,25,25,25,25,Harrison Barnes,27,SAC,64,64,2231,5.3,11.5,0.459,1.5,3.9,0.383,3.8,7.6,0.498,3.2,3.9,0.8029999999999999,1.0,4.0,4.9,2.5,0.6,0.2,1.3,1.3,15.2,Ames,Iowa,24147727
27,27,27,27,27,27,27,27,27,27,27,27,27,27,27,Will Barton,29,DEN,58,58,1916,6.2,13.9,0.45,2.0,5.4,0.375,4.2,8.5,0.498,1.9,2.5,0.767,1.4,5.4,6.9,4.0,1.1,0.5,1.7,2.3,16.4,Baltimore,Maryland,12960000
28,28,28,28,28,28,28,28,28,28,28,28,28,28,28,Keita Bates-Diop,24,TOT,39,0,665,4.8,11.3,0.428,1.7,5.1,0.33,3.1,6.2,0.509,2.7,3.7,0.71,1.1,4.9,6.1,1.6,0.9,1.1,0.8,2.1,14.0,Bloomington,Illinois,1416852
32,32,32,32,32,32,32,32,32,32,32,32,32,32,32,Darius Bazley,19,OKC,53,8,909,3.5,9.1,0.383,1.2,4.0,0.3,2.3,5.1,0.446,1.3,1.9,0.6809999999999999,0.8,6.9,7.8,1.1,0.8,1.4,1.6,1.8,9.4,Boston,Massachusetts,2284800
33,33,33,33,33,33,33,33,33,33,33,33,33,33,33,Bradley Beal,26,WAS,57,57,2053,10.4,22.8,0.455,3.0,8.4,0.353,7.4,14.4,0.515,6.8,8.0,0.8420000000000001,0.9,3.3,4.2,6.1,1.2,0.4,3.4,2.2,30.5,St. Louis,Missouri,27093019
34,34,34,34,34,34,34,34,34,34,34,34,34,34,34,Malik Beasley,23,TOT,55,14,1209,6.8,15.9,0.425,3.2,8.2,0.388,3.6,7.7,0.465,1.6,2.0,0.818,0.5,3.9,4.4,2.2,1.2,0.2,1.7,2.3,18.3,Atlanta,Georgia,2731714
36,36,36,36,36,36,36,36,36,36,36,36,36,36,36,Jordan Bell,25,TOT,29,0,256,4.9,9.4,0.522,0.6,1.7,0.333,4.4,7.7,0.564,2.7,4.4,0.613,4.2,7.2,11.4,2.3,0.4,1.4,3.0,2.7,13.1,Los Angeles,California,1620564
40,40,40,40,40,40,40,40,40,40,40,40,40,40,40,Patrick Beverley,31,LAC,48,48,1299,3.9,9.0,0.428,2.1,5.5,0.379,1.8,3.5,0.504,0.7,1.1,0.659,1.6,5.6,7.2,5.0,1.5,0.7,1.8,4.2,10.5,Chicago,Illinois,12345679
45,45,45,45,45,45,45,45,45,45,45,45,45,45,45,Eric Bledsoe,30,MIL,56,56,1524,7.5,15.6,0.482,1.7,4.7,0.348,5.9,10.9,0.54,3.7,4.6,0.813,1.0,5.1,6.1,7.1,1.3,0.6,3.3,2.8,20.4,Birmingham,Alabama,15625000
49,49,49,49,49,49,49,49,49,49,49,49,49,49,49,Marques Bolden,21,CLE,1,0,3,0.0,0.0,0.0,0.0,0.0,0.0,0.0,0.0,0.0,0.0,0.0,0.0,0.0,24.0,24.0,0.0,12.0,0.0,0.0,12.0,0.0,Dallas,Texas,50752
52,52,52,52,52,52,52,52,52,52,52,52,52,52,52,Devin Booker,23,PHO,62,62,2241,8.7,18.0,0.487,2.0,5.6,0.36,6.7,12.3,0.544,6.5,7.1,0.916,0.4,3.7,4.1,6.6,0.7,0.3,3.9,3.0,26.0,Grand Rapids,Michigan,27250000
56,56,56,56,56,56,56,56,56,56,56,56,56,56,56,Avery Bradley,29,LAL,49,44,1186,5.2,11.6,0.444,1.9,5.3,0.364,3.2,6.4,0.51,0.6,0.7,0.833,0.5,2.9,3.5,1.9,1.3,0.2,1.4,3.3,12.8,Tacoma,Washington,4767000
57,57,57,57,57,57,57,57,57,57,57,57,57,57,57,Tony Bradley,22,UTA,50,2,535,6.9,10.4,0.665,0.1,0.1,1.0,6.9,10.4,0.662,1.7,2.7,0.65,6.1,8.5,14.5,1.1,0.8,1.7,1.5,6.6,15.7,Bartow,Florida,1962360
60,60,60,60,60,60,60,60,60,60,60,60,60,60,60,Mikal Bridges,23,PHO,65,24,1772,4.3,8.3,0.516,1.1,3.2,0.35200000000000004,3.1,5.0,0.621,1.8,2.1,0.848,1.2,4.1,5.3,2.3,1.9,0.8,1.3,2.9,11.5,Philadelphia,Pennsylvania,4161000
61,61,61,61,61,61,61,61,61,61,61,61,61,61,61,Miles Bridges,21,CHO,65,64,1995,5.8,13.6,0.424,1.8,5.4,0.33,4.0,8.2,0.486,1.9,2.4,0.809,1.6,4.9,6.5,2.1,0.7,0.9,1.7,2.4,15.2,Flint,Michigan,3755400
64,64,64,64,64,64,64,64,64,64,64,64,64,64,64,Malcolm Brogdon,27,IND,48,48,1472,7.1,16.1,0.439,1.5,4.8,0.313,5.6,11.3,0.491,3.5,4.0,0.895,1.0,4.5,5.5,8.4,0.8,0.2,2.8,2.2,19.2,Atlanta,Georgia,20000000
66,66,66,66,66,66,66,66,66,66,66,66,66,66,66,Bruce Brown,23,DET,58,43,1634,4.4,9.8,0.443,0.7,2.1,0.344,3.6,7.7,0.47,1.9,2.6,0.7390000000000001,1.3,4.7,6.0,5.1,1.4,0.6,2.2,3.6,11.4,Boston,Massachusetts,1416852
68,68,68,68,68,68,68,68,68,68,68,68,68,68,68,Jaylen Brown,23,BOS,50,50,1702,8.0,16.3,0.49,2.3,5.9,0.381,5.7,10.4,0.552,3.4,4.6,0.736,1.1,5.6,6.7,2.3,1.2,0.3,2.5,3.2,21.6,Marietta,Georgia,6534829
70,70,70,70,70,70,70,70,70,70,70,70,70,70,70,Sterling Brown,24,MIL,45,1,665,4.3,11.8,0.3670000000000001,1.9,6.2,0.316,2.4,5.6,0.423,1.5,1.9,0.7709999999999999,1.5,7.4,8.9,2.5,1.2,0.4,1.9,2.4,12.1,Maywood,Illinois,1618520
71,71,71,71,71,71,71,71,71,71,71,71,71,71,71,Troy Brown Jr.,20,WAS,61,14,1519,5.4,12.0,0.453,1.2,3.4,0.345,4.2,8.6,0.496,2.0,2.7,0.754,1.5,6.2,7.7,3.4,1.8,0.1,1.5,2.6,14.1,Las Vegas,Nevada,3219480
72,72,72,72,72,72,72,72,72,72,72,72,72,72,72,Jalen Brunson,23,DAL,57,16,1022,6.4,13.7,0.466,1.5,4.2,0.358,4.9,9.4,0.515,2.1,2.6,0.813,0.8,3.9,4.7,6.6,0.8,0.1,2.3,2.6,16.4,New Brunswick,New Jersey,1416582
73,73,73,73,73,73,73,73,73,73,73,73,73,73,73,Thomas Bryant,22,WAS,38,28,901,7.4,12.3,0.599,0.9,2.2,0.407,6.5,10.1,0.64,2.8,3.8,0.737,3.0,7.4,10.4,2.8,0.6,1.3,1.9,3.4,18.4,Rochester,New York,7936508
74,74,74,74,74,74,74,74,74,74,74,74,74,74,74,Reggie Bullock,28,NYK,29,19,684,4.7,11.8,0.402,1.9,5.8,0.333,2.8,5.9,0.469,0.9,1.1,0.81,0.7,2.9,3.6,2.2,1.3,0.2,1.0,2.9,12.3,Baltimore,Maryland,4000000
75,75,75,75,75,75,75,75,75,75,75,75,75,75,75,Trey Burke,27,PHI,25,0,329,6.5,13.9,0.465,1.8,4.2,0.421,4.7,9.7,0.483,1.4,2.0,0.722,1.6,2.2,3.8,5.8,0.8,0.1,1.3,2.3,16.1,Columbus,Ohio,2028594
76,76,76,76,76,76,76,76,76,76,76,76,76,76,76,Alec Burks,28,TOT,59,18,1612,6.3,15.7,0.404,2.2,6.1,0.366,4.1,9.6,0.428,5.0,5.6,0.8959999999999999,1.0,4.9,5.9,3.8,1.3,0.4,1.9,2.7,19.9,Grandview,Missouri,2320044
77,77,77,77,77,77,77,77,77,77,77,77,77,77,77,Deonte Burton,26,OKC,34,0,284,4.9,13.3,0.371,1.3,5.8,0.217,3.7,7.5,0.4920000000000001,0.8,1.5,0.5,0.8,5.3,6.1,1.4,0.6,1.3,1.8,3.5,11.9,Milwaukee,Wisconsin,1416852
78,78,78,78,78,78,78,78,78,78,78,78,78,78,78,Jimmy Butler,30,MIA,54,54,1851,6.4,14.0,0.454,0.6,2.3,0.248,5.8,11.8,0.494,7.9,9.5,0.833,1.9,5.1,7.0,6.4,1.8,0.6,2.3,1.4,21.3,Houston,Texas,32742000
80,80,80,80,80,80,80,80,80,80,80,80,80,80,80,Kentavious Caldwell-Pope,26,LAL,63,20,1603,4.9,10.5,0.472,2.0,5.0,0.394,3.0,5.5,0.5429999999999999,1.7,2.1,0.779,0.8,2.1,3.0,2.4,1.2,0.3,1.2,2.6,13.5,Thomaston,Georgia,8089282
83,83,83,83,83,83,83,83,83,83,83,83,83,83,83,DeMarre Carroll,33,TOT,21,0,231,3.3,8.4,0.389,1.1,4.2,0.259,2.2,4.2,0.519,3.7,5.6,0.667,1.7,5.6,7.3,2.8,0.6,0.6,2.5,4.4,11.4,Birmingham,Alabama,6842307
84,84,84,84,84,84,84,84,84,84,84,84,84,84,84,Jevon Carter,24,PHO,50,2,754,3.9,9.8,0.4,2.2,5.6,0.393,1.7,4.2,0.409,1.0,1.2,0.84,1.2,3.5,4.7,3.1,1.8,0.6,1.5,3.6,11.0,Maywood,Illinois,1416852
85,85,85,85,85,85,85,85,85,85,85,85,85,85,85,Vince Carter,43,ATL,60,0,876,4.4,12.5,0.35200000000000004,2.5,8.3,0.302,1.9,4.2,0.451,0.9,1.2,0.7929999999999999,0.7,4.4,5.1,2.0,0.9,1.0,1.4,3.7,12.2,Daytona Beach,Florida,2564753
86,86,86,86,86,86,86,86,86,86,86,86,86,86,86,Wendell Carter Jr.,20,CHI,43,43,1256,5.2,9.8,0.534,0.2,0.8,0.207,5.1,9.0,0.564,3.2,4.4,0.737,4.0,7.6,11.6,1.5,0.9,1.0,2.1,4.6,13.9,Atlanta,Georgia,5201400
87,87,87,87,87,87,87,87,87,87,87,87,87,87,87,Michael Carter-Williams,28,ORL,42,0,773,4.9,11.3,0.434,0.9,3.2,0.294,4.0,8.1,0.489,3.4,4.1,0.828,2.0,4.5,6.5,4.8,2.1,0.9,2.2,3.6,14.1,Hamilton,Massachusetts,2028594
88,88,88,88,88,88,88,88,88,88,88,88,88,88,88,Alex Caruso,25,LAL,58,1,1032,3.8,9.1,0.423,1.3,3.7,0.355,2.5,5.3,0.471,2.0,2.7,0.763,0.5,3.4,3.9,3.6,2.1,0.6,1.6,3.0,11.0,College Station,Texas,2750000
89,89,89,89,89,89,89,89,89,89,89,89,89,89,89,Willie Cauley-Stein,26,TOT,54,39,1097,5.7,9.9,0.579,0.0,0.0,0.0,5.7,9.9,0.581,1.3,2.2,0.606,2.8,7.6,10.3,2.3,1.6,2.0,1.3,4.0,12.8,Spearville,Kansas,2177483
90,90,90,90,90,90,90,90,90,90,90,90,90,90,90,Tyson Chandler,37,HOU,26,5,219,2.3,3.0,0.778,0.0,0.0,0.0,2.3,3.0,0.778,1.0,2.1,0.462,4.1,6.7,10.8,1.0,1.0,1.3,1.3,5.3,5.6,Hanford,California,2564753
91,91,91,91,91,91,91,91,91,91,91,91,91,91,91,Wilson Chandler,32,BRK,35,3,734,3.6,9.0,0.404,1.8,5.9,0.306,1.8,3.0,0.597,1.0,1.1,0.87,0.5,6.6,7.1,1.9,0.8,0.6,1.7,3.9,10.1,Benton Harbor,Michigan,2564753
92,92,92,92,92,92,92,92,92,92,92,92,92,92,92,Joe Chealey,24,CHO,4,0,33,0.0,7.6,0.0,0.0,4.4,0.0,0.0,3.3,0.0,2.2,2.2,1.0,0.0,0.0,0.0,1.1,4.4,0.0,2.2,2.2,2.2,Orlando,Florida,163356
95,95,95,95,95,95,95,95,95,95,95,95,95,95,95,Marquese Chriss,22,GSW,59,21,1196,6.3,11.6,0.545,0.2,1.2,0.205,6.1,10.4,0.584,3.6,4.7,0.769,3.4,7.6,11.0,3.4,1.2,1.9,2.3,3.7,16.5,Sacramento,California,758804
98,98,98,98,98,98,98,98,98,98,98,98,98,98,98,Jordan Clarkson,27,TOT,63,0,1527,8.3,17.8,0.465,3.1,8.3,0.368,5.2,9.4,0.55,2.9,3.4,0.841,1.1,2.8,3.9,2.9,1.0,0.4,1.9,2.2,22.4,Tampa,Florida,13437500
99,99,99,99,99,99,99,99,99,99,99,99,99,99,99,Nicolas Claxton,20,BRK,15,0,187,5.2,9.2,0.563,0.2,1.3,0.14300000000000002,5.0,7.9,0.634,2.1,4.0,0.524,3.7,4.8,8.5,3.1,0.2,1.5,1.7,2.7,12.7,Greenville,South Carolina,898310
104,104,104,104,104,104,104,104,104,104,104,104,104,104,104,Zach Collins,22,POR,3,3,86,3.8,8.0,0.474,1.3,2.9,0.429,2.5,5.0,0.5,2.5,2.5,1.0,1.7,3.3,5.0,2.5,0.0,0.8,2.5,4.6,11.3,Las Vegas,Nevada,4240200
105,105,105,105,105,105,105,105,105,105,105,105,105,105,105,Mike Conley,32,UTA,41,35,1171,6.1,14.9,0.405,2.5,6.5,0.376,3.6,8.4,0.429,2.9,3.6,0.795,0.8,3.3,4.1,5.5,1.0,0.1,2.3,2.8,17.4,Fayetteville,Arkansas,32511623
106,106,106,106,106,106,106,106,106,106,106,106,106,106,106,Pat Connaughton,27,MIL,61,1,1119,3.8,8.4,0.456,1.4,4.4,0.321,2.4,4.0,0.605,0.9,1.2,0.75,1.8,6.5,8.3,3.1,0.6,1.0,1.5,1.9,9.9,Arlington,Massachusetts,1723050
107,107,107,107,107,107,107,107,107,107,107,107,107,107,107,Quinn Cook,26,LAL,38,0,409,6.7,15.2,0.439,2.2,5.8,0.379,4.5,9.4,0.477,0.5,0.8,0.667,0.6,2.9,3.5,3.5,1.0,0.1,2.2,2.0,16.1,Washington,District of Columbia,3000000
108,108,108,108,108,108,108,108,108,108,108,108,108,108,108,Tyler Cook,22,CLE,11,0,35,7.2,10.3,0.7,0.0,0.0,0.0,7.2,10.3,0.7,5.1,6.2,0.833,4.1,6.2,10.3,1.0,1.0,0.0,1.0,4.1,19.5,St. Louis,Missouri,101504
109,109,109,109,109,109,109,109,109,109,109,109,109,109,109,Robert Covington,29,TOT,62,60,1867,5.4,12.5,0.4320000000000001,2.9,8.2,0.349,2.5,4.3,0.589,1.7,2.1,0.7959999999999999,1.0,6.6,7.7,1.4,1.8,1.5,1.8,3.8,15.3,Bellwood,Illinois,11301219
110,110,110,110,110,110,110,110,110,110,110,110,110,110,110,Allen Crabbe,27,TOT,37,1,653,3.5,9.8,0.35600000000000004,2.0,6.6,0.303,1.5,3.2,0.466,0.6,0.8,0.7140000000000001,0.6,3.6,4.2,1.8,0.8,0.2,0.9,2.6,9.5,Los Angeles,California,17818456
111,111,111,111,111,111,111,111,111,111,111,111,111,111,111,Torrey Craig,29,DEN,50,19,869,4.0,8.6,0.462,1.5,4.5,0.33,2.5,4.1,0.606,0.8,1.3,0.645,2.0,4.5,6.5,1.4,0.7,1.3,0.9,4.6,10.3,Columbia,South Carolina,2100000
112,112,112,112,112,112,112,112,112,112,112,112,112,112,112,Jae Crowder,29,TOT,58,46,1695,4.2,10.9,0.384,2.4,7.5,0.318,1.8,3.4,0.532,2.0,2.6,0.785,1.0,6.5,7.5,3.2,1.4,0.4,1.3,2.7,12.8,Villa Rica,Georgia,7815533
113,113,113,113,113,113,113,113,113,113,113,113,113,113,113,Jarrett Culver,20,MIN,63,35,1506,5.5,13.6,0.404,1.6,5.3,0.299,3.9,8.3,0.471,1.3,2.8,0.462,1.7,3.4,5.1,2.6,1.4,0.9,1.9,3.0,13.9,Dallas,Texas,5813640
115,115,115,115,115,115,115,115,115,115,115,115,115,115,115,Stephen Curry,31,GSW,5,5,139,8.5,21.2,0.402,3.1,12.7,0.245,5.4,8.5,0.636,6.7,6.7,1.0,1.0,5.7,6.7,8.5,1.3,0.5,4.1,2.8,26.9,Akron,Ohio,40231758
116,116,116,116,116,116,116,116,116,116,116,116,116,116,116,Troy Daniels,28,TOT,42,0,457,4.9,12.5,0.39,3.2,8.9,0.354,1.7,3.6,0.478,0.8,1.3,0.625,0.9,2.7,3.6,1.1,0.6,0.2,0.7,2.4,13.7,Roanoke,Virginia,2028594
117,117,117,117,117,117,117,117,117,117,117,117,117,117,117,Anthony Davis,26,LAL,55,55,1889,9.7,18.9,0.511,1.2,3.7,0.335,8.4,15.2,0.5539999999999999,7.4,8.7,0.845,2.4,7.5,9.9,3.3,1.6,2.6,2.6,2.6,28.0,Chicago,Illinois,27093019
118,118,118,118,118,118,118,118,118,118,118,118,118,118,118,Ed Davis,30,UTA,25,0,268,1.9,4.6,0.412,0.0,0.0,0.0,1.9,4.6,0.412,0.7,1.5,0.455,3.9,8.9,12.8,1.1,1.3,1.2,1.7,7.4,4.4,Washington,District of Columbia,4767000
119,119,119,119,119,119,119,119,119,119,119,119,119,119,119,Terence Davis,22,TOR,64,2,1087,6.0,12.9,0.463,2.9,7.4,0.396,3.1,5.6,0.55,1.5,1.7,0.865,1.5,5.7,7.2,3.5,1.1,0.4,2.2,3.4,16.4,Southaven,Mississippi,898310
120,120,120,120,120,120,120,120,120,120,120,120,120,120,120,Dewayne Dedmon,30,TOT,44,18,774,4.7,11.9,0.4,1.0,5.0,0.206,3.7,6.9,0.541,1.4,1.7,0.833,2.8,8.8,11.6,1.0,1.2,1.9,2.7,6.2,11.9,Lancaster,California,13333334
122,122,122,122,122,122,122,122,122,122,122,122,122,122,122,DeMar DeRozan,30,SAS,61,61,2091,8.7,16.5,0.526,0.1,0.5,0.267,8.5,15.9,0.535,5.8,6.9,0.843,0.7,5.3,5.9,5.9,1.1,0.2,2.5,2.8,23.3,Compton,California,27739975
124,124,124,124,124,124,124,124,124,124,124,124,124,124,124,Hamidou Diallo,21,OKC,38,3,699,5.1,11.3,0.452,0.4,1.8,0.2,4.7,9.5,0.5,1.4,2.3,0.622,1.5,4.8,6.3,1.1,1.4,0.4,1.9,4.2,12.0,Queens,New York,1416852
126,126,126,126,126,126,126,126,126,126,126,126,126,126,126,Spencer Dinwiddie,26,BRK,64,49,1994,7.7,18.4,0.415,2.2,7.2,0.308,5.4,11.2,0.485,6.3,8.1,0.778,0.6,3.4,4.0,7.8,0.7,0.4,3.1,3.2,23.8,Los Angeles,California,10600000
127,127,127,127,127,127,127,127,127,127,127,127,127,127,127,Donte DiVincenzo,23,MIL,59,22,1362,5.5,11.9,0.462,2.0,5.8,0.344,3.5,6.1,0.5760000000000001,1.6,2.1,0.769,1.6,6.1,7.6,3.6,2.1,0.5,1.9,2.6,14.6,Newark,Delaware,2905800
130,130,130,130,130,130,130,130,130,130,130,130,130,130,130,Damyean Dotson,25,NYK,48,0,836,5.2,12.5,0.414,2.5,7.0,0.362,2.6,5.5,0.48,0.9,1.4,0.667,0.4,3.5,3.9,2.5,1.0,0.2,0.9,1.9,13.8,Houston,Texas,1618520
132,132,132,132,132,132,132,132,132,132,132,132,132,132,132,PJ Dozier,23,DEN,21,0,234,5.5,14.0,0.396,1.1,4.3,0.25,4.5,9.7,0.46,1.1,1.7,0.636,0.8,3.8,4.6,4.5,1.1,0.8,1.7,4.2,13.2,Columbia,South Carolina,183115
134,134,134,134,134,134,134,134,134,134,134,134,134,134,134,Andre Drummond,26,TOT,57,56,1879,8.0,15.0,0.5329999999999999,0.1,0.7,0.14300000000000002,7.9,14.4,0.551,3.2,5.6,0.575,4.8,11.8,16.6,2.9,2.1,1.8,3.9,3.9,19.4,Mount Vernon,New York,27093019
135,135,135,135,135,135,135,135,135,135,135,135,135,135,135,Jared Dudley,34,LAL,40,1,311,2.3,5.8,0.4,1.9,3.9,0.471,0.5,1.9,0.25,0.2,0.2,1.0,0.6,4.4,5.0,2.2,1.4,0.3,0.7,4.2,6.7,San Diego,California,2564753
136,136,136,136,136,136,136,136,136,136,136,136,136,136,136,Kris Dunn,25,CHI,51,32,1269,4.3,9.7,0.444,0.8,3.2,0.259,3.5,6.5,0.535,1.1,1.5,0.741,0.7,4.6,5.3,4.9,2.9,0.5,1.9,4.5,10.6,New London,Connecticut,5348007
137,137,137,137,137,137,137,137,137,137,137,137,137,137,137,Carsen Edwards,21,BOS,35,0,316,4.2,12.9,0.327,2.4,7.7,0.309,1.8,5.1,0.35600000000000004,1.3,1.5,0.846,0.7,4.2,4.9,2.5,1.1,0.3,1.7,3.8,12.1,Houston,Texas,1228026
139,139,139,139,139,139,139,139,139,139,139,139,139,139,139,Wayne Ellington,32,NYK,36,1,558,3.9,11.2,0.35100000000000003,3.2,9.2,0.35,0.7,2.0,0.355,0.7,0.8,0.846,0.3,3.9,4.2,2.8,0.8,0.3,1.2,2.6,11.8,Wynnewood,Pennsylvania,7804878
141,141,141,141,141,141,141,141,141,141,141,141,141,141,141,James Ennis,29,TOT,61,10,1053,4.4,10.1,0.435,1.6,4.8,0.338,2.8,5.3,0.523,2.2,2.7,0.8079999999999999,2.1,4.7,6.8,1.8,1.0,0.7,1.5,3.7,12.5,Ventura,California,1882867
146,146,146,146,146,146,146,146,146,146,146,146,146,146,146,Derrick Favors,28,NOP,45,43,1089,6.2,10.1,0.62,0.0,0.2,0.14300000000000002,6.2,9.9,0.631,1.2,2.0,0.581,4.9,9.9,14.7,2.5,0.8,1.5,1.7,3.3,13.7,Atlanta,Georgia,17650000
148,148,148,148,148,148,148,148,148,148,148,148,148,148,148,Terrance Ferguson,21,OKC,50,37,1170,2.3,6.1,0.3720000000000001,1.4,4.8,0.297,0.9,1.4,0.636,0.5,0.6,0.789,0.7,1.5,2.2,1.4,0.8,0.5,0.9,4.4,6.4,Tulsa,Oklahoma,2475840
150,150,150,150,150,150,150,150,150,150,150,150,150,150,150,Yogi Ferrell,26,SAC,44,0,484,5.0,12.6,0.396,1.4,5.1,0.275,3.6,7.4,0.48,2.4,2.8,0.865,0.4,3.1,3.6,4.4,1.0,0.3,1.9,2.3,13.8,Indianapolis,Indiana,3150000
151,151,151,151,151,151,151,151,151,151,151,151,151,151,151,Dorian Finney-Smith,26,DAL,64,61,1898,4.1,8.7,0.468,1.9,5.0,0.374,2.2,3.6,0.599,1.3,1.8,0.722,2.4,4.3,6.7,1.8,0.8,0.7,1.2,2.9,11.3,Portsmouth,Virginia,4000000
152,152,152,152,152,152,152,152,152,152,152,152,152,152,152,Bryn Forbes,26,SAS,63,62,1579,5.5,13.2,0.417,3.4,8.7,0.388,2.1,4.6,0.47,1.7,2.1,0.833,0.3,2.6,2.9,2.5,0.8,0.0,1.3,2.6,16.1,Lansing,Michigan,2875000
154,154,154,154,154,154,154,154,154,154,154,154,154,154,154,De'Aaron Fox,22,SAC,45,43,1426,8.3,17.5,0.475,1.2,3.9,0.307,7.1,13.6,0.523,5.4,7.7,0.703,0.8,3.8,4.6,7.7,1.6,0.6,3.6,3.3,23.2,New Orleans,Louisiana,6392760
155,155,155,155,155,155,155,155,155,155,155,155,155,155,155,Melvin Frazier,23,ORL,15,0,51,4.2,12.0,0.353,2.8,4.9,0.5710000000000001,1.4,7.1,0.2,1.4,2.8,0.5,0.7,2.1,2.8,0.7,2.8,1.4,2.1,5.6,12.7,New Orleans,Louisiana,1416852
157,157,157,157,157,157,157,157,157,157,157,157,157,157,157,Tim Frazier,29,DET,27,11,355,3.4,9.5,0.362,1.0,3.0,0.333,2.4,6.5,0.375,1.9,2.4,0.792,0.9,2.4,3.3,9.4,1.4,0.4,3.7,4.3,9.8,Houston,Texas,1882867
158,158,158,158,158,158,158,158,158,158,158,158,158,158,158,Markelle Fultz,21,ORL,64,59,1813,6.4,13.4,0.473,0.6,2.3,0.254,5.8,11.1,0.52,2.0,2.8,0.723,0.7,3.5,4.2,6.6,1.6,0.2,2.6,2.5,15.3,Upper Marlboro,Maryland,9745200
160,160,160,160,160,160,160,160,160,160,160,160,160,160,160,Daniel Gafford,21,CHI,43,7,609,5.6,7.9,0.701,0.0,0.0,0.0,5.6,7.9,0.701,1.9,3.5,0.5329999999999999,3.1,3.2,6.3,1.2,0.8,3.3,1.7,5.8,13.0,El Dorado,Arkansas,898310
162,162,162,162,162,162,162,162,162,162,162,162,162,162,162,Langston Galloway,28,DET,66,6,1702,5.0,11.5,0.435,2.8,7.0,0.399,2.2,4.5,0.493,1.5,1.8,0.8590000000000001,0.7,2.5,3.2,2.1,1.0,0.2,0.8,2.0,14.3,Baton Rouge,Louisiana,7333333
163,163,163,163,163,163,163,163,163,163,163,163,163,163,163,Darius Garland,20,CLE,59,59,1824,5.5,13.8,0.401,2.1,5.8,0.355,3.5,8.0,0.434,1.2,1.4,0.875,0.5,1.7,2.2,4.5,0.8,0.1,3.0,1.8,14.4,Gary,Indiana,6400920
165,165,165,165,165,165,165,165,165,165,165,165,165,165,165,Rudy Gay,33,SAS,60,5,1287,6.2,14.0,0.442,1.6,5.2,0.314,4.6,8.9,0.517,2.8,3.2,0.8759999999999999,1.6,7.4,9.0,2.8,0.7,0.8,2.2,2.5,16.8,Baltimore,Maryland,14000000
166,166,166,166,166,166,166,166,166,166,166,166,166,166,166,Paul George,29,LAC,42,42,1222,8.6,19.9,0.4320000000000001,3.9,9.8,0.399,4.7,10.0,0.463,4.9,5.5,0.882,0.6,6.5,7.1,4.8,1.6,0.6,3.3,3.0,25.9,Palmdale,California,33005556
167,167,167,167,167,167,167,167,167,167,167,167,167,167,167,Taj Gibson,34,NYK,62,56,1025,5.9,10.0,0.584,0.1,0.5,0.28600000000000003,5.7,9.6,0.599,1.4,2.0,0.732,3.9,5.5,9.4,1.8,0.9,1.1,1.7,4.3,13.3,Brooklyn,New York,9800000
171,171,171,171,171,171,171,171,171,171,171,171,171,171,171,Brandon Goodwin,24,ATL,34,1,430,6.4,15.9,0.4,2.2,7.3,0.299,4.2,8.6,0.485,2.3,2.5,0.933,0.9,5.1,6.0,4.3,1.0,0.3,2.4,3.6,17.2,Norcross,Georgia,522738
172,172,172,172,172,172,172,172,172,172,172,172,172,172,172,Aaron Gordon,24,ORL,58,58,1914,5.9,13.7,0.433,1.3,4.3,0.301,4.6,9.4,0.4920000000000001,2.6,3.8,0.675,1.9,6.4,8.3,4.0,0.9,0.7,1.8,2.2,15.7,San Jose,California,19863636
173,173,173,173,173,173,173,173,173,173,173,173,173,173,173,Eric Gordon,31,HOU,34,13,972,6.0,16.2,0.37,3.4,10.7,0.319,2.6,5.6,0.467,2.9,3.8,0.757,0.3,2.1,2.4,1.9,0.8,0.4,1.3,2.5,18.3,Indianapolis,Indiana,14057730
175,175,175,175,175,175,175,175,175,175,175,175,175,175,175,Treveon Graham,26,TOT,55,20,929,3.4,9.4,0.36,1.3,4.7,0.275,2.1,4.7,0.443,1.4,2.2,0.643,2.0,3.8,5.8,1.7,0.9,0.2,1.1,4.0,9.4,Temple Hills,Maryland,1678854
176,176,176,176,176,176,176,176,176,176,176,176,176,176,176,Jerami Grant,25,DEN,64,22,1676,5.6,12.0,0.471,1.9,4.7,0.4,3.8,7.3,0.518,2.7,3.7,0.7440000000000001,1.1,3.7,4.9,1.7,0.9,1.1,1.2,3.0,15.9,Portland,Oregon,9346153
178,178,178,178,178,178,178,178,178,178,178,178,178,178,178,Danny Green,32,LAL,61,61,1529,4.2,10.0,0.419,2.7,7.0,0.378,1.5,3.0,0.516,0.8,1.0,0.727,1.0,3.8,4.9,2.0,1.8,0.7,1.3,3.0,11.8,North Babylon,New York,14634146
179,179,179,179,179,179,179,179,179,179,179,179,179,179,179,Draymond Green,29,GSW,43,43,1222,3.6,9.3,0.389,1.1,3.8,0.279,2.6,5.5,0.465,1.9,2.4,0.759,0.7,7.2,7.8,7.8,1.7,1.0,2.9,3.2,10.2,Saginaw,Michigan,18539130
180,180,180,180,180,180,180,180,180,180,180,180,180,180,180,JaMychal Green,29,LAC,55,0,1130,4.0,9.6,0.414,2.4,6.5,0.363,1.6,3.1,0.52,1.0,1.4,0.727,2.4,8.7,11.1,1.4,0.8,0.6,1.4,4.7,11.3,Montgomery,Alabama,4767000
181,181,181,181,181,181,181,181,181,181,181,181,181,181,181,Javonte Green,26,BOS,44,1,414,4.3,8.5,0.5,0.5,2.0,0.261,3.7,6.5,0.573,2.0,3.1,0.639,1.6,5.4,7.0,2.0,2.0,0.6,1.6,3.2,11.0,Petersburg,Virginia,898310
182,182,182,182,182,182,182,182,182,182,182,182,182,182,182,Jeff Green,33,TOT,40,2,754,5.5,12.5,0.444,2.3,6.6,0.348,3.2,5.9,0.5529999999999999,2.7,3.5,0.7809999999999999,1.1,4.3,5.4,1.5,1.0,0.7,1.7,3.1,16.1,Cheverly,Maryland,2564753
183,183,183,183,183,183,183,183,183,183,183,183,183,183,183,Blake Griffin,30,DET,18,18,512,6.2,17.6,0.35200000000000004,1.9,7.8,0.243,4.3,9.8,0.439,5.3,6.9,0.7759999999999999,1.2,4.7,5.9,4.1,0.5,0.5,2.8,1.9,19.6,Oklahoma City,Oklahoma,34234964
188,188,188,188,188,188,188,188,188,188,188,188,188,188,188,Donta Hall,22,DET,4,0,48,0.7,3.0,0.25,0.0,0.0,0.0,0.7,3.0,0.25,3.0,4.5,0.667,4.5,6.8,11.3,1.5,0.7,0.7,1.5,6.8,4.5,Luverne,Alabama,101504
189,189,189,189,189,189,189,189,189,189,189,189,189,189,189,Dusty Hannahs,26,MEM,2,0,13,11.1,24.9,0.444,5.5,8.3,0.667,5.5,16.6,0.333,5.5,5.5,1.0,0.0,2.8,2.8,0.0,0.0,0.0,0.0,2.8,33.2,Little Rock,Arkansas,81678
190,190,190,190,190,190,190,190,190,190,190,190,190,190,190,Tim Hardaway Jr.,27,DAL,63,50,1815,6.9,15.7,0.4370000000000001,3.7,9.0,0.407,3.2,6.7,0.478,2.4,3.0,0.8009999999999999,0.5,3.5,3.9,2.5,0.8,0.1,1.2,2.1,19.8,Orinda,California,18150000
191,191,191,191,191,191,191,191,191,191,191,191,191,191,191,James Harden,30,HOU,61,61,2241,9.7,22.3,0.435,4.4,12.4,0.35200000000000004,5.3,9.9,0.5379999999999999,9.9,11.6,0.861,1.0,5.2,6.2,7.2,1.7,0.9,4.4,3.3,33.7,Los Angeles,California,37800000
192,192,192,192,192,192,192,192,192,192,192,192,192,192,192,Maurice Harkless,26,TOT,62,48,1427,3.6,7.1,0.502,0.9,2.5,0.34700000000000003,2.7,4.7,0.584,1.0,1.7,0.591,1.4,4.7,6.1,1.7,1.5,0.8,1.3,3.7,9.0,Queens,New York,11511234
195,195,195,195,195,195,195,195,195,195,195,195,195,195,195,Gary Harris,25,DEN,56,55,1780,4.4,10.5,0.42,1.4,4.2,0.333,3.0,6.2,0.479,1.5,1.9,0.815,0.5,2.8,3.3,2.4,1.5,0.3,1.2,2.3,11.8,Fishers,Indiana,17839286
196,196,196,196,196,196,196,196,196,196,196,196,196,196,196,Joe Harris,28,BRK,63,63,1946,6.1,13.0,0.471,2.8,6.8,0.412,3.3,6.2,0.536,1.1,1.5,0.747,1.1,3.9,5.0,2.4,0.7,0.3,1.7,2.6,16.2,Chelan,Washington,7670000
197,197,197,197,197,197,197,197,197,197,197,197,197,197,197,Tobias Harris,27,PHI,65,65,2243,7.9,16.8,0.472,1.9,5.2,0.362,6.1,11.6,0.521,2.5,3.1,0.8059999999999999,0.9,6.2,7.1,3.3,0.8,0.6,1.6,2.4,20.2,Islip,New York,31034483
198,198,198,198,198,198,198,198,198,198,198,198,198,198,198,Shaquille Harrison,26,CHI,43,10,484,5.7,12.3,0.467,1.2,3.1,0.381,4.5,9.1,0.496,2.9,3.7,0.78,1.6,4.8,6.4,3.6,2.5,1.4,1.4,4.1,15.5,Kansas City,Missouri,898310
199,199,199,199,199,199,199,199,199,199,199,199,199,199,199,Josh Hart,24,NOP,57,14,1563,4.6,11.1,0.416,2.6,7.5,0.342,2.0,3.6,0.5710000000000001,1.6,2.1,0.747,1.2,7.3,8.5,2.2,1.4,0.5,1.5,3.3,13.3,Silver Spring,Maryland,1934160
200,200,200,200,200,200,200,200,200,200,200,200,200,200,200,Isaiah Hartenstein,21,HOU,23,2,266,6.0,9.1,0.657,0.0,0.7,0.0,6.0,8.4,0.71,2.6,3.8,0.679,3.9,8.3,12.2,2.4,1.2,1.6,2.2,5.5,14.5,Eugene,Oregon,1416852
201,201,201,201,201,201,201,201,201,201,201,201,201,201,201,Udonis Haslem,39,MIA,3,0,21,1.7,10.3,0.16699999999999998,0.0,3.4,0.0,1.7,6.9,0.25,5.1,6.9,0.75,0.0,13.7,13.7,1.7,0.0,0.0,0.0,5.1,8.6,Miami,Florida,2564753
202,202,202,202,202,202,202,202,202,202,202,202,202,202,202,Jaxson Hayes,19,NOP,56,12,951,5.9,8.9,0.66,0.0,0.2,0.25,5.8,8.7,0.667,4.1,6.5,0.63,3.1,5.3,8.4,1.9,0.9,2.0,1.6,5.4,15.9,Norman,Oklahoma,4862040
203,203,203,203,203,203,203,203,203,203,203,203,203,203,203,Gordon Hayward,29,BOS,45,45,1501,7.3,14.6,0.502,1.8,4.5,0.392,5.5,10.0,0.5529999999999999,2.3,2.7,0.847,1.1,6.0,7.1,4.4,0.8,0.5,1.9,1.9,18.7,Indianapolis,Indiana,32700690
205,205,205,205,205,205,205,205,205,205,205,205,205,205,205,Dewan Hernandez,23,TOR,4,0,11,3.3,16.4,0.2,0.0,3.3,0.0,3.3,13.1,0.25,6.5,6.5,1.0,6.5,16.4,22.9,0.0,3.3,0.0,3.3,19.6,13.1,Miami,Florida,898310
208,208,208,208,208,208,208,208,208,208,208,208,208,208,208,Tyler Herro,20,MIA,47,6,1280,6.2,15.0,0.414,2.8,7.1,0.391,3.4,7.8,0.434,1.9,2.2,0.835,0.4,4.9,5.3,2.6,0.8,0.2,2.0,1.7,17.0,Milwaukee,Wisconsin,3640200
212,212,212,212,212,212,212,212,212,212,212,212,212,212,212,George Hill,33,MIL,52,0,1103,5.8,11.0,0.53,2.4,5.0,0.48,3.4,6.0,0.5710000000000001,2.3,2.7,0.831,1.5,3.6,5.0,4.9,1.4,0.1,1.6,2.4,16.3,Indianapolis,Indiana,9133907
213,213,213,213,213,213,213,213,213,213,213,213,213,213,213,Solomon Hill,28,TOT,54,4,992,3.6,9.0,0.403,2.1,5.7,0.378,1.5,3.3,0.446,1.1,1.5,0.7140000000000001,1.0,4.6,5.6,3.6,1.3,0.4,1.7,2.8,10.5,Los Angeles,California,13258781
215,215,215,215,215,215,215,215,215,215,215,215,215,215,215,Aaron Holiday,23,IND,58,26,1368,5.3,13.1,0.407,2.1,5.3,0.394,3.2,7.7,0.416,1.6,1.9,0.861,0.6,2.9,3.5,5.1,1.2,0.3,2.0,2.7,14.4,Ruston,Louisiana,2239200
216,216,216,216,216,216,216,216,216,216,216,216,216,216,216,Jrue Holiday,29,NOP,55,55,1922,7.9,17.4,0.452,2.2,6.0,0.35700000000000004,5.7,11.4,0.502,2.2,3.2,0.7,1.3,3.7,5.0,7.1,1.7,0.8,3.0,2.3,20.2,Chatsworth,California,26131111
217,217,217,217,217,217,217,217,217,217,217,217,217,217,217,Justin Holiday,30,IND,65,2,1617,4.2,9.6,0.44,2.7,6.4,0.424,1.5,3.2,0.472,1.0,1.3,0.78,0.7,3.9,4.6,1.9,1.7,0.9,0.9,2.6,12.2,Mission Hills,California,4767000
218,218,218,218,218,218,218,218,218,218,218,218,218,218,218,Rondae Hollis-Jefferson,25,TOR,52,5,998,5.0,10.6,0.471,0.1,0.6,0.118,4.9,10.0,0.493,3.4,4.7,0.736,3.7,5.5,9.2,3.2,1.6,0.8,1.8,3.8,13.5,Chester,Pennsylvania,2500000
219,219,219,219,219,219,219,219,219,219,219,219,219,219,219,Richaun Holmes,26,SAC,39,33,1125,6.7,10.3,0.654,0.0,0.0,0.0,6.7,10.3,0.654,2.6,3.2,0.8,3.8,6.6,10.4,1.2,1.2,1.8,1.6,4.9,16.0,Lockport,Illinois,4767000
220,220,220,220,220,220,220,220,220,220,220,220,220,220,220,Rodney Hood,27,POR,21,21,619,5.1,10.0,0.506,2.0,4.1,0.493,3.0,5.9,0.515,1.2,1.6,0.778,0.6,3.6,4.2,1.9,1.0,0.2,1.1,2.7,13.4,Meridian,Mississippi,5718000
222,222,222,222,222,222,222,222,222,222,222,222,222,222,222,Talen Horton-Tucker,19,LAL,2,0,5,0.0,7.2,0.0,0.0,7.2,0.0,0.0,0.0,0.0,0.0,0.0,0.0,0.0,0.0,0.0,14.4,7.2,0.0,0.0,0.0,0.0,Chicago,Illinois,898310
223,223,223,223,223,223,223,223,223,223,223,223,223,223,223,Danuel House,26,HOU,58,47,1739,4.3,10.0,0.4270000000000001,2.3,6.4,0.363,1.9,3.5,0.544,1.4,1.8,0.8,1.2,3.9,5.1,1.6,1.3,0.7,1.0,2.5,12.3,Houston,Texas,3540000
224,224,224,224,224,224,224,224,224,224,224,224,224,224,224,Dwight Howard,34,LAL,62,2,1193,5.7,7.8,0.732,0.1,0.2,0.6,5.6,7.6,0.7340000000000001,2.7,5.4,0.494,4.7,9.1,13.8,1.3,0.8,2.3,2.2,6.0,14.1,Atlanta,Georgia,3039097
226,226,226,226,226,226,226,226,226,226,226,226,226,226,226,Kevin Huerter,21,ATL,56,48,1760,5.2,12.5,0.413,2.6,6.8,0.38,2.6,5.6,0.453,1.1,1.3,0.828,0.7,3.9,4.7,4.4,1.0,0.6,1.8,2.8,14.0,Albany,New York,2636280
227,227,227,227,227,227,227,227,227,227,227,227,227,227,227,De'Andre Hunter,22,ATL,63,62,2018,5.0,12.2,0.41,1.9,5.4,0.355,3.1,6.8,0.454,2.0,2.6,0.764,0.8,4.3,5.1,2.0,0.8,0.3,1.8,3.2,13.9,Philadelphia,Pennsylvania,7068360
228,228,228,228,228,228,228,228,228,228,228,228,228,228,228,Chandler Hutchison,23,CHI,28,10,527,5.5,12.0,0.457,0.8,2.6,0.316,4.6,9.4,0.496,3.1,5.3,0.59,1.2,6.1,7.4,1.8,1.8,0.5,1.8,3.2,14.9,Mission Viejo,California,2332320
230,230,230,230,230,230,230,230,230,230,230,230,230,230,230,Andre Iguodala,36,MIA,14,0,259,3.5,7.1,0.49,1.3,3.3,0.375,2.2,3.8,0.593,0.3,1.1,0.25,1.4,6.0,7.4,3.9,1.1,2.2,2.4,3.9,8.5,Springfield,Illinois,17185185
235,235,235,235,235,235,235,235,235,235,235,235,235,235,235,Jonathan Isaac,22,ORL,32,32,949,5.7,12.2,0.463,1.1,3.5,0.33,4.5,8.8,0.515,2.1,2.8,0.767,2.2,6.3,8.4,1.7,1.9,3.0,1.8,3.0,14.6,The Bronx,New York,5806440
236,236,236,236,236,236,236,236,236,236,236,236,236,236,236,Wesley Iwundu,25,ORL,45,18,810,3.4,8.6,0.397,0.9,3.0,0.313,2.5,5.6,0.441,2.8,3.4,0.816,1.0,4.0,5.0,2.0,1.1,0.5,0.8,2.8,10.5,Houston,Texas,1618520
237,237,237,237,237,237,237,237,237,237,237,237,237,237,237,Frank Jackson,21,NOP,51,1,656,5.4,14.1,0.385,2.1,6.6,0.325,3.3,7.5,0.438,2.6,3.5,0.75,1.0,2.9,3.9,2.3,0.8,0.2,2.4,3.7,15.6,Washington,District of Columbia,1618520
238,238,238,238,238,238,238,238,238,238,238,238,238,238,238,Jaren Jackson Jr.,20,MEM,54,54,1512,7.8,16.7,0.468,3.2,8.1,0.397,4.6,8.6,0.535,2.9,4.0,0.741,1.3,4.8,6.0,1.8,0.9,2.1,2.2,5.2,21.8,Plainfield,New Jersey,6927480
239,239,239,239,239,239,239,239,239,239,239,239,239,239,239,Josh Jackson,22,MEM,18,0,357,6.9,15.6,0.439,2.3,7.3,0.319,4.5,8.4,0.542,2.9,4.4,0.659,1.1,4.7,5.8,3.1,1.8,0.9,2.5,3.9,19.0,San Diego,California,7059480
240,240,240,240,240,240,240,240,240,240,240,240,240,240,240,Justin Jackson,24,DAL,58,2,929,4.8,12.1,0.399,1.7,5.9,0.298,3.1,6.2,0.494,1.4,1.7,0.818,1.0,4.5,5.5,1.9,0.5,0.4,0.5,2.2,12.7,Houston,Texas,3280920
242,242,242,242,242,242,242,242,242,242,242,242,242,242,242,Justin James,23,SAC,34,0,218,5.4,12.9,0.423,1.5,4.3,0.34600000000000003,4.0,8.6,0.462,1.7,3.5,0.476,1.0,4.0,5.0,2.6,1.0,1.5,1.3,2.6,14.0,Port St. Lucie,Florida,898310
243,243,243,243,243,243,243,243,243,243,243,243,243,243,243,LeBron James,35,LAL,60,60,2094,10.1,20.2,0.498,2.3,6.6,0.349,7.8,13.7,0.57,4.1,5.9,0.6970000000000001,1.0,7.1,8.1,10.9,1.3,0.5,4.1,1.8,26.5,Akron,Ohio,37436858
244,244,244,244,244,244,244,244,244,244,244,244,244,244,244,Amile Jefferson,26,ORL,18,0,74,2.4,6.8,0.35700000000000004,0.0,0.0,0.0,2.4,6.8,0.35700000000000004,2.4,6.8,0.35700000000000004,4.9,6.3,11.2,1.9,0.5,1.5,1.5,3.4,7.3,Philadelphia,Pennsylvania,1445697
246,246,246,246,246,246,246,246,246,246,246,246,246,246,246,Ty Jerome,22,PHO,28,0,315,4.2,12.1,0.349,1.5,5.4,0.277,2.7,6.7,0.407,1.3,1.6,0.7859999999999999,0.7,4.0,4.7,4.9,1.6,0.3,2.1,3.2,11.2,New York,New York,2193480
247,247,247,247,247,247,247,247,247,247,247,247,247,247,247,Alize Johnson,23,IND,13,0,54,4.7,10.0,0.467,0.0,0.0,0.0,4.7,10.0,0.467,2.7,4.0,0.667,4.7,7.3,12.0,1.3,0.0,0.0,2.0,4.0,12.0,Williamsport,Pennsylvania,1416852
249,249,249,249,249,249,249,249,249,249,249,249,249,249,249,Cameron Johnson,23,PHO,49,1,996,4.9,11.7,0.418,3.3,8.3,0.397,1.6,3.5,0.469,1.3,1.7,0.7609999999999999,1.4,3.7,5.1,1.9,1.1,0.6,1.0,2.6,14.4,Moon Township,Pennsylvania,4033440
250,250,250,250,250,250,250,250,250,250,250,250,250,250,250,James Johnson,32,TOT,32,1,619,6.0,12.5,0.479,1.9,5.3,0.363,4.1,7.2,0.565,1.8,2.8,0.6459999999999999,1.5,5.4,6.9,4.3,1.5,1.9,2.8,4.7,15.7,Cheyenne,Wyoming,15349400
251,251,251,251,251,251,251,251,251,251,251,251,251,251,251,Keldon Johnson,20,SAS,9,0,92,6.3,12.1,0.516,0.8,2.0,0.4,5.5,10.2,0.5379999999999999,2.7,3.9,0.7,2.0,4.7,6.7,2.3,2.0,0.4,1.2,3.5,16.0,Chesterfield,Virginia,1950600
252,252,252,252,252,252,252,252,252,252,252,252,252,252,252,Stanley Johnson,23,TOR,20,0,96,3.0,11.6,0.258,0.7,4.9,0.154,2.3,6.8,0.333,1.9,2.3,0.833,1.1,7.1,8.2,3.0,1.5,0.7,3.0,3.7,8.6,Los Angeles,California,3623000
253,253,253,253,253,253,253,253,253,253,253,253,253,253,253,Tyler Johnson,27,PHO,31,3,515,4.5,12.0,0.38,1.7,5.8,0.289,2.9,6.2,0.466,1.7,2.2,0.75,0.7,2.9,3.6,3.5,0.8,0.6,1.7,3.0,12.4,Grand Forks,North Dakota,19245370
255,255,255,255,255,255,255,255,255,255,255,255,255,255,255,Damian Jones,24,ATL,55,27,887,4.9,7.2,0.68,0.1,0.4,0.222,4.8,6.9,0.7040000000000001,2.5,3.4,0.738,3.0,5.4,8.4,1.4,1.1,1.6,1.1,6.0,12.4,Baton Rouge,Louisiana,2305057
256,256,256,256,256,256,256,256,256,256,256,256,256,256,256,Derrick Jones Jr.,22,MIA,51,15,1249,4.8,9.3,0.514,1.0,3.6,0.27,3.8,5.7,0.67,2.5,3.3,0.779,1.6,4.5,6.1,1.6,1.6,1.0,0.8,3.3,13.1,Chester,Pennsylvania,1645357
257,257,257,257,257,257,257,257,257,257,257,257,257,257,257,Tyus Jones,23,MEM,65,6,1232,5.8,12.5,0.459,1.4,3.6,0.379,4.4,8.9,0.4920000000000001,1.3,1.7,0.741,0.3,2.7,3.0,8.3,1.7,0.2,1.6,1.3,14.1,Burnsville,Minnesota,8408000
258,258,258,258,258,258,258,258,258,258,258,258,258,258,258,DeAndre Jordan,31,BRK,56,6,1234,5.6,8.4,0.6659999999999999,0.0,0.0,0.0,5.6,8.4,0.6659999999999999,2.4,3.6,0.68,4.1,12.3,16.4,3.1,0.5,1.5,2.2,3.3,13.6,Houston,Texas,9881598
261,261,261,261,261,261,261,261,261,261,261,261,261,261,261,Frank Kaminsky,26,PHO,32,13,718,6.4,14.0,0.455,2.0,5.6,0.348,4.4,8.4,0.527,3.0,4.4,0.67,1.5,6.4,7.9,3.6,0.7,0.5,1.7,3.5,17.6,Lisle,Illinois,4767000
263,263,263,263,263,263,263,263,263,263,263,263,263,263,263,Luke Kennard,23,DET,28,25,922,5.9,13.4,0.442,2.9,7.1,0.399,3.0,6.2,0.491,2.6,2.9,0.893,0.4,3.5,3.8,4.5,0.5,0.2,1.7,2.5,17.3,Middletown,Ohio,3827160
264,264,264,264,264,264,264,264,264,264,264,264,264,264,264,Stanton Kidd,27,UTA,4,0,15,0.0,7.2,0.0,0.0,2.4,0.0,0.0,4.8,0.0,0.0,0.0,0.0,0.0,7.2,7.2,2.4,0.0,0.0,4.8,7.2,0.0,Baltimore,Maryland,250000
265,265,265,265,265,265,265,265,265,265,265,265,265,265,265,Michael Kidd-Gilchrist,26,TOT,21,0,231,3.0,9.4,0.317,0.8,3.1,0.25,2.2,6.2,0.35,1.4,1.7,0.818,1.9,6.7,8.6,2.0,0.3,0.8,2.0,5.0,8.1,Philadelphia,Pennsylvania,13000000
268,268,268,268,268,268,268,268,268,268,268,268,268,268,268,Brandon Knight,28,TOT,25,3,462,4.6,13.0,0.353,3.5,10.2,0.344,1.1,2.8,0.389,1.6,2.6,0.588,0.3,2.9,3.2,5.4,0.8,0.2,3.0,3.1,14.3,Miami,Florida,15643750
269,269,269,269,269,269,269,269,269,269,269,269,269,269,269,Kevin Knox,20,NYK,65,4,1166,4.4,12.4,0.359,2.0,6.1,0.327,2.4,6.2,0.391,2.0,3.1,0.653,0.9,4.8,5.7,1.9,0.7,0.9,1.4,3.3,12.9,Phoenix,Arizona,4380120
272,272,272,272,272,272,272,272,272,272,272,272,272,272,272,Luke Kornet,24,CHI,36,14,559,5.3,12.0,0.439,2.0,7.0,0.287,3.3,5.1,0.6459999999999999,1.3,1.8,0.7140000000000001,1.4,4.0,5.4,2.1,0.7,1.7,0.9,3.5,13.8,Lantana,Texas,2195122
273,273,273,273,273,273,273,273,273,273,273,273,273,273,273,Kyle Korver,38,MIL,50,0,833,4.8,11.2,0.429,3.7,8.9,0.415,1.1,2.2,0.481,1.2,1.5,0.8240000000000001,0.6,3.9,4.5,2.6,0.9,0.5,1.8,2.9,14.5,Lakewood,California,3440000
275,275,275,275,275,275,275,275,275,275,275,275,275,275,275,Kyle Kuzma,24,LAL,54,7,1327,6.9,16.0,0.4320000000000001,1.9,6.4,0.297,5.0,9.5,0.523,2.6,3.5,0.738,1.3,5.3,6.6,1.9,0.6,0.6,2.3,2.9,18.3,Flint,Michigan,1974600
277,277,277,277,277,277,277,277,277,277,277,277,277,277,277,Jeremy Lamb,27,IND,46,42,1291,6.0,13.4,0.451,1.5,4.4,0.335,4.5,9.0,0.508,2.6,3.1,0.836,0.7,4.9,5.6,2.7,1.5,0.6,1.4,2.9,16.1,Henrico,Virginia,10500000
278,278,278,278,278,278,278,278,278,278,278,278,278,278,278,Romeo Langford,20,BOS,27,1,298,2.9,7.7,0.375,0.6,2.8,0.217,2.3,5.0,0.463,1.9,2.8,0.696,1.7,2.2,3.9,0.7,1.0,0.7,1.1,3.5,8.3,New Albany,Indiana,3458400
279,279,279,279,279,279,279,279,279,279,279,279,279,279,279,Zach LaVine,24,CHI,60,60,2085,9.3,20.7,0.45,3.2,8.4,0.38,6.1,12.3,0.4970000000000001,4.6,5.8,0.802,0.7,4.3,5.0,4.4,1.5,0.5,3.6,2.3,26.4,Renton,Washington,19500000
281,281,281,281,281,281,281,281,281,281,281,281,281,281,281,Jake Layman,25,MIN,23,2,505,5.8,12.8,0.453,1.7,5.1,0.333,4.1,7.6,0.5329999999999999,1.7,2.3,0.75,1.2,2.9,4.1,1.1,1.2,0.7,1.7,3.4,15.0,Norwood,Massachusetts,3581986
283,283,283,283,283,283,283,283,283,283,283,283,283,283,283,Jalen Lecque,19,PHO,4,0,26,5.5,13.8,0.4,0.0,5.5,0.0,5.5,8.3,0.667,2.8,2.8,1.0,0.0,0.0,0.0,2.8,0.0,0.0,1.4,2.8,13.8,New York,New York,898310
284,284,284,284,284,284,284,284,284,284,284,284,284,284,284,Courtney Lee,34,DAL,24,9,345,4.2,8.6,0.488,2.2,4.9,0.447,2.0,3.7,0.5429999999999999,0.6,0.7,0.857,0.7,2.6,3.3,1.3,1.9,0.6,1.1,3.4,11.2,Indianapolis,Indiana,12759670
285,285,285,285,285,285,285,285,285,285,285,285,285,285,285,Damion Lee,27,GSW,49,36,1423,5.4,12.9,0.417,2.2,6.0,0.35600000000000004,3.2,6.9,0.471,2.8,3.2,0.873,0.8,5.2,6.0,3.4,1.3,0.2,1.7,2.9,15.7,Baltimore,Maryland,842327
287,287,287,287,287,287,287,287,287,287,287,287,287,287,287,Kawhi Leonard,28,LAC,51,51,1643,10.4,22.3,0.469,2.3,6.4,0.366,8.1,15.9,0.51,6.8,7.7,0.889,1.1,7.0,8.2,5.6,2.0,0.7,3.1,2.1,30.0,Los Angeles,California,32742000
288,288,288,288,288,288,288,288,288,288,288,288,288,288,288,Meyers Leonard,27,MIA,49,49,987,4.2,8.1,0.52,1.9,4.3,0.429,2.4,3.8,0.625,0.6,0.9,0.654,1.0,8.1,9.0,1.9,0.5,0.5,1.3,3.8,10.9,Robinson,Illinois,11286515
289,289,289,289,289,289,289,289,289,289,289,289,289,289,289,Caris LeVert,25,BRK,39,25,1131,8.0,19.4,0.414,2.3,6.0,0.381,5.7,13.4,0.429,3.7,5.1,0.72,1.3,3.8,5.1,5.1,1.4,0.2,3.1,2.3,22.0,Columbus,Ohio,2625718
290,290,290,290,290,290,290,290,290,290,290,290,290,290,290,Damian Lillard,29,POR,58,58,2140,8.9,19.5,0.457,3.8,9.6,0.394,5.1,9.9,0.518,6.5,7.4,0.888,0.5,3.7,4.2,7.6,1.0,0.4,2.8,1.6,28.2,Oakland,California,29802321
291,291,291,291,291,291,291,291,291,291,291,291,291,291,291,Nassir Little,19,POR,48,5,573,4.1,9.5,0.43,0.9,3.7,0.237,3.2,5.8,0.5539999999999999,1.8,2.8,0.636,1.9,4.8,6.8,1.4,0.8,0.9,0.9,4.5,10.8,Pensacola,Florida,2105520
292,292,292,292,292,292,292,292,292,292,292,292,292,292,292,Kevon Looney,23,GSW,20,4,262,4.0,10.9,0.3670000000000001,0.1,1.9,0.071,3.8,8.9,0.431,1.2,1.6,0.75,3.8,5.2,9.1,2.7,1.6,0.8,1.6,4.7,9.3,Milwaukee,Wisconsin,4464286
293,293,293,293,293,293,293,293,293,293,293,293,293,293,293,Brook Lopez,31,MIL,61,60,1622,5.4,12.7,0.4270000000000001,1.9,6.3,0.29600000000000004,3.6,6.4,0.557,2.2,2.7,0.81,0.9,5.1,6.0,2.1,1.0,3.3,1.4,3.3,14.9,North Hollywood,California,12093024
294,294,294,294,294,294,294,294,294,294,294,294,294,294,294,Robin Lopez,31,MIL,60,4,862,5.7,11.4,0.502,1.4,4.0,0.344,4.3,7.4,0.588,1.0,1.8,0.535,2.2,3.9,6.1,1.7,0.4,1.7,2.3,3.3,13.8,North Hollywood,California,4767000
295,295,295,295,295,295,295,295,295,295,295,295,295,295,295,Kevin Love,31,CLE,56,56,1780,6.6,14.7,0.45,3.0,7.9,0.374,3.7,6.8,0.537,3.8,4.4,0.8540000000000001,1.1,10.0,11.1,3.6,0.7,0.4,2.8,1.8,20.0,Santa Monica,California,28900000
296,296,296,296,296,296,296,296,296,296,296,296,296,296,296,Kyle Lowry,33,TOR,52,52,1901,5.9,14.0,0.417,2.9,8.2,0.354,3.0,5.9,0.505,4.8,5.6,0.861,0.6,4.2,4.8,7.6,1.3,0.4,2.9,3.2,19.4,Philadelphia,Pennsylvania,33296296
300,300,300,300,300,300,300,300,300,300,300,300,300,300,300,J.P. Macura,24,CLE,1,0,1,0.0,0.0,0.0,0.0,0.0,0.0,0.0,0.0,0.0,0.0,0.0,0.0,0.0,0.0,0.0,0.0,0.0,0.0,0.0,0.0,0.0,Lakeville,Minnesota,81678
301,301,301,301,301,301,301,301,301,301,301,301,301,301,301,Josh Magette,30,ORL,8,0,38,4.7,14.2,0.333,0.9,3.8,0.25,3.8,10.4,0.364,0.9,1.9,0.5,0.9,4.7,5.7,4.7,2.8,0.9,4.7,3.8,11.4,Birmingham,Alabama,81678
304,304,304,304,304,304,304,304,304,304,304,304,304,304,304,Terance Mann,23,LAC,35,6,271,2.9,7.2,0.407,0.4,1.6,0.25,2.5,5.6,0.452,1.2,1.6,0.75,0.5,3.9,4.4,5.0,1.1,0.7,1.9,4.8,7.4,Brooklyn,New York,1000000
313,313,313,313,313,313,313,313,313,313,313,313,313,313,313,Wesley Matthews,33,MIL,62,62,1529,3.7,9.4,0.397,2.4,6.5,0.365,1.4,2.9,0.468,1.1,1.5,0.762,0.5,3.3,3.8,2.1,0.9,0.2,1.0,2.1,11.0,San Antonio,Texas,2564753
314,314,314,314,314,314,314,314,314,314,314,314,314,314,314,Patrick McCaw,24,TOR,37,12,908,2.7,6.4,0.414,0.9,2.8,0.324,1.7,3.6,0.484,0.5,0.7,0.722,0.8,2.7,3.4,3.1,1.5,0.2,1.1,2.4,6.7,St. Louis,Missouri,4000000
315,315,315,315,315,315,315,315,315,315,315,315,315,315,315,CJ McCollum,28,POR,62,62,2229,8.9,19.6,0.453,2.8,7.4,0.38,6.1,12.2,0.4970000000000001,2.0,2.6,0.75,0.7,3.4,4.1,4.3,0.7,0.6,1.9,2.6,22.5,Canton,Ohio,27556959
316,316,316,316,316,316,316,316,316,316,316,316,316,316,316,T.J. McConnell,27,IND,63,3,1188,5.7,11.0,0.517,0.2,0.5,0.333,5.5,10.5,0.524,0.9,1.1,0.833,1.0,4.0,4.9,9.6,1.3,0.3,2.6,2.1,12.4,Pittsburgh,Pennsylvania,3500000
317,317,317,317,317,317,317,317,317,317,317,317,317,317,317,Jalen McDaniels,22,CHO,16,0,293,4.1,8.6,0.471,1.1,2.9,0.375,2.9,5.7,0.522,1.7,2.1,0.8240000000000001,1.8,6.1,8.0,1.6,1.0,0.4,1.4,4.4,10.9,Federal Way,Washington,898310
318,318,318,318,318,318,318,318,318,318,318,318,318,318,318,Doug McDermott,28,IND,62,0,1242,7.0,14.2,0.491,3.4,7.7,0.445,3.6,6.6,0.544,1.2,1.5,0.8270000000000001,0.7,3.9,4.5,2.0,0.3,0.1,1.2,3.1,18.6,Grand Forks,North Dakota,7333334
319,319,319,319,319,319,319,319,319,319,319,319,319,319,319,JaVale McGee,32,LAL,61,61,1023,6.4,10.0,0.64,0.1,0.2,0.5,6.3,9.7,0.643,1.7,2.6,0.653,3.9,8.6,12.5,1.2,1.1,3.2,1.7,5.1,14.6,Flint,Michigan,4000000
320,320,320,320,320,320,320,320,320,320,320,320,320,320,320,Rodney McGruder,28,LAC,50,3,749,2.9,7.5,0.391,1.1,3.8,0.278,1.9,3.7,0.506,0.7,1.3,0.536,1.2,4.9,6.2,1.4,1.1,0.4,1.0,3.2,7.6,Landover,Maryland,4629630
321,321,321,321,321,321,321,321,321,321,321,321,321,321,321,Alfonzo McKinnie,27,CLE,40,1,593,4.4,10.4,0.4270000000000001,0.8,3.9,0.215,3.6,6.4,0.557,1.3,1.9,0.71,2.2,4.6,6.9,0.8,1.4,0.5,1.6,4.4,11.0,Chicago,Illinois,1361046
323,323,323,323,323,323,323,323,323,323,323,323,323,323,323,Ben McLemore,26,HOU,63,19,1437,5.2,11.8,0.445,3.9,9.8,0.395,1.4,2.0,0.688,1.2,1.6,0.758,0.5,3.0,3.5,1.4,1.0,0.3,1.2,3.3,15.5,St. Louis,Missouri,2028594
324,324,324,324,324,324,324,324,324,324,324,324,324,324,324,Jordan McRae,28,TOT,37,4,784,6.8,16.8,0.407,2.1,5.8,0.35700000000000004,4.8,11.0,0.433,3.8,5.0,0.7609999999999999,0.8,4.9,5.7,4.3,1.0,0.7,2.0,3.4,19.6,Savannah,Georgia,1645357
326,326,326,326,326,326,326,326,326,326,326,326,326,326,326,De'Anthony Melton,21,MEM,52,8,1011,5.3,12.6,0.419,1.3,4.2,0.316,4.0,8.4,0.47,3.1,3.8,0.821,1.3,5.6,6.9,5.6,2.3,0.6,2.8,3.3,15.0,North Hollywood,California,1416852
327,327,327,327,327,327,327,327,327,327,327,327,327,327,327,Chimezie Metu,22,SAS,16,0,73,9.9,17.3,0.5710000000000001,0.0,0.5,0.0,9.9,16.8,0.588,3.0,3.9,0.75,4.9,7.9,12.8,3.0,0.5,2.0,2.5,2.0,22.7,Los Angeles,California,1416852
328,328,328,328,328,328,328,328,328,328,328,328,328,328,328,Khris Middleton,28,MIL,55,52,1653,9.2,18.5,0.499,2.9,6.9,0.418,6.3,11.6,0.547,3.9,4.3,0.908,0.9,6.6,7.4,4.9,1.1,0.2,2.5,2.7,25.2,Charleston,South Carolina,30603448
330,330,330,330,330,330,330,330,330,330,330,330,330,330,330,C.J. Miles,32,WAS,10,0,161,4.2,13.2,0.322,2.5,7.8,0.314,1.8,5.4,0.333,3.4,4.5,0.75,0.9,1.8,2.7,2.7,2.2,0.9,0.9,3.1,14.3,Dallas,Texas,8730158
331,331,331,331,331,331,331,331,331,331,331,331,331,331,331,Malcolm Miller,26,TOR,25,1,125,2.3,6.9,0.333,1.7,5.5,0.316,0.6,1.4,0.4,0.3,1.7,0.16699999999999998,0.3,3.7,4.0,2.3,1.2,0.6,0.9,3.5,6.6,Gaithersburg,Maryland,1588231
333,333,333,333,333,333,333,333,333,333,333,333,333,333,333,Paul Millsap,34,DEN,44,41,1075,6.3,13.0,0.486,1.6,3.7,0.44,4.7,9.3,0.504,3.5,4.2,0.833,2.9,5.8,8.7,2.3,1.3,0.9,2.0,4.3,17.7,Monroe,Louisiana,30500000
334,334,334,334,334,334,334,334,334,334,334,334,334,334,334,Shake Milton,23,PHI,32,16,611,6.4,12.8,0.498,2.8,6.2,0.453,3.5,6.5,0.541,2.3,3.0,0.765,0.6,3.4,4.0,4.2,1.1,0.4,2.2,4.1,17.9,Owasso,Oklahoma,1445697
335,335,335,335,335,335,335,335,335,335,335,335,335,335,335,Donovan Mitchell,23,UTA,63,63,2165,9.3,20.5,0.453,2.6,7.1,0.364,6.7,13.4,0.501,4.1,4.8,0.8590000000000001,0.7,3.9,4.6,4.4,1.1,0.2,2.8,2.6,25.4,Elmsford,New York,3635760
338,338,338,338,338,338,338,338,338,338,338,338,338,338,338,Malik Monk,21,CHO,55,1,1169,6.5,15.0,0.434,1.8,6.3,0.284,4.7,8.7,0.542,2.5,3.1,0.82,0.8,4.0,4.8,3.5,0.8,0.5,2.4,2.3,17.4,Jonesboro,Arkansas,4028400
340,340,340,340,340,340,340,340,340,340,340,340,340,340,340,E'Twaun Moore,30,NOP,51,5,958,6.5,15.4,0.424,2.3,6.0,0.375,4.3,9.4,0.456,1.1,1.6,0.674,1.1,3.5,4.6,2.7,1.1,0.4,1.4,2.9,16.4,East Chicago,Indiana,8664928
341,341,341,341,341,341,341,341,341,341,341,341,341,341,341,Ja Morant,20,MEM,59,59,1771,8.0,16.3,0.491,1.0,2.8,0.3670000000000001,7.0,13.4,0.517,4.1,5.4,0.77,0.9,3.3,4.2,8.3,1.1,0.3,3.9,1.8,21.2,Dalzell,South Carolina,8730240
342,342,342,342,342,342,342,342,342,342,342,342,342,342,342,Juwan Morgan,22,UTA,16,0,74,4.4,8.3,0.529,0.5,2.4,0.2,3.9,5.8,0.667,0.0,0.0,0.0,2.4,6.8,9.2,1.0,0.0,0.5,1.5,3.4,9.2,Waynesville,Missouri,746054
343,343,343,343,343,343,343,343,343,343,343,343,343,343,343,Marcus Morris,30,TOT,55,55,1727,6.8,15.6,0.433,2.8,6.8,0.41,4.0,8.9,0.451,3.6,4.4,0.823,1.1,4.7,5.9,1.6,0.9,0.6,1.8,3.4,19.9,Philadelphia,Pennsylvania,15000000
344,344,344,344,344,344,344,344,344,344,344,344,344,344,344,Markieff Morris,30,TOT,52,16,1106,6.2,13.8,0.445,2.6,6.8,0.386,3.5,7.0,0.502,2.1,2.7,0.7829999999999999,1.1,5.4,6.5,2.4,0.9,0.5,2.4,3.9,17.1,Philadelphia,Pennsylvania,2241808
345,345,345,345,345,345,345,345,345,345,345,345,345,345,345,Monte Morris,24,DEN,65,8,1402,5.7,12.4,0.459,1.4,3.7,0.375,4.3,8.7,0.494,1.3,1.6,0.823,0.5,2.4,2.9,5.9,1.4,0.4,1.2,1.6,14.1,Grand Rapids,Michigan,1588231
349,349,349,349,349,349,349,349,349,349,349,349,349,349,349,Dejounte Murray,23,SAS,58,50,1447,6.3,13.4,0.475,0.8,2.2,0.378,5.5,11.1,0.494,1.9,2.3,0.7979999999999999,1.7,6.7,8.3,5.9,2.5,0.4,2.7,3.2,15.4,Seattle,Washington,2321735
352,352,352,352,352,352,352,352,352,352,352,352,352,352,352,Mike Muscala,28,OKC,41,0,492,4.7,11.6,0.403,3.1,8.8,0.358,1.5,2.9,0.5379999999999999,1.3,1.6,0.818,1.0,5.9,6.9,2.5,0.6,0.8,1.0,3.7,13.8,St. Louis Park,Minnesota,2028594
355,355,355,355,355,355,355,355,355,355,355,355,355,355,355,Larry Nance Jr.,27,CLE,56,10,1472,5.6,10.5,0.531,1.4,3.9,0.35200000000000004,4.2,6.7,0.636,1.2,1.8,0.6759999999999999,2.6,7.4,10.0,3.0,1.4,0.5,1.5,2.2,13.8,Akron,Ohio,12727273
356,356,356,356,356,356,356,356,356,356,356,356,356,356,356,Shabazz Napier,28,TOT,51,30,1234,5.0,12.0,0.412,2.1,6.5,0.32,2.9,5.6,0.518,3.4,4.1,0.823,0.7,3.5,4.3,7.4,1.9,0.3,3.2,2.7,15.4,Roxbury,Massachusetts,1882867
358,358,358,358,358,358,358,358,358,358,358,358,358,358,358,Malik Newman,22,CLE,1,0,4,0.0,18.0,0.0,0.0,9.0,0.0,0.0,9.0,0.0,18.0,18.0,1.0,0.0,0.0,0.0,0.0,0.0,0.0,9.0,0.0,18.0,Shreveport,Louisiana,50752
359,359,359,359,359,359,359,359,359,359,359,359,359,359,359,Georges Niang,26,UTA,58,0,772,5.6,12.4,0.453,3.6,8.6,0.416,2.0,3.7,0.5379999999999999,0.9,1.0,0.8640000000000001,0.6,4.5,5.1,1.6,0.6,0.2,1.2,2.9,15.7,Lawrence,Massachusetts,1678854
360,360,360,360,360,360,360,360,360,360,360,360,360,360,360,Nerlens Noel,25,OKC,55,6,1014,6.2,9.0,0.685,0.0,0.1,0.333,6.1,8.9,0.6890000000000001,2.7,3.5,0.765,2.9,6.7,9.6,1.9,2.0,2.9,1.9,5.1,15.1,Malden,Massachusetts,2028594
361,361,361,361,361,361,361,361,361,361,361,361,361,361,361,Zach Norvell,22,TOT,5,0,41,2.6,10.5,0.25,2.6,7.0,0.375,0.0,3.5,0.0,0.9,0.9,1.0,0.0,5.3,5.3,2.6,1.8,0.0,2.6,3.5,8.8,Chicago,Illinois,50752
362,362,362,362,362,362,362,362,362,362,362,362,362,362,362,Jaylen Nowell,20,MIN,15,0,151,4.5,12.6,0.358,0.7,6.2,0.115,3.8,6.4,0.593,3.8,4.1,0.941,0.7,2.4,3.1,4.5,0.7,0.2,0.7,2.6,13.6,Seattle,Washington,1400000
364,364,364,364,364,364,364,364,364,364,364,364,364,364,364,Kendrick Nunn,24,MIA,62,62,1846,7.4,16.6,0.448,2.6,7.1,0.362,4.9,9.5,0.512,1.5,1.8,0.8370000000000001,0.4,2.9,3.3,4.1,1.0,0.2,2.0,2.8,18.9,Chicago,Illinois,1416852
365,365,365,365,365,365,365,365,365,365,365,365,365,365,365,David Nwaba,27,BRK,20,0,268,5.0,9.5,0.521,1.6,3.8,0.429,3.4,5.8,0.581,2.4,3.6,0.667,1.1,5.0,6.0,1.1,1.5,1.6,1.1,4.3,14.0,Los Angeles,California,1678854
366,366,366,366,366,366,366,366,366,366,366,366,366,366,366,Royce O'Neale,26,UTA,64,55,1862,2.7,6.2,0.439,1.6,4.1,0.389,1.1,2.1,0.536,0.7,0.9,0.735,0.4,6.1,6.6,3.2,0.9,0.5,1.0,3.5,7.7,Killeen,Texas,1618520
367,367,367,367,367,367,367,367,367,367,367,367,367,367,367,Kyle O'Quinn,29,PHI,26,1,258,4.9,10.0,0.486,1.0,3.2,0.304,3.9,6.8,0.5710000000000001,1.4,2.7,0.526,4.5,9.2,13.7,4.9,0.7,3.1,2.5,4.9,12.1,Queens,New York,2028594
368,368,368,368,368,368,368,368,368,368,368,368,368,368,368,Semi Ojeleye,25,BOS,61,5,891,2.6,6.4,0.409,1.5,4.0,0.3670000000000001,1.2,2.5,0.475,1.0,1.1,0.893,1.0,4.0,5.0,1.3,0.7,0.2,0.5,2.5,7.7,Overland Park,Kansas,1618520
369,369,369,369,369,369,369,369,369,369,369,369,369,369,369,Jahlil Okafor,24,NOP,28,9,424,7.5,12.2,0.611,0.1,0.2,0.5,7.4,12.1,0.613,3.1,4.9,0.638,3.9,6.2,10.1,3.1,0.6,1.6,3.1,5.3,18.2,Chicago,Illinois,1702486
372,372,372,372,372,372,372,372,372,372,372,372,372,372,372,KZ Okpala,20,MIA,5,0,26,4.2,6.9,0.6,0.0,1.4,0.0,4.2,5.5,0.75,1.4,2.8,0.5,1.4,5.5,6.9,1.4,2.8,1.4,1.4,2.8,9.7,Orange County,California,898310
373,373,373,373,373,373,373,373,373,373,373,373,373,373,373,Victor Oladipo,27,IND,13,10,337,6.7,17.2,0.391,2.2,7.4,0.304,4.5,9.8,0.457,3.4,4.4,0.78,0.7,3.6,4.4,4.2,1.2,0.3,3.0,2.2,19.1,Silver Spring,Maryland,21000000
375,375,375,375,375,375,375,375,375,375,375,375,375,375,375,Miye Oni,22,UTA,5,0,11,0.0,6.5,0.0,0.0,3.3,0.0,0.0,3.3,0.0,0.0,0.0,0.0,0.0,6.5,6.5,0.0,0.0,0.0,3.3,0.0,0.0,Los Angeles,California,898310
377,377,377,377,377,377,377,377,377,377,377,377,377,377,377,Kelly Oubre Jr.,24,PHO,56,55,1933,6.9,15.4,0.452,2.0,5.7,0.35200000000000004,4.9,9.7,0.511,3.6,4.6,0.78,1.2,5.5,6.7,1.6,1.3,0.7,1.5,3.6,19.5,New Orleans,Louisiana,15625000
379,379,379,379,379,379,379,379,379,379,379,379,379,379,379,Jeremy Pargo,33,GSW,3,0,44,9.0,18.0,0.5,2.5,5.7,0.429,6.5,12.3,0.5329999999999999,0.0,0.8,0.0,0.8,1.6,2.5,6.5,0.8,0.0,3.3,6.5,20.5,Chicago,Illinois,91557
380,380,380,380,380,380,380,380,380,380,380,380,380,380,380,Jabari Parker,24,TOT,33,23,852,8.4,16.9,0.499,1.3,4.9,0.267,7.1,12.0,0.594,2.3,3.1,0.743,2.3,6.0,8.2,2.5,1.8,0.6,2.5,4.0,20.5,Chicago,Illinois,6500000
381,381,381,381,381,381,381,381,381,381,381,381,381,381,381,Chandler Parsons,31,ATL,5,0,54,3.3,12.0,0.278,2.7,9.3,0.28600000000000003,0.7,2.7,0.25,0.0,0.0,0.0,0.7,4.0,4.7,2.0,2.7,0.7,2.0,2.0,9.3,Casselberry,Florida,25102511
382,382,382,382,382,382,382,382,382,382,382,382,382,382,382,Eric Paschall,23,GSW,60,26,1654,6.9,13.9,0.4970000000000001,0.8,2.8,0.287,6.1,11.1,0.55,3.6,4.6,0.774,1.8,4.2,6.0,2.8,0.7,0.3,2.0,2.7,18.2,North Tarrytown,New York,898310
384,384,384,384,384,384,384,384,384,384,384,384,384,384,384,Patrick Patterson,30,LAC,51,18,607,4.5,11.1,0.404,3.3,8.4,0.387,1.2,2.7,0.457,1.6,2.0,0.794,1.8,5.4,7.2,1.8,0.4,0.2,1.1,2.4,13.9,Washington,District of Columbia,2331593
385,385,385,385,385,385,385,385,385,385,385,385,385,385,385,Justin Patton,22,OKC,5,0,24,6.0,15.0,0.4,1.5,6.0,0.25,4.5,9.0,0.5,0.0,0.0,0.0,1.5,6.0,7.5,3.0,0.0,0.0,3.0,6.0,13.5,Omaha,Georgia,1620564
387,387,387,387,387,387,387,387,387,387,387,387,387,387,387,Elfrid Payton,25,NYK,45,36,1246,5.6,12.7,0.439,0.4,2.0,0.203,5.2,10.7,0.482,1.4,2.5,0.57,1.5,4.6,6.1,9.3,2.0,0.5,2.8,2.6,13.0,Gretna,Louisiana,8000000
388,388,388,388,388,388,388,388,388,388,388,388,388,388,388,Gary Payton II,27,WAS,29,17,432,4.0,9.7,0.414,1.1,3.8,0.28300000000000003,2.9,5.8,0.5,0.3,0.7,0.5,2.2,4.5,6.7,4.0,2.7,0.6,1.7,4.5,9.4,Seattle,Washington,1090781
391,391,391,391,391,391,391,391,391,391,391,391,391,391,391,Mason Plumlee,29,DEN,53,1,900,6.1,9.9,0.617,0.0,0.2,0.0,6.1,9.8,0.627,3.0,5.5,0.536,3.6,7.7,11.3,5.0,1.2,1.3,2.9,5.0,15.2,Fort Wayne,Indiana,14041096
395,395,395,395,395,395,395,395,395,395,395,395,395,395,395,Jordan Poole,20,GSW,57,14,1274,4.7,14.2,0.333,2.1,7.5,0.279,2.6,6.7,0.392,2.7,3.4,0.7979999999999999,0.3,3.1,3.3,3.8,1.0,0.3,2.1,2.7,14.2,Milwaukee,Wisconsin,1964760
396,396,396,396,396,396,396,396,396,396,396,396,396,396,396,Kevin Porter Jr.,19,CLE,50,3,1162,5.8,13.0,0.442,1.6,4.9,0.335,4.1,8.1,0.506,2.3,3.1,0.723,0.7,4.3,5.0,3.4,1.4,0.4,2.9,4.2,15.4,Seattle,Washington,1290960
397,397,397,397,397,397,397,397,397,397,397,397,397,397,397,Michael Porter Jr.,21,DEN,48,1,670,7.6,15.3,0.495,2.3,5.5,0.422,5.3,9.8,0.536,1.8,2.3,0.767,2.8,7.8,10.7,1.9,1.1,1.0,1.9,4.0,19.2,Columbia,Missouri,3389400
398,398,398,398,398,398,398,398,398,398,398,398,398,398,398,Otto Porter,26,CHI,14,9,331,6.7,15.2,0.443,2.6,6.7,0.387,4.1,8.5,0.487,2.1,2.9,0.7040000000000001,1.4,3.8,5.2,2.7,1.6,0.7,1.2,3.4,18.2,St. Louis,Missouri,27250576
399,399,399,399,399,399,399,399,399,399,399,399,399,399,399,Bobby Portis,24,NYK,66,5,1393,6.8,15.2,0.45,1.7,4.8,0.358,5.1,10.4,0.493,1.8,2.4,0.763,2.1,6.7,8.7,2.5,0.8,0.5,1.9,2.8,17.3,Little Rock,Arkansas,15000000
402,402,402,402,402,402,402,402,402,402,402,402,402,402,402,Norman Powell,26,TOR,44,23,1269,7.3,14.6,0.502,2.7,6.7,0.398,4.7,7.9,0.589,3.1,3.7,0.838,0.7,3.9,4.6,2.2,1.6,0.5,1.8,2.6,20.5,San Diego,California,10116576
403,403,403,403,403,403,403,403,403,403,403,403,403,403,403,Chasson Randle,26,GSW,3,0,40,0.0,3.6,0.0,0.0,1.8,0.0,0.0,1.8,0.0,4.5,5.4,0.833,0.0,1.8,1.8,4.5,1.8,0.0,0.0,2.7,4.5,Rock Island,Illinois,91557
404,404,404,404,404,404,404,404,404,404,404,404,404,404,404,Julius Randle,25,NYK,64,64,2080,8.0,17.4,0.46,1.1,4.0,0.277,6.9,13.4,0.515,4.5,6.1,0.733,2.6,8.2,10.8,3.4,0.9,0.4,3.3,3.1,21.6,Dallas,Texas,18000000
406,406,406,406,406,406,406,406,406,406,406,406,406,406,406,Cam Reddish,20,ATL,58,34,1551,4.9,12.9,0.384,1.9,5.8,0.332,3.0,7.1,0.428,2.3,2.9,0.802,0.8,4.2,5.0,2.0,1.4,0.6,2.2,3.1,14.2,Norristown,Pennsylvania,4245720
408,408,408,408,408,408,408,408,408,408,408,408,408,408,408,Naz Reid,20,MIN,30,11,495,7.3,17.7,0.412,2.3,7.1,0.33,4.9,10.6,0.466,2.7,3.9,0.698,2.5,6.5,9.0,2.5,1.4,1.6,1.6,6.0,19.6,Asbury Park,New Jersey,898310
409,409,409,409,409,409,409,409,409,409,409,409,409,409,409,Josh Richardson,26,PHI,48,46,1474,6.0,14.0,0.429,1.7,5.2,0.327,4.3,8.8,0.489,2.5,3.1,0.789,0.9,3.1,4.0,3.6,1.1,0.8,2.2,2.9,16.2,Edmond,Oklahoma,10100000
410,410,410,410,410,410,410,410,410,410,410,410,410,410,410,Austin Rivers,27,HOU,60,4,1402,4.7,11.1,0.421,2.1,6.0,0.358,2.5,5.1,0.495,1.5,2.3,0.667,0.6,3.0,3.6,2.5,1.1,0.3,0.9,2.9,13.0,Santa Monica,California,2174318
411,411,411,411,411,411,411,411,411,411,411,411,411,411,411,Duncan Robinson,25,MIA,65,60,1949,5.3,11.3,0.467,4.5,10.0,0.448,0.8,1.3,0.614,0.9,1.0,0.906,0.2,3.7,3.9,1.7,0.6,0.3,1.1,3.3,15.9,York,Maine,1416852
412,412,412,412,412,412,412,412,412,412,412,412,412,412,412,Glenn Robinson III,26,TOT,60,52,1743,5.8,11.9,0.486,1.5,3.9,0.387,4.3,8.0,0.535,1.5,1.7,0.867,1.6,3.8,5.4,2.0,1.1,0.3,1.1,2.0,14.6,Gary,Indiana,1882867
414,414,414,414,414,414,414,414,414,414,414,414,414,414,414,Justin Robinson,22,WAS,9,0,49,3.7,8.8,0.417,2.2,3.7,0.6,1.5,5.1,0.28600000000000003,0.0,0.0,0.0,0.7,2.9,3.7,5.1,0.0,0.7,2.2,1.5,9.6,Manassas,Virginia,395866
415,415,415,415,415,415,415,415,415,415,415,415,415,415,415,Mitchell Robinson,21,NYK,61,7,1412,6.5,8.7,0.742,0.0,0.0,0.0,6.5,8.7,0.742,2.1,3.8,0.568,4.7,6.2,10.9,0.9,1.3,3.0,0.9,4.9,15.0,Pensacola,Florida,1559712
416,416,416,416,416,416,416,416,416,416,416,416,416,416,416,Isaiah Roby,21,OKC,3,0,11,0.0,3.3,0.0,0.0,0.0,0.0,0.0,3.3,0.0,0.0,0.0,0.0,0.0,6.5,6.5,0.0,0.0,0.0,3.3,3.3,0.0,Dixon,Illinois,1500000
417,417,417,417,417,417,417,417,417,417,417,417,417,417,417,Rajon Rondo,33,LAL,48,3,984,5.0,12.0,0.418,1.5,4.6,0.328,3.5,7.4,0.473,1.0,1.5,0.659,0.8,4.4,5.2,8.8,1.5,0.1,3.3,2.1,12.5,Louisville,Kentucky,2564753
418,418,418,418,418,418,418,418,418,418,418,418,418,418,418,Derrick Rose,31,DET,50,15,1298,10.2,20.9,0.49,1.2,4.1,0.306,9.0,16.8,0.535,3.4,3.9,0.871,0.7,2.6,3.4,7.7,1.1,0.4,3.5,1.4,25.1,Chicago,Illinois,7317073
419,419,419,419,419,419,419,419,419,419,419,419,419,419,419,Terrence Ross,28,ORL,63,0,1723,6.6,16.2,0.407,3.4,9.5,0.35700000000000004,3.2,6.7,0.477,2.8,3.4,0.845,0.3,4.0,4.2,1.5,1.4,0.5,1.3,2.0,19.4,Portland,Oregon,12500000
420,420,420,420,420,420,420,420,420,420,420,420,420,420,420,Terry Rozier,25,CHO,63,63,2164,6.6,15.7,0.423,2.9,7.0,0.407,3.8,8.6,0.436,2.8,3.2,0.8740000000000001,0.8,3.8,4.6,4.3,1.0,0.2,2.3,2.1,18.9,Youngstown,Ohio,19894737
422,422,422,422,422,422,422,422,422,422,422,422,422,422,422,D'Angelo Russell,23,TOT,45,45,1452,8.9,21.0,0.426,3.9,10.7,0.3670000000000001,5.0,10.3,0.487,4.0,4.9,0.809,0.4,4.0,4.4,7.1,1.2,0.3,3.6,2.1,25.8,Louisville,Kentucky,27285000
423,423,423,423,423,423,423,423,423,423,423,423,423,423,423,Domantas Sabonis,23,IND,62,62,2159,7.6,14.1,0.54,0.3,1.1,0.254,7.4,13.0,0.565,3.6,4.9,0.723,3.2,9.7,12.9,5.2,0.8,0.5,2.8,3.3,19.1,Portland,Oregon,3529555
425,425,425,425,425,425,425,425,425,425,425,425,425,425,425,JaKarr Sampson,26,IND,26,10,340,5.1,8.6,0.593,0.2,1.4,0.154,4.9,7.2,0.6759999999999999,1.2,2.1,0.55,1.6,4.7,6.2,1.0,1.0,1.0,0.7,4.6,11.5,Cleveland,Ohio,1737145
430,430,430,430,430,430,430,430,430,430,430,430,430,430,430,Mike Scott,31,PHI,63,10,1119,4.2,10.3,0.408,2.3,6.6,0.358,1.8,3.7,0.496,0.8,1.0,0.833,1.9,5.4,7.2,1.5,0.6,0.2,0.8,2.7,11.5,Chesapeake,Virginia,4767000
432,432,432,432,432,432,432,432,432,432,432,432,432,432,432,Collin Sexton,21,CLE,65,65,2143,8.6,18.2,0.472,1.6,4.3,0.38,7.0,14.0,0.501,3.8,4.5,0.846,1.0,2.4,3.4,3.2,1.1,0.1,2.7,2.4,22.7,Marietta,Georgia,4764960
433,433,433,433,433,433,433,433,433,433,433,433,433,433,433,Landry Shamet,22,LAC,47,27,1294,4.1,9.8,0.416,2.9,7.5,0.392,1.1,2.3,0.494,1.6,1.8,0.905,0.2,2.3,2.5,2.4,0.5,0.3,1.0,3.6,12.6,Kansas City,Missouri,1995120
435,435,435,435,435,435,435,435,435,435,435,435,435,435,435,Iman Shumpert,29,BRK,13,0,241,3.1,9.6,0.328,1.2,4.9,0.242,1.9,4.6,0.419,0.6,1.0,0.5710000000000001,1.3,3.7,5.1,1.8,1.8,0.3,1.5,3.1,8.1,Oak Park,Illinois,419443
439,439,439,439,439,439,439,439,439,439,439,439,439,439,439,Anfernee Simons,20,POR,65,4,1400,5.4,13.5,0.402,1.9,5.6,0.338,3.5,7.9,0.448,2.0,2.4,0.826,0.6,3.1,3.8,2.4,0.7,0.3,1.6,3.4,14.7,Longwood,Florida,2149560
441,441,441,441,441,441,441,441,441,441,441,441,441,441,441,Marcus Smart,25,BOS,53,39,1721,5.0,13.2,0.38,2.7,7.7,0.348,2.3,5.5,0.424,2.2,2.7,0.835,0.8,3.4,4.3,5.4,1.8,0.6,1.9,3.0,14.9,Flower Mound,Texas,12553471
444,444,444,444,444,444,444,444,444,444,444,444,444,444,444,Zhaire Smith,20,PHI,7,0,32,3.4,12.4,0.273,0.0,3.4,0.0,3.4,9.0,0.375,2.3,4.5,0.5,0.0,2.3,2.3,2.3,3.4,0.0,2.3,4.5,9.0,Garland,Texas,3058800
445,445,445,445,445,445,445,445,445,445,445,445,445,445,445,Tony Snell,28,DET,59,57,1641,3.7,8.4,0.445,2.2,5.6,0.402,1.5,2.8,0.531,0.7,0.7,1.0,0.2,2.2,2.4,2.8,0.7,0.3,0.7,2.2,10.4,Los Angeles,California,11392857
446,446,446,446,446,446,446,446,446,446,446,446,446,446,446,Omari Spellman,22,GSW,49,3,886,5.2,12.0,0.431,1.7,4.5,0.391,3.4,7.5,0.454,3.0,3.7,0.7929999999999999,3.1,5.8,8.9,1.9,1.3,1.0,2.2,2.6,15.0,Cleveland,Ohio,1897800
447,447,447,447,447,447,447,447,447,447,447,447,447,447,447,Max Strus,23,CHI,2,0,6,12.0,18.0,0.667,0.0,6.0,0.0,12.0,12.0,1.0,6.0,6.0,1.0,6.0,0.0,6.0,0.0,0.0,0.0,0.0,6.0,30.0,Hickory Hills,Illinois,415414
448,448,448,448,448,448,448,448,448,448,448,448,448,448,448,Edmond Sumner,24,IND,25,2,345,4.9,11.6,0.423,1.0,4.0,0.263,3.9,7.6,0.507,1.0,1.6,0.667,1.0,2.8,3.9,4.1,1.6,0.8,2.0,3.7,11.9,Detroit,Michigan,2000000
449,449,449,449,449,449,449,449,449,449,449,449,449,449,449,Caleb Swanigan,22,TOT,27,1,288,3.5,5.9,0.596,0.0,0.2,0.0,3.5,5.6,0.622,1.1,2.1,0.529,3.4,9.1,12.5,3.9,0.4,0.9,4.6,7.7,8.1,Indianapolis,Indiana,2033160
450,450,450,450,450,450,450,450,450,450,450,450,450,450,450,Jayson Tatum,21,BOS,59,59,2043,8.8,19.6,0.448,2.9,7.4,0.398,5.9,12.2,0.479,4.0,4.9,0.8059999999999999,1.0,6.4,7.4,3.1,1.5,0.9,2.3,2.1,24.5,St. Louis,Missouri,7830000
451,451,451,451,451,451,451,451,451,451,451,451,451,451,451,Jeff Teague,31,TOT,59,17,1464,5.2,12.0,0.436,1.1,2.9,0.368,4.2,9.1,0.457,4.2,4.8,0.873,0.7,2.8,3.5,7.6,1.1,0.5,2.9,2.6,15.8,Indianapolis,Indiana,19000000
452,452,452,452,452,452,452,452,452,452,452,452,452,452,452,Garrett Temple,33,BRK,55,31,1547,4.6,12.2,0.378,2.6,8.1,0.324,2.0,4.1,0.483,1.3,1.7,0.767,0.7,3.8,4.4,3.3,1.0,0.6,1.3,2.2,13.1,Baton Rouge,Louisiana,4767000
454,454,454,454,454,454,454,454,454,454,454,454,454,454,454,Isaiah Thomas,30,WAS,40,37,925,6.8,16.6,0.408,3.0,7.4,0.413,3.7,9.2,0.405,2.4,3.0,0.816,0.4,2.2,2.6,5.7,0.5,0.2,3.0,3.0,19.0,Tacoma,Washington,2320044
455,455,455,455,455,455,455,455,455,455,455,455,455,455,455,Khyri Thomas,23,DET,8,0,61,3.0,10.0,0.294,3.0,8.3,0.35700000000000004,0.0,1.8,0.0,1.2,2.4,0.5,0.6,0.0,0.6,1.8,1.8,0.0,1.8,5.3,10.0,Omaha,Nebraska,838464
456,456,456,456,456,456,456,456,456,456,456,456,456,456,456,Matt Thomas,25,TOR,33,0,321,6.1,12.4,0.486,3.9,8.4,0.467,2.1,4.0,0.528,0.8,1.1,0.7,0.8,4.6,5.4,1.9,0.9,0.0,1.3,3.5,16.8,Decatur,Illinois,898310
458,458,458,458,458,458,458,458,458,458,458,458,458,458,458,Matisse Thybulle,22,PHI,57,13,1110,3.1,7.6,0.41,1.6,4.6,0.35200000000000004,1.5,3.0,0.5,0.8,1.3,0.61,1.1,1.7,2.8,2.3,2.6,1.3,1.5,3.9,8.7,Scottsdale,Arizona,2582160
459,459,459,459,459,459,459,459,459,459,459,459,459,459,459,Anthony Tolliver,34,TOT,47,9,732,2.7,7.6,0.348,1.9,6.0,0.322,0.7,1.7,0.441,0.9,1.2,0.72,1.5,5.1,6.5,1.6,0.7,0.5,1.5,3.1,8.1,Springfield,Missouri,2419852
460,460,460,460,460,460,460,460,460,460,460,460,460,460,460,Juan Toscano-Anderson,26,GSW,13,6,272,3.8,8.3,0.46,1.1,3.0,0.348,2.8,5.3,0.525,0.4,0.7,0.6,1.2,5.7,6.9,3.4,1.7,0.7,2.1,4.0,9.1,Oakland,California,350189
461,461,461,461,461,461,461,461,461,461,461,461,461,461,461,Karl-Anthony Towns,24,MIN,35,35,1187,9.6,18.9,0.508,3.5,8.4,0.412,6.1,10.5,0.586,5.5,6.9,0.7959999999999999,2.9,8.6,11.5,4.6,1.0,1.3,3.3,3.5,28.1,Edison,New Jersey,27250000
462,462,462,462,462,462,462,462,462,462,462,462,462,462,462,Gary Trent Jr.,21,POR,53,8,1059,5.1,11.9,0.426,2.7,6.8,0.388,2.4,5.1,0.477,1.0,1.2,0.833,0.7,2.3,3.0,1.7,1.3,0.4,0.6,2.3,13.8,Columbus,Ohio,1416852
463,463,463,463,463,463,463,463,463,463,463,463,463,463,463,Allonzo Trier,24,NYK,24,1,291,6.3,13.1,0.481,2.4,6.6,0.358,4.0,6.6,0.604,4.2,5.3,0.7909999999999999,0.7,2.8,3.6,3.5,0.4,0.5,2.7,3.6,19.2,Seattle,Washington,3551100
466,466,466,466,466,466,466,466,466,466,466,466,466,466,466,Evan Turner,31,ATL,19,0,251,3.6,9.6,0.373,0.0,0.7,0.0,3.6,8.9,0.403,1.7,2.0,0.857,1.1,4.3,5.5,5.5,1.3,1.1,3.7,2.9,8.9,Chicago,Illinois,18606557
467,467,467,467,467,467,467,467,467,467,467,467,467,467,467,Myles Turner,23,IND,55,55,1628,5.2,11.4,0.451,1.7,5.1,0.336,3.4,6.4,0.542,2.4,3.2,0.75,1.5,6.4,8.0,1.3,0.9,2.7,1.5,3.1,14.4,Bedford,Texas,18000000
468,468,468,468,468,468,468,468,468,468,468,468,468,468,468,Jarrod Uthoff,26,MEM,4,0,14,2.6,18.0,0.14300000000000002,0.0,10.3,0.0,2.6,7.7,0.333,5.1,5.1,1.0,2.6,0.0,2.6,0.0,2.6,0.0,0.0,2.6,10.3,Cedar Rapids,Iowa,81678
470,470,470,470,470,470,470,470,470,470,470,470,470,470,470,Denzel Valentine,26,CHI,36,5,488,7.2,17.5,0.409,3.4,10.1,0.336,3.8,7.4,0.51,0.4,0.6,0.75,0.7,4.8,5.5,3.2,1.9,0.4,1.9,3.8,18.1,Lansing,Michigan,3377569
471,471,471,471,471,471,471,471,471,471,471,471,471,471,471,Jarred Vanderbilt,20,TOT,11,0,46,3.9,6.3,0.625,0.0,0.8,0.0,3.9,5.5,0.7140000000000001,1.6,1.6,1.0,2.3,4.7,7.0,1.6,2.3,0.8,5.5,4.7,9.4,Houston,Texas,1416852
472,472,472,472,472,472,472,472,472,472,472,472,472,472,472,Fred VanVleet,25,TOR,48,48,1719,6.0,14.7,0.409,2.7,7.1,0.388,3.3,7.6,0.43,2.9,3.5,0.843,0.4,3.4,3.8,6.6,1.9,0.3,2.3,2.5,17.7,Rockford,Illinois,9000000
474,474,474,474,474,474,474,474,474,474,474,474,474,474,474,Noah Vonleh,24,TOT,33,1,364,4.9,8.8,0.562,0.3,1.5,0.2,4.6,7.3,0.635,2.4,3.0,0.8,3.7,8.5,12.2,2.7,1.1,0.6,2.1,3.8,12.6,Salem,Massachusetts,2000000
476,476,476,476,476,476,476,476,476,476,476,476,476,476,476,Dean Wade,23,CLE,12,0,71,4.6,6.6,0.6920000000000001,1.0,2.0,0.5,3.5,4.6,0.778,0.0,0.5,0.0,1.5,8.1,9.6,1.0,1.0,2.0,1.5,4.1,10.1,Wichita,Kansas,375000
478,478,478,478,478,478,478,478,478,478,478,478,478,478,478,Dion Waiters,28,MIA,3,0,42,8.6,22.3,0.385,6.9,14.6,0.471,1.7,7.7,0.222,0.0,0.9,0.0,0.0,9.4,9.4,2.6,0.0,1.7,2.6,4.3,24.0,Philadelphia,Pennsylvania,12100000
479,479,479,479,479,479,479,479,479,479,479,479,479,479,479,Kemba Walker,29,BOS,50,50,1592,7.9,18.8,0.421,3.7,9.9,0.377,4.2,8.9,0.47,4.4,5.1,0.867,0.7,3.9,4.6,5.6,1.1,0.6,2.4,1.7,24.0,The Bronx,New York,32742000
480,480,480,480,480,480,480,480,480,480,480,480,480,480,480,Lonnie Walker,21,SAS,53,4,767,5.4,12.5,0.434,1.4,3.3,0.408,4.1,9.2,0.444,1.8,2.5,0.7170000000000001,0.9,4.5,5.4,2.2,1.3,0.6,1.5,3.3,14.0,Reading,Pennsylvania,2760480
483,483,483,483,483,483,483,483,483,483,483,483,483,483,483,Derrick Walton,24,TOT,26,1,248,2.6,5.7,0.462,1.5,3.5,0.417,1.2,2.2,0.5329999999999999,1.0,1.3,0.778,0.3,2.0,2.3,3.9,1.0,0.0,0.7,3.0,7.7,Detroit,Michigan,1445697
484,484,484,484,484,484,484,484,484,484,484,484,484,484,484,Brad Wanamaker,30,BOS,63,1,1215,4.0,9.4,0.428,1.0,2.7,0.3670000000000001,3.1,6.8,0.452,3.2,3.4,0.931,0.6,3.1,3.7,4.7,1.5,0.4,2.1,3.6,12.2,Philadelphia,Pennsylvania,1445697
486,486,486,486,486,486,486,486,486,486,486,486,486,486,486,P.J. Washington,21,CHO,58,57,1759,5.5,12.1,0.455,1.8,4.7,0.374,3.7,7.3,0.507,1.8,2.8,0.647,1.2,5.3,6.5,2.5,1.0,0.9,1.9,3.2,14.5,Louisville,Kentucky,3831840
489,489,489,489,489,489,489,489,489,489,489,489,489,489,489,Paul Watson,25,TOT,5,0,25,0.0,11.5,0.0,0.0,5.8,0.0,0.0,5.8,0.0,1.4,2.9,0.5,0.0,5.8,5.8,7.2,1.4,1.4,0.0,1.4,1.4,Phoenix,Arizona,50752
491,491,491,491,491,491,491,491,491,491,491,491,491,491,491,Russell Westbrook,31,HOU,53,53,1905,10.7,22.7,0.474,1.0,3.8,0.254,9.8,18.9,0.518,5.1,6.5,0.777,1.8,6.3,8.1,7.0,1.7,0.3,4.5,3.5,27.5,Long Beach,California,38178000
493,493,493,493,493,493,493,493,493,493,493,493,493,493,493,Derrick White,25,SAS,61,13,1468,5.2,11.4,0.459,1.4,3.9,0.35600000000000004,3.8,7.5,0.513,3.7,4.3,0.857,0.7,4.0,4.7,5.1,1.0,1.3,1.8,3.3,15.5,Parker,Colorado,1948080
496,496,496,496,496,496,496,496,496,496,496,496,496,496,496,Grant Williams,21,BOS,62,5,970,3.0,7.1,0.417,0.8,3.2,0.247,2.2,4.0,0.551,1.4,1.9,0.725,2.2,4.0,6.1,2.3,1.0,1.2,1.7,5.5,8.1,Houston,Texas,2379840
498,498,498,498,498,498,498,498,498,498,498,498,498,498,498,Kenrich Williams,25,NOP,35,18,779,2.3,6.6,0.343,1.2,4.4,0.26,1.1,2.2,0.511,0.4,1.1,0.375,2.3,6.0,8.2,2.4,1.2,1.0,1.0,3.7,6.1,Waco,Texas,1416852
500,500,500,500,500,500,500,500,500,500,500,500,500,500,500,Marvin Williams,33,TOT,52,1,1011,3.9,8.9,0.442,1.9,5.1,0.361,2.1,3.7,0.552,1.7,1.9,0.87,0.7,4.6,5.3,2.0,1.2,0.9,1.0,3.3,11.4,Bremerton,Washington,15006250
501,501,501,501,501,501,501,501,501,501,501,501,501,501,501,Robert Williams,22,BOS,23,1,323,4.7,6.9,0.677,0.0,0.0,0.0,4.7,6.9,0.677,1.6,2.8,0.56,3.8,8.2,12.0,2.5,2.2,3.1,2.2,4.5,10.9,Shreveport,Louisiana,1937520
502,502,502,502,502,502,502,502,502,502,502,502,502,502,502,Nigel Williams-Goss,25,UTA,9,0,28,1.3,9.0,0.14300000000000002,0.0,2.6,0.0,1.3,6.4,0.2,2.6,2.6,1.0,2.6,3.9,6.4,6.4,1.3,1.3,2.6,2.6,5.1,Happy Valley,Oregon,1500000
504,504,504,504,504,504,504,504,504,504,504,504,504,504,504,D.J. Wilson,23,MIL,31,0,280,5.1,13.0,0.396,1.8,7.1,0.255,3.3,5.9,0.565,0.8,1.2,0.667,1.3,7.5,8.7,2.8,0.3,0.6,1.9,3.3,12.9,Mount Shasta,California,2961120
505,505,505,505,505,505,505,505,505,505,505,505,505,505,505,Justise Winslow,23,MIA,11,5,352,5.1,13.2,0.388,0.6,2.8,0.222,4.5,10.4,0.431,1.8,2.8,0.667,1.6,5.8,7.5,4.5,0.7,0.5,2.5,3.9,12.7,Houston,Texas,13000000
506,506,506,506,506,506,506,506,506,506,506,506,506,506,506,Christian Wood,24,DET,62,12,1325,7.8,13.8,0.5670000000000001,1.5,3.8,0.386,6.4,10.0,0.636,4.9,6.6,0.7440000000000001,2.8,7.8,10.6,1.6,0.9,1.5,2.3,2.7,22.0,Long Beach,California,1645357
507,507,507,507,507,507,507,507,507,507,507,507,507,507,507,Delon Wright,27,DAL,65,5,1412,4.6,9.7,0.47,1.1,3.0,0.385,3.4,6.7,0.508,1.8,2.3,0.789,1.7,4.9,6.6,5.6,1.9,0.5,1.7,2.1,12.1,Los Angeles,California,9473684
509,509,509,509,509,509,509,509,509,509,509,509,509,509,509,Thaddeus Young,31,CHI,64,16,1591,6.1,13.6,0.448,1.8,5.0,0.35600000000000004,4.3,8.6,0.501,1.0,1.6,0.583,2.1,5.0,7.1,2.6,2.1,0.5,2.3,3.0,14.9,New Orleans,Louisiana,12900000
510,510,510,510,510,510,510,510,510,510,510,510,510,510,510,Trae Young,21,ATL,60,60,2120,9.3,21.2,0.4370000000000001,3.5,9.6,0.361,5.8,11.6,0.501,8.2,9.5,0.86,0.5,3.8,4.3,9.5,1.1,0.1,4.9,1.8,30.2,Lubbock,Texas,6273000
511,511,511,511,511,511,511,511,511,511,511,511,511,511,511,Cody Zeller,27,CHO,58,39,1341,6.7,12.9,0.524,0.5,2.0,0.24,6.3,10.8,0.5770000000000001,3.3,4.8,0.682,4.3,6.7,11.0,2.4,1.1,0.7,2.0,3.8,17.2,Washington,Indiana,14471910
