,Player,Age,Tm,G,MP,PER,TS%,3PAr,FTr,ORB%,DRB%,TRB%,AST%,STL%,BLK%,TOV%,USG%,OWS,DWS,WS,WS/48,OBPM,DBPM,BPM,VORP
0,Steven Adams,26,OKC,58,1564,20.8,0.605,0.006999999999999999,0.413,14.4,23.8,19.3,13.5,1.6,3.5,14.1,17.2,3.7,2.5,6.2,0.19,2.1,1.1,3.2,2.0
1,Bam Adebayo,22,MIA,65,2235,20.6,0.606,0.018000000000000002,0.47600000000000003,8.7,25.0,17.2,23.6,1.7,3.8,17.5,20.8,4.6,3.6,8.1,0.175,1.6,2.1,3.6,3.2
2,LaMarcus Aldridge,34,SAS,53,1754,19.8,0.5710000000000001,0.198,0.24100000000000002,6.3,17.8,12.0,11.4,1.0,4.4,7.8,23.6,3.1,1.4,4.4,0.122,1.8,-0.5,1.3,1.5
3,Nickeil Alexander-Walker,21,NOP,41,501,7.6,0.441,0.515,0.12300000000000001,1.7,15.2,8.4,20.3,1.0,1.2,14.3,22.8,-0.7,0.4,-0.4,-0.034,-3.5,-1.4,-4.9,-0.4
4,Grayson Allen,24,MEM,30,498,11.4,0.5770000000000001,0.517,0.19899999999999998,1.1,12.6,7.0,11.8,0.6,0.2,10.7,17.9,0.5,0.3,0.7,0.07,-1.0,-1.5,-2.6,-0.1
5,Jarrett Allen,21,BRK,64,1647,20.3,0.6579999999999999,0.012,0.574,12.5,25.0,18.9,7.8,1.1,4.3,12.2,15.0,4.3,2.8,7.1,0.207,1.0,1.1,2.1,1.7
6,Kadeem Allen,27,NYK,10,117,14.0,0.512,0.364,0.25,1.8,6.6,4.1,27.0,2.1,1.6,14.1,20.6,0.1,0.1,0.1,0.053,0.0,-0.6,-0.6,0.0
7,Al-Farouq Aminu,29,ORL,18,380,7.6,0.395,0.419,0.337,6.6,18.4,12.3,7.4,2.3,1.9,14.7,13.2,-0.4,0.5,0.1,0.016,-4.5,1.4,-3.1,-0.1
8,Justin Anderson,26,BRK,3,17,-3.8,0.218,0.5,0.33299999999999996,0.0,11.8,6.1,0.0,0.0,4.9,0.0,16.9,-0.1,0.0,-0.1,-0.16699999999999998,-12.8,-2.3,-15.1,-0.1
9,Kyle Anderson,26,MEM,59,1140,13.0,0.542,0.221,0.23600000000000002,5.1,18.3,11.8,15.1,1.9,2.4,15.1,13.3,0.9,1.4,2.2,0.095,-1.3,1.9,0.6,0.7
10,Ryan Anderson,31,HOU,2,14,9.5,0.35700000000000004,0.7140000000000001,0.0,0.0,52.8,26.2,20.1,3.3,0.0,12.5,23.6,0.0,0.0,0.0,-0.031,-4.1,0.7,-3.4,0.0
11,Giannis Antetokounmpo,25,MIL,57,1763,31.6,0.608,0.23800000000000002,0.5,7.8,34.5,22.0,33.9,1.5,2.9,13.1,37.4,5.6,4.8,10.4,0.282,7.4,4.1,11.5,6.0
12,Kostas Antetokounmpo,22,LAL,3,5,8.6,,,,0.0,21.3,10.9,22.4,0.0,0.0,,0.0,0.0,0.0,0.0,0.136,1.2,3.1,4.3,0.0
13,Thanasis Antetokounmpo,27,MIL,18,93,14.2,0.528,0.19399999999999998,0.41700000000000004,12.4,8.0,10.1,13.8,2.9,1.9,20.5,23.8,0.0,0.2,0.2,0.083,-4.0,1.7,-2.3,0.0
14,Carmelo Anthony,35,POR,50,1623,12.2,0.517,0.28600000000000003,0.19699999999999998,4.0,15.8,10.0,7.0,1.2,1.2,10.5,21.6,0.1,0.9,1.0,0.028999999999999998,-1.9,-1.8,-3.7,-0.7
15,OG Anunoby,22,TOR,63,1897,13.2,0.598,0.408,0.163,4.2,14.6,9.5,7.5,2.2,2.1,11.7,14.4,1.8,3.3,5.1,0.13,-0.9,1.8,0.9,1.4
16,Ryan Arcidiacono,25,CHI,58,930,9.0,0.551,0.627,0.17300000000000001,2.3,11.2,6.5,14.3,1.4,0.3,13.5,12.5,0.7,0.7,1.4,0.07,-2.7,-0.1,-2.8,-0.2
17,Trevor Ariza,34,TOT,53,1493,11.0,0.593,0.639,0.228,2.5,15.6,9.0,8.1,2.2,0.9,13.6,11.9,1.3,1.3,2.6,0.084,-1.5,0.9,-0.5,0.6
20,D.J. Augustin,32,ORL,49,1215,14.2,0.5479999999999999,0.43799999999999994,0.395,1.5,8.3,4.8,26.7,1.2,0.1,12.9,19.1,1.8,0.8,2.6,0.10099999999999999,-0.3,-1.0,-1.4,0.2
21,Deandre Ayton,21,PHO,30,996,20.4,0.5710000000000001,0.006,0.168,13.5,27.0,20.1,9.7,1.0,4.5,12.4,24.3,1.1,1.3,2.4,0.11699999999999999,0.8,-0.4,0.5,0.6
22,Dwayne Bacon,24,CHO,39,687,6.1,0.419,0.275,0.217,2.3,14.0,7.9,11.7,1.7,0.3,12.2,19.5,-1.2,0.4,-0.8,-0.053,-5.9,-0.9,-6.8,-0.8
23,Marvin Bagley III,20,SAC,13,334,15.7,0.512,0.132,0.18600000000000003,9.5,23.6,16.4,5.0,0.9,3.4,9.1,25.9,0.0,0.4,0.4,0.055,-2.1,-1.3,-3.4,-0.1
24,Lonzo Ball,22,NOP,56,1817,13.7,0.529,0.578,0.107,3.6,16.6,10.1,29.3,2.0,1.4,20.7,18.6,0.7,1.9,2.6,0.068,0.4,0.6,1.0,1.3
25,Mo Bamba,21,ORL,60,868,17.8,0.5489999999999999,0.369,0.163,11.7,25.7,18.5,7.3,1.2,8.9,12.2,17.2,0.9,1.7,2.5,0.14,-1.1,1.7,0.5,0.6
26,J.J. Barea,35,DAL,26,391,14.9,0.519,0.425,0.10099999999999999,2.7,10.0,6.4,37.7,0.5,0.4,15.8,24.3,0.5,0.2,0.7,0.084,1.8,-2.7,-1.0,0.1
27,Harrison Barnes,27,SAC,64,2231,13.3,0.575,0.342,0.34299999999999997,3.0,12.7,7.7,9.9,0.8,0.4,8.9,17.6,3.1,1.1,4.2,0.091,0.0,-1.2,-1.2,0.5
28,RJ Barrett,19,NYK,56,1704,10.7,0.479,0.271,0.349,3.0,14.8,8.7,12.8,1.6,0.9,12.9,24.0,-1.6,1.1,-0.5,-0.015,-2.8,-1.5,-4.3,-1.0
29,Will Barton,29,DEN,58,1916,15.7,0.5489999999999999,0.39,0.18,4.4,16.8,10.6,16.0,1.6,1.4,9.9,20.0,2.4,2.1,4.5,0.113,1.2,-0.1,1.2,1.5
30,Keita Bates-Diop,24,TOT,39,665,12.6,0.541,0.452,0.332,3.2,15.0,8.9,6.5,1.2,2.6,5.5,15.6,0.6,0.5,1.1,0.081,-0.8,-0.1,-0.8,0.2
33,Nicolas Batum,31,CHO,22,505,9.2,0.46299999999999997,0.605,0.12300000000000001,5.2,16.8,10.8,18.3,1.7,1.5,20.5,9.4,0.2,0.4,0.6,0.055,-2.7,0.9,-1.9,0.0
34,Aron Baynes,33,PHO,42,934,15.1,0.581,0.441,0.19699999999999998,8.3,20.2,14.1,11.0,0.5,2.2,10.8,21.1,1.3,0.7,2.0,0.10300000000000001,-0.2,-0.9,-1.1,0.2
35,Kent Bazemore,30,TOT,64,1604,9.2,0.5,0.461,0.287,1.6,16.9,9.2,7.1,2.1,2.1,13.2,17.2,-0.8,1.5,0.7,0.02,-3.4,0.4,-3.0,-0.4
38,Darius Bazley,19,OKC,53,909,8.1,0.475,0.435,0.204,2.7,20.7,12.0,4.3,1.1,3.3,13.8,14.1,-0.8,1.2,0.4,0.019,-3.1,0.6,-2.5,-0.1
39,Bradley Beal,26,WAS,57,2053,23.1,0.579,0.369,0.35100000000000003,2.7,10.6,6.5,29.1,1.6,1.0,11.4,34.4,4.6,0.5,5.1,0.11900000000000001,5.3,-2.4,2.9,2.5
40,Malik Beasley,23,TOT,55,1209,12.7,0.546,0.517,0.124,1.6,11.9,6.6,9.4,1.6,0.6,9.2,21.8,0.4,0.9,1.3,0.053,-0.7,-1.3,-2.0,0.0
43,Marco Belinelli,33,SAS,52,779,10.2,0.521,0.5720000000000001,0.151,0.6,11.9,6.2,11.3,0.6,0.1,5.2,17.0,0.4,0.1,0.6,0.035,-1.0,-1.9,-2.9,-0.2
44,Jordan Bell,25,TOT,29,256,13.9,0.5770000000000001,0.179,0.46299999999999997,12.0,21.8,16.7,8.9,0.5,3.2,20.7,16.4,0.2,0.2,0.4,0.07,-1.4,-1.1,-2.5,0.0
47,DeAndre' Bembry,25,ATL,43,915,9.6,0.5,0.285,0.21100000000000002,4.0,14.1,8.9,12.3,2.8,1.7,19.4,14.0,-0.5,0.7,0.2,0.011000000000000001,-3.5,1.0,-2.4,-0.1
48,Dragan Bender,22,TOT,16,286,11.0,0.545,0.467,0.152,5.9,21.1,13.5,14.4,0.7,2.8,17.6,17.7,0.0,0.3,0.3,0.053,-3.0,0.1,-2.9,-0.1
51,Dāvis Bertāns,27,WAS,54,1583,15.5,0.628,0.774,0.2,2.3,15.1,8.5,8.3,1.1,1.8,8.2,19.0,3.0,0.5,3.5,0.106,2.7,-1.8,0.9,1.1
52,Patrick Beverley,31,LAC,48,1299,12.3,0.5539999999999999,0.609,0.126,4.6,15.7,10.3,18.2,1.9,1.7,15.7,13.0,1.4,2.0,3.4,0.126,-0.5,2.6,2.1,1.3
53,Khem Birch,27,ORL,40,777,10.1,0.529,0.009000000000000001,0.583,9.3,15.7,12.4,6.1,1.0,2.4,13.7,9.3,0.7,0.8,1.5,0.092,-3.3,0.3,-3.0,-0.2
54,Goga Bitadze,20,IND,49,410,12.2,0.53,0.27899999999999997,0.256,6.0,19.8,12.9,7.1,0.7,6.9,14.8,18.1,-0.1,0.7,0.6,0.069,-4.0,1.5,-2.5,0.0
55,Bismack Biyombo,27,CHO,53,1029,16.1,0.57,0.0,0.5429999999999999,12.3,20.7,16.3,7.8,0.5,4.4,12.2,16.8,1.5,0.9,2.4,0.113,-1.8,-0.7,-2.5,-0.1
56,Nemanja Bjelica,31,SAC,64,1821,15.6,0.597,0.488,0.121,6.5,19.4,12.8,14.6,1.4,1.7,12.6,17.4,3.0,1.7,4.7,0.125,1.2,0.4,1.6,1.7
57,Eric Bledsoe,30,MIL,56,1524,18.1,0.579,0.304,0.292,2.8,13.3,8.4,28.5,1.6,1.4,15.8,24.0,2.4,2.9,5.3,0.168,1.1,1.1,2.2,1.6
58,Bogdan Bogdanović,27,SAC,53,1510,14.3,0.56,0.595,0.16399999999999998,1.2,11.8,6.4,17.2,1.7,0.9,11.5,22.3,1.2,1.1,2.4,0.075,0.7,-0.3,0.4,0.9
59,Bojan Bogdanović,30,UTA,63,2083,15.7,0.603,0.489,0.29600000000000004,2.2,11.1,6.8,9.9,0.8,0.3,13.1,25.6,2.7,1.6,4.3,0.099,1.6,-1.5,0.2,1.1
60,Jonah Bolden,24,TOT,7,47,4.9,0.392,0.364,0.364,7.0,14.4,10.6,0.0,3.0,3.7,13.6,13.4,-0.1,0.1,0.0,-0.008,-8.8,-0.1,-8.9,-0.1
63,Marques Bolden,21,CLE,1,3,19.8,,,,0.0,74.7,37.0,0.0,16.2,0.0,,0.0,0.0,0.0,0.0,0.282,-5.8,11.3,5.5,0.0
64,Jordan Bone,22,DET,10,53,0.8,0.3,0.5,0.0,0.0,8.7,4.3,21.0,0.9,0.0,9.1,18.1,-0.1,0.0,-0.1,-0.11800000000000001,-9.0,-2.9,-11.9,-0.1
65,Isaac Bonga,20,WAS,58,1025,10.7,0.627,0.299,0.348,6.3,13.6,9.8,7.7,1.7,1.8,16.2,10.3,1.3,0.4,1.7,0.081,-2.4,0.0,-2.4,-0.1
66,Devin Booker,23,PHO,62,2241,19.8,0.617,0.313,0.395,1.3,11.7,6.4,30.2,1.0,0.6,15.7,29.5,4.8,1.2,6.0,0.129,3.1,-1.4,1.7,2.1
67,Chris Boucher,27,TOR,55,724,19.8,0.57,0.381,0.396,14.0,21.1,17.7,4.7,1.3,7.1,7.0,19.4,1.7,1.5,3.2,0.214,0.4,1.0,1.4,0.6
68,Brian Bowen,21,IND,5,29,-2.0,0.222,0.222,0.0,3.8,22.7,13.3,0.0,0.0,3.0,10.0,15.2,-0.1,0.0,-0.1,-0.154,-9.7,-2.1,-11.8,-0.1
69,Ky Bowman,22,GSW,45,1015,9.2,0.494,0.33299999999999996,0.128,2.5,10.7,6.5,19.4,2.1,0.9,17.1,17.2,-0.6,0.6,-0.1,-0.003,-4.0,-0.3,-4.3,-0.6
70,Avery Bradley,29,LAL,49,1186,8.9,0.537,0.452,0.063,1.7,8.7,5.3,7.1,1.7,0.4,10.7,15.7,0.2,1.4,1.6,0.066,-2.9,0.5,-2.4,-0.1
71,Tony Bradley,22,UTA,50,535,21.8,0.675,0.006,0.258,19.3,24.7,22.1,4.9,1.1,3.9,11.8,16.1,1.8,0.9,2.7,0.242,0.9,0.4,1.3,0.4
72,Jarrell Brantley,23,UTA,5,13,2.7,,,,0.0,40.3,21.1,9.2,0.0,12.8,100.0,6.8,0.0,0.0,0.0,-0.053,-8.6,5.9,-2.7,0.0
73,Ignas Brazdeikis,21,NYK,9,53,3.3,0.35100000000000003,0.409,0.22699999999999998,3.9,6.2,5.0,10.6,0.0,1.8,7.6,21.0,-0.1,0.0,-0.1,-0.109,-5.0,-3.9,-8.9,-0.1
74,Mikal Bridges,23,PHO,65,1772,13.0,0.623,0.391,0.258,3.6,12.8,8.1,8.9,2.5,1.9,12.5,12.4,2.2,1.9,4.1,0.111,-0.7,1.5,0.8,1.3
75,Miles Bridges,21,CHO,65,1995,12.1,0.52,0.39799999999999996,0.174,4.6,15.6,9.9,9.4,1.0,2.2,10.5,20.0,0.3,1.3,1.6,0.038,-1.5,-1.0,-2.5,-0.3
76,Oshae Brissett,21,TOR,19,135,6.7,0.45799999999999996,0.41700000000000004,0.278,7.2,13.0,10.2,7.0,1.4,0.7,14.8,15.0,-0.1,0.2,0.1,0.042,-5.7,0.3,-5.4,-0.1
77,Ryan Broekhoff,29,DAL,17,180,13.1,0.568,0.8640000000000001,0.136,3.0,21.7,12.5,8.3,1.3,1.9,8.8,16.3,0.2,0.2,0.4,0.11599999999999999,0.4,0.4,0.9,0.1
78,Malcolm Brogdon,27,IND,48,1472,17.8,0.537,0.29600000000000004,0.24600000000000002,3.0,13.8,8.5,34.5,1.1,0.5,13.6,25.2,2.0,1.4,3.5,0.113,2.2,-0.5,1.7,1.4
79,Dillon Brooks,24,MEM,65,1851,11.1,0.508,0.387,0.192,3.5,8.4,6.0,10.0,1.4,1.2,9.7,25.0,-0.3,1.3,1.0,0.025,-2.8,-1.5,-4.3,-1.1
80,Bruce Brown,23,DET,58,1634,11.9,0.518,0.215,0.266,4.2,15.0,9.5,20.4,1.9,1.5,16.7,16.0,0.8,1.4,2.1,0.062,-2.0,0.8,-1.2,0.3
81,Charlie Brown,22,ATL,10,40,11.1,0.47200000000000003,0.474,0.263,5.3,5.5,5.4,7.3,2.3,4.2,12.4,25.1,0.0,0.0,0.0,-0.027999999999999997,-1.1,-1.4,-2.5,0.0
82,Jaylen Brown,23,BOS,50,1702,17.1,0.589,0.364,0.28,3.4,16.5,10.0,10.2,1.6,0.9,11.8,24.7,2.1,2.3,4.5,0.126,1.0,-0.1,0.9,1.2
83,Moses Brown,20,POR,9,33,6.7,0.40700000000000003,0.0,0.8,9.6,34.0,22.0,4.1,1.4,2.6,18.2,21.2,-0.1,0.0,0.0,-0.062,-8.2,-1.7,-9.9,-0.1
84,Sterling Brown,24,MIL,45,665,9.3,0.478,0.523,0.161,4.4,19.2,12.3,8.8,1.5,0.9,13.4,16.7,-0.4,1.3,1.0,0.071,-3.1,1.0,-2.0,0.0
85,Troy Brown Jr.,20,WAS,61,1519,13.7,0.534,0.287,0.225,4.4,19.6,11.7,13.0,2.3,0.3,10.5,17.0,1.2,0.9,2.2,0.069,-0.8,-0.4,-1.3,0.3
86,Jalen Brunson,23,DAL,57,1022,15.0,0.5529999999999999,0.309,0.193,2.3,11.3,6.9,26.9,1.0,0.3,13.6,20.4,1.6,0.7,2.3,0.10800000000000001,0.1,-0.9,-0.8,0.3
87,Thomas Bryant,22,WAS,38,901,20.0,0.659,0.17600000000000002,0.309,8.8,23.4,15.8,11.9,0.7,3.2,12.1,18.3,2.4,0.5,2.9,0.153,2.1,-1.2,0.9,0.7
88,Reggie Bullock,28,NYK,29,684,9.3,0.502,0.496,0.094,2.0,8.8,5.3,8.8,1.8,0.4,7.5,15.6,0.2,0.3,0.5,0.036000000000000004,-2.7,-0.3,-3.0,-0.2
89,Trey Burke,27,PHI,25,329,15.4,0.545,0.299,0.142,5.0,6.7,5.9,24.2,1.0,0.3,8.2,19.3,0.6,0.2,0.9,0.129,0.7,-1.1,-0.5,0.1
90,Alec Burks,28,TOT,59,1612,16.0,0.5489999999999999,0.389,0.358,2.8,15.2,8.8,16.9,1.7,0.9,9.5,23.8,1.9,1.1,2.9,0.08800000000000001,0.6,-0.7,-0.2,0.7
93,Deonte Burton,26,OKC,34,284,5.9,0.426,0.43799999999999994,0.114,2.4,15.9,9.4,5.6,0.9,3.0,11.3,19.3,-0.6,0.3,-0.3,-0.046,-5.5,-0.4,-5.8,-0.3
94,Jimmy Butler,30,MIA,54,1851,23.4,0.583,0.162,0.679,6.2,15.2,10.9,28.1,2.4,1.6,11.2,25.2,6.0,2.5,8.5,0.21899999999999997,4.0,1.3,5.2,3.4
95,Bruno Caboclo,24,TOT,27,220,13.4,0.455,0.364,0.065,10.6,14.5,12.6,7.4,2.5,6.3,10.2,16.7,0.0,0.4,0.3,0.07,-2.5,1.1,-1.4,0.0
98,Kentavious Caldwell-Pope,26,LAL,63,1603,11.6,0.5920000000000001,0.474,0.204,2.6,6.3,4.5,8.7,1.6,0.7,9.8,14.8,2.0,1.8,3.8,0.114,-0.8,0.5,-0.3,0.7
99,Vlatko Čančar,22,DEN,14,45,11.4,0.507,0.4,0.267,12.4,12.4,12.4,9.1,1.1,2.0,15.2,19.1,0.0,0.0,0.1,0.069,-3.5,-1.1,-4.5,0.0
100,Clint Capela,25,HOU,39,1279,20.7,0.626,0.0,0.268,13.7,30.5,22.0,5.7,1.2,4.8,12.7,16.0,2.9,2.1,5.0,0.18600000000000003,1.1,0.4,1.5,1.1
101,DeMarre Carroll,33,TOT,21,231,8.5,0.523,0.5,0.667,5.1,16.7,10.9,10.1,0.8,1.5,18.6,15.8,0.0,0.1,0.1,0.026000000000000002,-3.4,-1.1,-4.5,-0.1
104,Jevon Carter,24,PHO,50,754,10.4,0.535,0.5710000000000001,0.122,3.6,11.0,7.2,11.7,2.4,1.5,12.6,13.9,0.3,0.7,1.1,0.068,-1.6,1.0,-0.6,0.3
105,Vince Carter,43,ATL,60,876,7.6,0.47,0.664,0.095,2.2,13.2,7.6,7.7,1.2,2.4,9.4,16.6,-0.6,0.4,-0.2,-0.011000000000000001,-3.1,-1.2,-4.3,-0.5
106,Wendell Carter Jr.,20,CHI,43,1256,15.5,0.59,0.085,0.44299999999999995,11.6,24.6,17.8,6.0,1.3,2.7,14.9,16.4,1.7,1.6,3.3,0.127,-2.1,-0.3,-2.4,-0.1
107,Michael Carter-Williams,28,ORL,42,773,15.7,0.539,0.281,0.36,5.9,13.8,9.7,19.4,2.8,2.3,14.6,18.4,0.7,1.1,1.9,0.11599999999999999,-1.3,1.7,0.4,0.5
108,Alex Caruso,25,LAL,58,1032,11.0,0.5379999999999999,0.41200000000000003,0.292,1.5,10.1,5.9,12.6,2.8,1.4,13.6,13.9,0.6,1.6,2.2,0.10300000000000001,-2.4,2.4,0.1,0.5
109,Willie Cauley-Stein,26,TOT,54,1097,17.0,0.589,0.003,0.21899999999999997,8.0,23.2,15.5,9.9,2.1,4.9,10.8,14.4,1.5,1.5,3.0,0.129,-1.2,1.7,0.5,0.7
112,Tyson Chandler,37,HOU,26,219,10.8,0.7170000000000001,0.0,0.722,11.9,19.8,15.8,3.5,1.3,3.1,25.2,6.0,0.3,0.3,0.6,0.13,-2.5,1.1,-1.4,0.0
113,Wilson Chandler,32,BRK,35,734,7.4,0.531,0.6609999999999999,0.126,1.6,18.3,10.2,7.4,1.0,1.4,15.0,13.0,-0.1,0.9,0.8,0.05,-3.9,1.0,-2.9,-0.2
114,Joe Chealey,24,CHO,4,33,-2.8,0.127,0.5710000000000001,0.28600000000000003,0.0,0.0,0.0,3.9,6.1,0.0,20.2,13.2,-0.2,0.0,-0.1,-0.18899999999999997,-14.3,1.7,-12.6,-0.1
115,Zylan Cheatham,24,NOP,3,31,0.1,0.4,0.2,0.0,3.4,17.1,10.2,7.9,0.0,2.7,37.5,10.5,-0.1,0.0,-0.1,-0.08,-10.2,0.1,-10.2,-0.1
116,Chris Chiozza,24,TOT,21,249,12.9,0.526,0.519,0.025,2.5,12.5,7.4,26.7,2.8,0.7,17.5,16.2,0.1,0.3,0.4,0.077,-0.8,1.6,0.8,0.2
119,Marquese Chriss,22,GSW,59,1196,19.4,0.604,0.10099999999999999,0.405,10.0,23.6,16.5,15.3,1.6,4.7,14.7,19.0,2.1,1.3,3.4,0.136,0.1,0.5,0.6,0.8
120,Gary Clark,25,TOT,35,425,10.3,0.534,0.851,0.08900000000000001,6.6,14.8,10.6,4.7,0.6,2.9,4.5,10.9,0.5,0.4,0.9,0.098,-1.1,-1.1,-2.2,0.0
123,Brandon Clarke,23,MEM,50,1086,21.8,0.67,0.127,0.228,7.7,20.3,14.1,10.1,1.1,3.3,9.3,19.0,3.1,1.3,4.4,0.192,2.8,0.7,3.5,1.5
124,Jordan Clarkson,27,TOT,63,1527,17.9,0.583,0.469,0.193,3.5,8.5,6.0,13.4,1.4,0.8,9.1,25.5,2.6,0.9,3.5,0.11,2.7,-1.1,1.6,1.4
127,Nicolas Claxton,20,BRK,15,187,14.9,0.5770000000000001,0.146,0.43799999999999994,10.7,13.4,12.1,12.6,0.3,3.5,13.6,14.8,0.3,0.2,0.5,0.124,-0.7,0.0,-0.7,0.1
128,Chris Clemons,22,HOU,29,251,12.6,0.546,0.746,0.055999999999999994,1.2,8.4,4.8,13.5,1.1,1.7,11.6,24.0,0.1,0.2,0.2,0.046,0.4,-1.7,-1.3,0.1
129,Antonius Cleveland,25,DAL,6,22,2.9,0.363,0.16699999999999998,0.33299999999999996,0.0,14.0,7.1,0.0,2.2,3.9,12.7,15.3,-0.1,0.0,0.0,-0.07400000000000001,-8.9,0.7,-8.3,0.0
130,Amir Coffey,22,LAC,13,98,5.9,0.408,0.212,0.091,4.3,10.3,7.4,12.6,0.5,0.9,8.0,15.8,-0.1,0.1,0.0,0.009000000000000001,-5.7,-1.1,-6.8,-0.1
131,John Collins,22,ATL,41,1363,23.5,0.659,0.243,0.248,9.0,24.0,16.4,7.6,1.1,4.1,10.1,22.7,3.8,1.1,4.9,0.174,3.7,-0.7,3.1,1.7
132,Zach Collins,22,POR,3,86,9.0,0.624,0.368,0.316,4.9,9.5,7.2,9.1,0.0,2.0,21.7,13.6,0.1,0.0,0.1,0.045,-1.1,-0.7,-1.7,0.0
133,Mike Conley,32,UTA,41,1171,13.7,0.527,0.43799999999999994,0.24100000000000002,2.7,9.5,6.2,22.8,1.3,0.3,12.4,23.0,1.0,1.0,2.1,0.085,0.4,-0.4,0.0,0.6
134,Pat Connaughton,27,MIL,61,1119,11.2,0.5579999999999999,0.525,0.138,5.3,16.9,11.4,10.6,0.8,2.3,14.5,11.9,0.9,2.1,3.0,0.13,-1.1,1.6,0.5,0.7
135,Quinn Cook,26,LAL,38,409,10.5,0.517,0.382,0.052000000000000005,1.9,8.6,5.3,13.9,1.3,0.2,12.4,20.8,-0.1,0.4,0.4,0.043,-2.3,-1.0,-3.3,-0.1
136,Tyler Cook,22,CLE,11,35,23.8,0.752,0.0,0.6,12.6,19.2,15.9,4.5,1.4,0.0,7.3,16.7,0.2,0.0,0.2,0.244,3.0,-0.6,2.4,0.0
137,Robert Covington,29,TOT,62,1867,13.6,0.5710000000000001,0.654,0.16699999999999998,3.0,19.9,11.2,5.8,2.4,3.6,11.8,17.4,0.9,2.4,3.3,0.085,-1.0,1.1,0.1,1.0
140,Allen Crabbe,27,TOT,37,653,6.0,0.47,0.672,0.079,1.8,11.0,6.3,6.8,1.1,0.5,8.5,12.7,-0.2,0.1,-0.1,-0.006999999999999999,-3.7,-1.5,-5.3,-0.5
143,Torrey Craig,29,DEN,50,869,10.4,0.5589999999999999,0.524,0.149,6.1,13.8,10.0,5.2,1.0,3.4,9.0,12.2,0.8,0.9,1.7,0.095,-2.4,0.1,-2.3,-0.1
144,Jae Crowder,29,TOT,58,1695,12.1,0.532,0.6920000000000001,0.23600000000000002,3.1,18.7,11.1,11.7,1.9,1.1,9.9,15.6,1.2,2.0,3.2,0.09,-0.9,0.3,-0.6,0.6
147,Jarrett Culver,20,MIN,63,1506,9.6,0.467,0.38799999999999996,0.20600000000000002,4.7,10.3,7.4,10.8,1.8,2.1,11.5,19.2,-1.2,1.1,-0.1,-0.004,-3.2,-0.8,-4.0,-0.8
148,Seth Curry,29,DAL,59,1448,16.2,0.65,0.564,0.165,1.9,8.0,5.0,12.1,1.2,0.5,9.5,18.6,3.4,0.9,4.3,0.14400000000000002,2.0,-0.7,1.4,1.2
149,Stephen Curry,31,GSW,5,139,21.7,0.557,0.598,0.317,3.0,17.8,10.1,42.3,1.7,1.3,14.6,33.6,0.2,0.1,0.3,0.10400000000000001,4.5,-0.6,3.9,0.2
150,Troy Daniels,28,TOT,42,457,8.9,0.524,0.711,0.10099999999999999,2.9,7.9,5.5,4.1,0.8,0.6,5.1,16.2,0.2,0.4,0.7,0.07,-1.2,-1.0,-2.2,0.0
153,Anthony Davis,26,LAL,55,1889,28.2,0.614,0.195,0.46,7.3,22.1,14.9,14.6,2.1,6.2,10.1,29.7,6.2,4.1,10.3,0.262,5.8,2.8,8.5,5.0
154,Ed Davis,30,UTA,25,268,7.3,0.425,0.0,0.324,12.4,25.8,19.4,3.8,1.8,2.8,25.1,8.5,-0.1,0.5,0.4,0.07400000000000001,-5.5,1.7,-3.9,-0.1
155,Terence Davis,22,TOR,64,1087,14.5,0.598,0.568,0.133,4.6,16.3,10.5,14.6,1.4,1.1,13.6,18.9,1.4,1.6,3.0,0.133,0.7,0.6,1.3,0.9
156,Dewayne Dedmon,30,TOT,44,774,9.4,0.473,0.42,0.141,8.5,27.7,17.9,4.1,1.5,4.8,17.4,18.2,-1.0,1.1,0.1,0.006,-5.8,0.0,-5.8,-0.7
159,Matthew Dellavedova,29,CLE,57,821,8.1,0.46299999999999997,0.52,0.21100000000000002,2.4,7.8,5.1,29.0,1.2,0.2,23.6,13.0,0.1,0.1,0.2,0.01,-3.6,-1.6,-5.2,-0.7
160,DeMar DeRozan,30,SAS,61,2091,21.3,0.597,0.031,0.419,2.0,15.7,8.9,26.0,1.4,0.6,11.5,26.6,5.1,1.1,6.2,0.14300000000000002,2.1,-0.5,1.6,1.9
161,Cheick Diallo,23,PHO,44,467,16.3,0.688,0.015,0.27,6.5,24.1,15.1,7.2,1.0,2.3,16.4,16.7,0.8,0.5,1.3,0.129,-1.1,-0.3,-1.4,0.1
162,Hamidou Diallo,21,OKC,38,699,8.4,0.488,0.16,0.205,4.8,14.3,9.7,4.5,2.0,1.0,13.4,17.4,-0.6,0.8,0.2,0.013999999999999999,-5.0,0.3,-4.8,-0.5
163,Gorgui Dieng,30,TOT,58,1012,17.4,0.564,0.414,0.242,8.8,26.5,17.5,10.3,2.2,4.6,12.7,17.7,1.1,1.6,2.7,0.128,0.0,1.8,1.8,0.9
166,Spencer Dinwiddie,26,BRK,64,1994,17.9,0.541,0.392,0.43700000000000006,1.7,9.5,5.7,35.6,1.0,0.9,12.5,29.2,3.4,1.7,5.1,0.12300000000000001,2.6,-0.8,1.7,1.9
167,Donte DiVincenzo,23,MIL,59,1362,15.0,0.57,0.489,0.17300000000000001,4.6,15.7,10.5,13.3,2.7,1.2,12.9,16.9,1.4,3.1,4.5,0.158,-0.6,2.7,2.1,1.4
168,Luka Dončić,20,DAL,54,1799,27.7,0.584,0.442,0.442,4.1,24.7,14.6,45.3,1.6,0.5,14.6,37.0,5.8,2.3,8.1,0.215,7.3,1.1,8.4,4.7
169,Luguentz Dort,20,OKC,29,637,7.3,0.521,0.465,0.22899999999999998,2.7,6.6,4.7,4.5,1.8,0.3,8.0,13.0,0.2,0.5,0.7,0.052000000000000005,-4.3,0.4,-3.9,-0.3
170,Damyean Dotson,25,NYK,48,836,10.9,0.527,0.562,0.114,1.2,10.6,5.8,10.0,1.3,0.5,6.5,16.5,0.6,0.3,0.9,0.053,-0.9,-0.5,-1.4,0.1
171,Sekou Doumbouya,19,DET,38,754,6.2,0.474,0.415,0.195,3.0,14.9,8.9,3.6,1.3,0.9,12.0,16.9,-0.8,0.5,-0.3,-0.02,-5.2,-1.5,-6.7,-0.9
172,PJ Dozier,23,DEN,21,234,9.3,0.449,0.308,0.121,2.4,11.9,7.1,17.5,1.5,2.0,10.3,19.8,-0.1,0.2,0.1,0.019,-4.4,-0.8,-5.2,-0.2
173,Goran Dragić,33,MIA,54,1531,15.9,0.5710000000000001,0.47200000000000003,0.33299999999999996,2.0,9.9,6.1,28.6,1.0,0.5,14.9,25.7,2.0,1.1,3.0,0.095,1.4,-1.9,-0.5,0.6
174,Andre Drummond,26,TOT,57,1879,22.0,0.5529999999999999,0.045,0.375,14.9,37.5,26.0,13.6,2.8,4.2,18.2,25.9,0.7,3.6,4.3,0.109,-0.1,1.1,1.0,1.4
177,Jared Dudley,34,LAL,40,311,7.4,0.57,0.68,0.04,1.8,13.0,7.5,7.4,1.8,0.8,10.5,7.7,0.2,0.4,0.7,0.10300000000000001,-2.7,2.0,-0.7,0.1
178,Kris Dunn,25,CHI,51,1269,12.1,0.51,0.327,0.158,1.9,14.9,8.1,19.4,3.8,1.3,15.7,14.6,0.3,2.0,2.3,0.085,-3.7,3.1,-0.6,0.4
179,Carsen Edwards,21,BOS,35,316,6.5,0.446,0.602,0.115,2.1,12.4,7.3,9.5,1.5,0.9,11.2,18.1,-0.3,0.4,0.1,0.012,-4.6,-0.3,-4.9,-0.2
180,Henry Ellenson,23,BRK,5,15,-1.2,0.14300000000000002,0.5710000000000001,0.0,14.1,26.8,20.6,8.8,0.0,0.0,0.0,19.5,-0.1,0.0,-0.1,-0.18,-7.9,-3.1,-11.0,0.0
181,Wayne Ellington,32,NYK,36,558,8.5,0.509,0.8220000000000001,0.075,0.7,12.0,6.2,11.0,1.1,0.7,9.1,15.0,0.2,0.2,0.4,0.035,-1.9,-1.0,-2.8,-0.1
182,Joel Embiid,25,PHI,44,1329,26.0,0.593,0.23,0.545,10.1,33.1,21.6,17.3,1.4,3.7,13.4,32.6,3.2,2.4,5.6,0.203,4.1,1.2,5.2,2.4
183,James Ennis,29,TOT,61,1053,11.5,0.557,0.473,0.265,6.3,14.5,10.4,7.2,1.3,1.6,11.6,15.2,0.9,1.2,2.1,0.096,-2.1,-0.3,-2.5,-0.1
186,Drew Eubanks,22,SAS,14,130,15.3,0.7759999999999999,0.036000000000000004,0.39299999999999996,6.6,22.4,14.5,5.5,0.7,4.1,23.3,14.3,0.2,0.1,0.3,0.12,-2.6,-1.0,-3.7,-0.1
187,Jacob Evans,22,TOT,29,418,5.5,0.436,0.29100000000000004,0.21600000000000003,2.3,8.6,5.3,10.8,1.3,2.6,14.6,17.5,-0.7,0.2,-0.5,-0.055999999999999994,-5.7,-1.3,-7.0,-0.5
190,Dante Exum,24,TOT,35,485,10.4,0.5760000000000001,0.361,0.361,2.8,12.6,7.7,11.5,1.3,1.4,18.4,15.0,0.2,0.2,0.4,0.043,-2.5,-0.4,-2.9,-0.1
193,Tacko Fall,24,BOS,6,24,23.9,0.713,0.0,0.25,0.0,48.7,24.6,0.0,0.0,7.7,18.4,29.0,0.0,0.1,0.1,0.102,-2.0,3.1,1.0,0.0
194,Derrick Favors,28,NOP,45,1089,19.0,0.624,0.023,0.203,14.1,29.0,21.5,9.8,1.1,3.4,13.3,14.4,2.4,1.4,3.8,0.168,0.8,0.4,1.2,0.9
195,Cristiano Felício,27,CHI,22,386,12.8,0.6709999999999999,0.037000000000000005,0.426,15.0,14.1,14.6,5.7,1.2,0.5,21.9,9.1,0.7,0.3,1.0,0.126,-1.4,-1.6,-3.0,-0.1
196,Terrance Ferguson,21,OKC,50,1170,4.1,0.504,0.779,0.095,2.3,4.6,3.5,5.0,1.1,1.2,12.6,9.0,-0.1,0.8,0.7,0.027000000000000003,-4.5,0.3,-4.1,-0.6
197,Bruno Fernando,21,ATL,56,713,11.9,0.542,0.18600000000000003,0.256,10.0,20.0,15.0,9.9,1.2,2.0,15.9,15.3,0.4,0.4,0.8,0.055,-3.2,-1.0,-4.1,-0.4
198,Yogi Ferrell,26,SAC,44,484,10.7,0.499,0.408,0.21899999999999997,1.4,10.0,5.6,17.6,1.4,0.8,11.9,18.9,0.1,0.3,0.4,0.036000000000000004,-2.1,-0.4,-2.5,-0.1
199,Dorian Finney-Smith,26,DAL,64,1898,12.2,0.597,0.58,0.212,7.0,12.3,9.7,6.8,1.1,1.7,11.2,12.7,2.9,1.6,4.5,0.114,0.0,-0.1,-0.2,0.9
200,Bryn Forbes,26,SAS,63,1579,11.2,0.57,0.6559999999999999,0.155,0.8,7.8,4.3,9.6,1.0,0.0,8.4,18.6,1.2,0.2,1.5,0.045,-0.6,-2.1,-2.7,-0.3
201,Evan Fournier,27,ORL,61,1931,16.7,0.599,0.467,0.23600000000000002,0.9,8.1,4.4,16.5,1.8,0.7,11.1,24.2,2.7,1.7,4.4,0.11,1.5,-0.3,1.2,1.6
202,De'Aaron Fox,22,SAC,45,1426,20.3,0.556,0.221,0.442,2.3,12.3,7.2,35.4,2.2,1.5,14.6,29.6,2.1,1.3,3.5,0.11699999999999999,2.1,-0.3,1.8,1.4
203,Melvin Frazier,23,ORL,15,51,7.5,0.48,0.41200000000000003,0.235,2.0,6.5,4.2,2.8,3.8,3.5,13.8,18.5,-0.1,0.1,0.0,0.003,-6.0,1.5,-4.5,0.0
204,Michael Frazier,25,HOU,8,66,2.4,0.513,0.727,0.545,1.6,3.2,2.4,1.9,1.4,0.0,12.8,9.8,0.0,0.0,0.0,0.016,-7.9,-0.9,-8.8,-0.1
205,Tim Frazier,29,DET,27,355,9.8,0.46399999999999997,0.319,0.255,2.8,7.8,5.3,36.5,1.9,0.9,25.6,17.3,-0.1,0.2,0.1,0.016,-2.9,-1.6,-4.5,-0.2
206,Markelle Fultz,21,ORL,64,1813,14.4,0.523,0.175,0.209,2.0,10.9,6.3,28.8,2.2,0.5,15.1,20.7,0.8,1.9,2.7,0.071,-1.9,0.2,-1.7,0.1
207,Wenyen Gabriel,22,TOT,28,210,9.6,0.547,0.435,0.435,9.1,14.0,11.6,5.0,2.3,2.5,22.6,14.5,0.0,0.2,0.2,0.043,-3.9,0.0,-3.9,-0.1
210,Daniel Gafford,21,CHI,43,609,16.2,0.6859999999999999,0.0,0.44799999999999995,9.0,10.3,9.6,5.2,1.0,8.7,15.3,13.3,1.1,0.8,1.8,0.146,-2.8,1.5,-1.3,0.1
211,Danilo Gallinari,31,OKC,55,1690,19.4,0.611,0.5379999999999999,0.35200000000000004,2.2,17.1,9.9,10.5,1.2,0.2,7.5,24.4,4.1,1.6,5.7,0.163,4.1,-0.9,3.2,2.2
212,Langston Galloway,28,DET,66,1702,12.3,0.584,0.611,0.157,2.2,7.8,5.0,8.8,1.4,0.5,6.5,15.9,2.4,0.7,3.1,0.087,0.1,-0.9,-0.8,0.5
213,Darius Garland,20,CLE,59,1824,8.5,0.498,0.423,0.10300000000000001,1.6,5.2,3.4,18.5,1.1,0.2,17.1,20.7,-1.3,0.0,-1.3,-0.035,-2.7,-2.9,-5.6,-1.7
214,Marc Gasol,35,TOR,36,990,11.9,0.546,0.5379999999999999,0.153,3.2,20.8,12.2,16.9,1.3,3.2,14.6,12.7,0.9,1.8,2.7,0.128,-0.9,2.7,1.8,0.9
215,Rudy Gay,33,SAS,60,1287,14.4,0.545,0.369,0.225,4.7,22.3,13.5,11.3,1.0,1.9,12.4,21.3,0.6,0.9,1.5,0.054000000000000006,-0.5,-1.0,-1.5,0.2
216,Paul George,29,LAC,42,1222,20.5,0.5820000000000001,0.494,0.27699999999999997,1.9,18.1,10.2,21.2,2.2,1.4,13.0,29.6,1.9,2.0,3.9,0.153,3.4,1.1,4.5,2.0
217,Taj Gibson,34,NYK,62,1025,16.1,0.61,0.049,0.196,11.2,16.7,13.9,7.6,1.3,2.8,13.1,14.8,1.8,0.8,2.6,0.12,-0.7,-0.4,-1.1,0.2
218,Harry Giles,21,SAC,38,579,16.3,0.586,0.0,0.20800000000000002,6.3,25.2,15.5,13.4,1.8,2.3,13.4,19.6,0.7,0.7,1.4,0.12,-2.2,1.1,-1.1,0.1
219,Shai Gilgeous-Alexander,21,OKC,63,2214,17.8,0.5660000000000001,0.237,0.33899999999999997,2.3,16.4,9.6,14.8,1.5,1.7,9.8,23.7,2.9,2.6,5.5,0.12,1.4,0.2,1.6,2.0
220,Rudy Gobert,27,UTA,62,2142,21.7,0.7,0.0,0.725,11.3,31.3,21.8,6.5,1.1,4.8,15.2,16.1,6.0,4.0,10.0,0.225,1.8,1.9,3.7,3.1
221,Brandon Goodwin,24,ATL,34,430,11.7,0.507,0.45799999999999996,0.158,2.7,15.5,9.0,18.0,1.3,0.8,12.5,22.4,-0.1,0.2,0.1,0.013000000000000001,-1.5,-1.3,-2.9,-0.1
222,Aaron Gordon,24,ORL,58,1914,14.8,0.511,0.311,0.28,5.6,19.6,12.4,17.2,1.3,1.7,10.3,20.6,1.2,2.2,3.3,0.084,-0.3,0.1,-0.3,0.8
223,Eric Gordon,31,HOU,34,972,10.5,0.511,0.6579999999999999,0.235,0.9,6.2,3.5,7.8,1.1,1.1,6.9,22.1,0.2,0.5,0.7,0.037000000000000005,-1.6,-2.0,-3.6,-0.4
224,Devonte' Graham,24,CHO,63,2211,15.8,0.537,0.607,0.242,2.0,8.7,5.2,35.3,1.4,0.6,14.5,24.8,2.5,0.9,3.4,0.073,2.6,-2.1,0.5,1.4
225,Treveon Graham,26,TOT,55,929,6.6,0.456,0.496,0.231,5.7,11.7,8.6,6.6,1.2,0.5,9.8,13.1,-0.2,0.4,0.2,0.009000000000000001,-4.5,-1.1,-5.5,-0.8
228,Jerami Grant,25,DEN,64,1676,14.2,0.585,0.39399999999999996,0.308,3.5,11.6,7.5,6.7,1.3,2.9,8.0,17.8,2.4,1.7,4.0,0.11599999999999999,-0.1,-0.4,-0.4,0.7
229,Josh Gray,26,NOP,2,23,-5.0,0.5,0.0,0.0,4.6,4.6,4.6,10.4,0.0,0.0,71.4,12.4,-0.1,0.0,-0.1,-0.22399999999999998,-11.3,-4.7,-16.0,-0.1
230,Danny Green,32,LAL,61,1529,11.1,0.564,0.7040000000000001,0.10400000000000001,3.2,11.3,7.3,7.3,2.4,1.7,10.8,13.8,1.1,2.4,3.4,0.10800000000000001,-0.8,1.7,0.9,1.1
231,Draymond Green,29,GSW,43,1222,12.6,0.489,0.408,0.263,2.0,22.3,11.8,31.2,2.3,2.4,21.8,15.7,-0.2,1.3,1.1,0.044000000000000004,-2.0,1.9,-0.2,0.6
232,JaMychal Green,29,LAC,55,1130,10.8,0.5539999999999999,0.675,0.146,7.0,24.3,15.9,5.1,1.0,1.6,12.3,13.5,0.8,1.8,2.6,0.111,-1.4,0.6,-0.8,0.3
233,Javonte Green,26,BOS,44,414,12.3,0.5579999999999999,0.235,0.36700000000000005,4.7,15.9,10.4,7.6,2.7,1.6,13.7,13.6,0.3,0.7,1.0,0.11199999999999999,-2.4,1.8,-0.6,0.1
234,Jeff Green,33,TOT,40,754,12.8,0.575,0.529,0.28,3.4,12.5,8.1,6.2,1.3,1.7,10.9,18.9,0.6,0.8,1.4,0.08900000000000001,-0.4,0.0,-0.5,0.3
237,Blake Griffin,30,DET,18,512,11.9,0.47600000000000003,0.444,0.392,3.7,15.0,9.3,18.0,0.7,1.1,12.0,28.4,-0.4,0.2,-0.1,-0.012,-1.7,-2.6,-4.2,-0.3
238,Marko Guduric,24,MEM,42,476,8.8,0.515,0.526,0.162,3.1,12.3,7.8,12.4,1.2,1.5,17.9,17.6,-0.2,0.4,0.1,0.012,-2.6,-0.8,-3.4,-0.2
239,Kyle Guy,22,SAC,2,4,9.8,0.5,0.5,0.0,0.0,0.0,0.0,0.0,0.0,0.0,0.0,21.8,0.0,0.0,0.0,-0.022000000000000002,-1.3,-2.8,-4.1,0.0
240,Rui Hachimura,21,WAS,41,1217,13.9,0.5429999999999999,0.16,0.243,5.5,17.4,11.2,8.3,1.3,0.5,7.5,18.7,1.3,0.4,1.7,0.066,-1.1,-1.9,-3.0,-0.3
241,Devon Hall,24,OKC,5,20,3.6,0.37,0.4,0.8,0.0,5.4,2.8,19.1,0.0,0.0,12.9,17.1,0.0,0.0,0.0,-0.064,-6.2,-3.6,-9.7,0.0
242,Donta Hall,22,DET,4,48,7.3,0.452,0.0,1.5,14.0,21.6,17.7,5.3,1.0,1.7,23.1,7.9,0.0,0.0,0.1,0.067,-5.6,-1.4,-7.1,-0.1
243,Dusty Hannahs,26,MEM,2,13,21.3,0.607,0.33299999999999996,0.222,0.0,7.9,4.0,0.0,0.0,0.0,0.0,31.6,0.0,0.0,0.0,0.146,5.2,-2.1,3.1,0.0
244,Tim Hardaway Jr.,27,DAL,63,1815,15.0,0.581,0.574,0.191,1.4,9.9,5.7,10.2,1.0,0.2,6.6,21.7,3.1,1.1,4.2,0.111,1.5,-1.2,0.4,1.1
245,James Harden,30,HOU,61,2241,28.4,0.616,0.555,0.519,3.0,15.3,9.1,34.4,2.2,2.0,13.8,36.4,8.7,2.7,11.5,0.245,7.9,1.2,9.0,6.3
246,Maurice Harkless,26,TOT,62,1427,9.7,0.5720000000000001,0.34600000000000003,0.233,4.1,13.3,8.7,6.3,1.9,2.0,14.5,10.7,0.8,1.9,2.7,0.09,-2.6,1.9,-0.8,0.5
249,Jared Harper,22,PHO,3,8,-5.3,0.25,0.5,0.0,0.0,0.0,0.0,0.0,0.0,0.0,0.0,21.3,0.0,0.0,0.0,-0.253,-10.2,-5.7,-15.8,0.0
250,Montrezl Harrell,26,LAC,63,1749,23.1,0.607,0.022000000000000002,0.43200000000000005,9.9,16.2,13.1,10.3,1.1,3.6,10.1,25.5,4.5,2.5,7.0,0.193,2.4,0.5,2.9,2.2
251,Gary Harris,25,DEN,56,1780,9.7,0.519,0.405,0.177,1.6,8.6,5.1,8.9,2.1,0.7,9.7,15.1,0.5,1.7,2.2,0.059000000000000004,-2.8,0.4,-2.4,-0.2
252,Joe Harris,28,BRK,63,1946,12.7,0.5920000000000001,0.523,0.11800000000000001,3.3,10.9,7.2,10.3,0.9,0.7,11.1,17.9,2.1,1.7,3.8,0.094,0.0,-0.5,-0.5,0.8
253,Tobias Harris,27,PHI,65,2243,16.8,0.557,0.309,0.183,2.7,19.0,10.8,14.6,1.1,1.3,7.9,23.6,3.0,2.6,5.6,0.12,1.0,-0.4,0.6,1.5
254,Shaquille Harrison,26,CHI,43,484,17.8,0.5589999999999999,0.255,0.303,4.8,15.3,9.8,15.3,3.4,3.7,9.2,18.1,0.8,0.8,1.5,0.153,0.4,2.4,2.8,0.6
255,Josh Hart,24,NOP,57,1563,11.7,0.556,0.6759999999999999,0.18899999999999997,3.6,21.4,12.5,8.0,1.7,1.1,11.1,15.3,1.0,1.7,2.7,0.083,-1.2,0.6,-0.6,0.6
256,Isaiah Hartenstein,21,HOU,23,266,18.7,0.674,0.075,0.418,11.4,24.2,17.7,9.8,1.6,3.9,16.8,14.8,0.7,0.4,1.1,0.191,-0.9,1.3,0.4,0.2
257,Udonis Haslem,39,MIA,3,21,3.0,0.322,0.33299999999999996,0.667,0.0,41.0,21.4,6.2,0.0,0.0,0.0,16.3,0.0,0.0,0.0,-0.032,-9.7,-3.0,-12.7,-0.1
258,Jaxson Hayes,19,NOP,56,951,17.8,0.675,0.017,0.736,9.0,15.7,12.3,7.5,1.1,4.6,11.6,15.1,2.5,1.0,3.5,0.17600000000000002,-0.8,0.8,0.1,0.5
259,Gordon Hayward,29,BOS,45,1501,18.2,0.593,0.311,0.183,3.2,17.6,10.5,19.0,1.1,1.2,10.8,20.9,3.1,1.9,5.0,0.16,2.6,0.3,2.9,1.8
260,John Henson,29,TOT,40,600,17.0,0.578,0.21100000000000002,0.26899999999999996,8.5,21.8,15.1,13.4,2.0,6.0,15.8,16.3,0.6,0.8,1.4,0.109,-1.1,2.1,1.0,0.5
263,Dewan Hernandez,23,TOR,4,11,4.2,0.34,0.2,0.4,19.6,47.0,33.6,0.0,4.3,0.0,14.5,26.8,0.0,0.0,0.0,0.003,-18.3,-3.0,-21.3,-0.1
264,Juan Hernangómez,24,TOT,48,833,10.4,0.518,0.522,0.287,5.5,20.4,12.8,6.6,1.1,1.0,10.3,15.7,0.2,0.7,1.0,0.055,-2.2,-1.1,-3.3,-0.3
267,Willy Hernangómez,25,CHO,31,375,19.2,0.5760000000000001,0.158,0.424,12.1,27.5,19.5,13.5,1.3,1.7,15.4,22.9,0.4,0.4,0.8,0.107,0.6,-0.5,0.1,0.2
268,Tyler Herro,20,MIA,47,1280,11.4,0.534,0.47600000000000003,0.14800000000000002,1.3,14.6,8.2,11.1,1.1,0.5,11.3,22.0,-0.3,1.1,0.9,0.033,-1.0,-1.3,-2.3,-0.1
269,Kevin Hervey,23,OKC,7,19,-14.9,0.091,0.727,0.0,0.0,11.3,5.8,6.7,0.0,0.0,0.0,25.5,-0.2,0.0,-0.2,-0.47100000000000003,-13.4,-6.5,-19.9,-0.1
270,Mario Hezonja,24,POR,47,767,9.5,0.532,0.33899999999999997,0.27,3.6,18.1,10.9,7.2,1.7,1.0,14.9,13.7,0.1,0.6,0.7,0.046,-3.1,0.2,-2.9,-0.2
271,Buddy Hield,27,SAC,64,2045,16.3,0.5660000000000001,0.5820000000000001,0.12300000000000001,3.1,14.1,8.4,15.8,1.4,0.8,11.8,27.1,1.6,1.5,3.1,0.07400000000000001,2.6,-1.3,1.4,1.7
272,George Hill,33,MIL,52,1103,17.5,0.6679999999999999,0.452,0.247,4.3,9.2,6.9,18.4,1.7,0.3,11.6,15.8,3.2,1.9,5.1,0.22,1.8,1.4,3.2,1.5
273,Solomon Hill,28,TOT,54,992,9.8,0.542,0.629,0.16899999999999998,2.9,13.2,8.2,12.6,1.7,1.1,15.0,13.2,0.4,0.9,1.3,0.064,-1.9,0.2,-1.6,0.1
276,Jaylen Hoard,20,POR,13,103,14.9,0.504,0.094,0.406,14.3,17.8,16.1,5.4,2.3,0.0,9.6,17.2,0.1,0.1,0.2,0.096,-0.9,-1.1,-1.9,0.0
277,Aaron Holiday,23,IND,58,1368,11.7,0.517,0.409,0.145,1.7,8.9,5.3,19.5,1.6,0.8,12.4,19.4,0.4,1.4,1.7,0.06,-1.4,-0.3,-1.7,0.1
278,Jrue Holiday,29,NOP,55,1922,17.5,0.535,0.34600000000000003,0.183,3.8,10.9,7.3,29.8,2.2,1.9,13.6,24.7,2.1,1.8,4.0,0.099,1.9,0.3,2.3,2.1
279,Justin Holiday,30,IND,65,1617,12.7,0.598,0.667,0.13699999999999998,2.1,11.9,7.0,7.1,2.3,2.3,8.0,13.5,1.7,2.2,4.0,0.11699999999999999,0.0,1.7,1.6,1.5
280,Rondae Hollis-Jefferson,25,TOR,52,998,15.5,0.5329999999999999,0.057999999999999996,0.43700000000000006,11.0,15.8,13.4,12.9,2.1,2.1,12.2,17.2,1.4,1.8,3.2,0.153,-1.1,1.5,0.5,0.6
281,Richaun Holmes,26,SAC,39,1125,20.5,0.685,0.0,0.312,11.5,21.3,16.3,5.4,1.7,4.7,11.8,16.0,3.2,1.5,4.6,0.198,0.6,0.9,1.5,1.0
282,Rodney Hood,27,POR,21,619,12.2,0.625,0.413,0.157,1.7,10.2,6.0,7.1,1.3,0.5,9.4,13.9,0.9,0.2,1.1,0.087,-0.4,-0.5,-0.9,0.2
283,Al Horford,33,PHI,60,1848,15.6,0.526,0.40399999999999997,0.11199999999999999,5.5,19.1,12.3,19.2,1.4,2.5,8.7,17.6,2.5,2.5,5.0,0.13,1.1,1.1,2.2,2.0
284,Talen Horton-Tucker,19,LAL,2,5,14.8,0.0,1.0,0.0,0.0,0.0,0.0,44.9,9.5,0.0,0.0,8.4,0.0,0.0,0.0,0.11,0.6,7.2,7.8,0.0
285,Danuel House,26,HOU,58,1739,11.4,0.5710000000000001,0.645,0.17600000000000002,3.4,11.5,7.4,6.1,1.7,1.6,8.6,13.5,1.9,1.6,3.5,0.096,-0.6,0.1,-0.5,0.7
286,Dwight Howard,34,LAL,62,1193,18.7,0.696,0.019,0.7,14.6,26.8,20.9,4.8,1.1,5.6,17.8,14.5,2.6,2.4,5.0,0.20199999999999999,-0.8,1.4,0.5,0.8
287,William Howard,26,HOU,2,13,-12.7,0.0,1.0,0.0,0.0,16.2,8.1,9.0,0.0,0.0,20.0,15.9,-0.1,0.0,-0.1,-0.354,-14.9,-5.7,-20.7,-0.1
288,Kevin Huerter,21,ATL,56,1760,11.5,0.536,0.5479999999999999,0.105,2.1,12.0,7.0,17.5,1.4,1.3,12.0,17.1,1.0,0.6,1.6,0.042,-0.6,-0.9,-1.6,0.2
289,De'Andre Hunter,22,ATL,63,2018,8.6,0.521,0.445,0.21100000000000002,2.3,13.1,7.6,8.0,1.0,0.7,12.1,17.5,-0.4,0.5,0.1,0.001,-2.8,-1.8,-4.7,-1.4
290,Chandler Hutchison,23,CHI,28,527,12.4,0.521,0.217,0.446,3.6,19.8,11.3,7.4,2.5,1.3,11.4,19.1,0.0,0.7,0.7,0.06,-2.7,0.1,-2.6,-0.1
291,Serge Ibaka,30,TOR,50,1377,18.0,0.593,0.266,0.191,8.2,23.3,15.9,8.8,0.8,2.9,12.9,24.1,1.5,2.4,3.9,0.136,0.5,-0.1,0.4,0.9
292,Andre Iguodala,36,MIA,14,259,11.0,0.5589999999999999,0.47100000000000003,0.157,4.5,17.9,11.5,15.1,1.5,6.1,23.8,12.2,0.0,0.4,0.4,0.078,-2.5,1.9,-0.7,0.1
293,Ersan İlyasova,32,MIL,56,895,15.2,0.591,0.428,0.259,7.1,22.5,15.2,7.0,1.2,1.4,9.3,16.4,1.5,1.9,3.4,0.18,-0.2,0.8,0.6,0.6
294,Joe Ingles,32,UTA,64,1916,12.5,0.588,0.628,0.17,1.4,12.7,7.3,24.0,1.5,0.4,18.9,15.0,2.4,2.0,4.3,0.10800000000000001,0.0,0.7,0.7,1.3
295,Brandon Ingram,22,NOP,56,1919,19.2,0.59,0.35200000000000004,0.32799999999999996,2.7,16.6,9.6,19.8,1.3,1.6,13.1,28.2,3.2,1.7,4.9,0.122,2.7,-0.3,2.4,2.1
296,Kyrie Irving,27,BRK,20,658,26.3,0.595,0.341,0.245,3.5,12.4,8.1,37.4,1.9,1.3,10.1,32.6,2.1,0.8,3.0,0.21600000000000003,6.6,1.0,7.6,1.6
297,Jonathan Isaac,22,ORL,32,949,16.9,0.542,0.28300000000000003,0.22699999999999998,6.2,19.3,12.6,7.0,2.6,7.4,11.7,18.3,0.4,1.9,2.3,0.114,-0.8,2.9,2.0,1.0
298,Wesley Iwundu,25,ORL,45,810,9.9,0.521,0.345,0.392,2.9,12.4,7.5,7.9,1.5,1.2,7.3,13.1,0.6,0.8,1.4,0.08,-3.1,0.2,-2.9,-0.2
299,Frank Jackson,21,NOP,51,656,7.7,0.5,0.467,0.249,3.0,8.4,5.7,8.6,1.1,0.5,13.1,20.4,-0.4,0.3,-0.1,-0.005,-4.0,-2.0,-6.0,-0.7
300,Jaren Jackson Jr.,20,MEM,54,1512,16.1,0.59,0.485,0.237,3.8,13.7,8.8,7.5,1.1,5.0,10.8,23.9,1.5,1.7,3.1,0.1,0.2,0.0,0.2,0.8
301,Josh Jackson,22,MEM,18,357,14.0,0.539,0.465,0.284,3.3,13.5,8.5,12.4,2.4,2.2,12.5,23.2,0.0,0.4,0.5,0.062,-1.1,1.2,0.0,0.2
302,Justin Jackson,24,DAL,58,929,10.0,0.498,0.486,0.141,3.1,12.7,8.0,7.2,0.6,0.9,3.5,15.8,0.7,0.6,1.3,0.066,-1.7,-1.2,-2.9,-0.2
303,Reggie Jackson,29,TOT,23,556,15.0,0.5329999999999999,0.44,0.16699999999999998,3.0,10.2,6.6,28.7,0.9,0.8,12.7,24.5,0.6,0.3,0.9,0.077,1.8,-1.3,0.5,0.4
306,Justin James,23,SAC,34,218,11.5,0.48700000000000004,0.33299999999999996,0.26899999999999996,3.0,12.7,7.8,10.8,1.3,3.9,8.4,19.0,0.0,0.2,0.2,0.037000000000000005,-1.0,0.2,-0.7,0.1
307,LeBron James,35,LAL,60,2094,26.0,0.5820000000000001,0.324,0.292,3.1,21.0,12.3,49.7,1.7,1.3,15.3,31.6,6.1,3.4,9.5,0.218,6.8,1.9,8.7,5.7
308,Amile Jefferson,26,ORL,18,74,8.9,0.37200000000000005,0.0,1.0,14.0,19.5,16.7,7.2,0.7,3.7,13.0,13.5,0.0,0.1,0.0,0.023,-4.9,-1.0,-5.9,-0.1
309,DaQuan Jeffries,22,SAC,6,19,10.7,0.5,0.5710000000000001,0.0,5.8,0.0,3.0,7.8,2.6,0.0,0.0,16.1,0.0,0.0,0.0,0.081,-2.3,-0.3,-2.6,0.0
310,Ty Jerome,22,PHO,28,315,8.1,0.43700000000000006,0.44299999999999995,0.132,2.1,12.6,7.2,18.8,2.1,0.8,13.8,17.6,-0.3,0.3,0.0,-0.002,-3.9,0.0,-3.8,-0.1
311,Alize Johnson,23,IND,13,54,10.8,0.51,0.0,0.4,14.4,22.3,18.4,5.0,0.0,0.0,14.5,16.8,0.0,0.1,0.1,0.07,-3.2,-1.6,-4.8,0.0
312,B.J. Johnson,24,ORL,8,46,2.5,0.344,0.33299999999999996,0.111,2.3,12.1,7.0,6.1,2.1,0.0,13.7,20.6,-0.2,0.0,-0.1,-0.132,-7.2,-2.5,-9.7,-0.1
313,Cameron Johnson,23,PHO,49,996,12.2,0.5760000000000001,0.705,0.142,4.3,11.5,7.8,7.4,1.4,1.4,7.7,16.0,1.1,0.7,1.8,0.086,0.5,-0.7,-0.2,0.5
314,James Johnson,32,TOT,32,619,14.8,0.5720000000000001,0.423,0.223,4.3,16.3,10.3,18.4,1.9,4.6,16.9,19.4,0.4,0.8,1.2,0.08900000000000001,-1.1,1.1,0.0,0.3
317,Keldon Johnson,20,SAS,9,92,16.6,0.579,0.161,0.32299999999999995,5.8,14.1,10.0,9.4,2.6,1.0,7.8,18.1,0.2,0.1,0.2,0.11900000000000001,-0.3,-0.6,-0.9,0.0
318,Stanley Johnson,23,TOR,20,96,3.1,0.342,0.419,0.19399999999999998,3.4,20.5,12.1,11.0,2.0,2.0,19.2,18.6,-0.3,0.2,-0.1,-0.068,-7.9,1.4,-6.5,-0.1
319,Tyler Johnson,27,PHO,31,515,8.1,0.48100000000000004,0.485,0.187,2.1,9.3,5.6,13.5,1.1,1.4,11.5,17.3,-0.2,0.3,0.1,0.011000000000000001,-3.0,-0.7,-3.7,-0.2
320,Nikola Jokić,24,DEN,65,2101,25.0,0.604,0.233,0.27699999999999997,8.2,26.9,17.6,34.3,1.8,1.9,15.7,26.6,6.0,3.2,9.2,0.209,5.4,2.3,7.6,5.1
321,Damian Jones,24,ATL,55,887,15.5,0.7120000000000001,0.051,0.47200000000000003,8.9,16.2,12.5,5.6,1.4,3.8,11.5,11.4,2.2,0.6,2.8,0.152,-1.6,0.1,-1.4,0.1
322,Derrick Jones Jr.,22,MIA,51,1249,14.8,0.609,0.39,0.35,5.4,13.5,9.6,6.7,2.1,2.9,6.8,14.1,2.3,1.6,3.9,0.15,-0.4,1.1,0.8,0.9
323,Tyus Jones,23,MEM,65,1232,15.7,0.532,0.289,0.135,0.8,7.9,4.4,31.7,2.2,0.4,10.8,17.2,2.0,1.0,3.0,0.115,0.4,0.1,0.6,0.8
324,DeAndre Jordan,31,BRK,56,1234,20.0,0.682,0.0,0.425,12.1,34.2,23.4,12.8,0.7,3.5,17.8,14.1,3.0,2.3,5.3,0.204,1.1,1.8,2.8,1.5
325,Cory Joseph,28,SAC,64,1538,10.3,0.513,0.363,0.157,2.6,9.5,6.0,19.4,1.5,1.3,14.0,13.0,1.1,1.0,2.2,0.067,-2.1,0.3,-1.8,0.1
326,Mfiondu Kabengele,22,LAC,12,64,18.2,0.614,0.625,0.156,1.7,15.7,8.9,4.9,1.5,2.7,5.5,23.5,0.1,0.1,0.2,0.175,2.2,-0.1,2.1,0.1
327,Frank Kaminsky,26,PHO,32,718,14.5,0.5539999999999999,0.401,0.315,4.6,20.2,12.2,14.8,0.9,1.2,9.4,20.8,0.8,0.6,1.4,0.092,0.2,-0.3,-0.1,0.3
328,Enes Kanter,27,BOS,51,891,22.0,0.594,0.023,0.28600000000000003,17.1,30.2,23.7,8.4,1.1,3.9,12.9,19.3,2.1,1.7,3.8,0.207,1.6,-0.1,1.5,0.8
329,Luke Kennard,23,DET,28,922,14.4,0.589,0.535,0.21899999999999997,1.1,11.1,6.0,19.2,0.6,0.5,10.3,19.8,1.6,0.3,1.9,0.1,1.1,-1.4,-0.3,0.4
330,Stanton Kidd,27,UTA,4,15,-13.7,0.0,0.33299999999999996,0.0,0.0,21.0,11.0,8.0,0.0,0.0,40.0,14.6,-0.1,0.0,-0.1,-0.327,-15.6,-1.3,-16.9,-0.1
331,Michael Kidd-Gilchrist,26,TOT,21,231,4.2,0.401,0.33299999999999996,0.183,5.5,20.3,12.8,8.1,0.4,1.9,16.7,14.8,-0.3,0.2,-0.2,-0.037000000000000005,-6.6,-0.9,-7.5,-0.3
334,Louis King,20,DET,10,62,6.3,0.44799999999999995,0.524,0.14300000000000002,1.8,16.7,9.2,11.8,1.6,0.0,8.2,17.1,-0.1,0.0,0.0,-0.006999999999999999,-5.1,-1.1,-6.2,-0.1
335,Maxi Kleber,28,DAL,66,1695,13.8,0.603,0.614,0.172,6.2,15.5,11.0,6.2,0.6,3.9,8.7,13.9,2.9,1.7,4.6,0.131,0.5,0.2,0.6,1.1
336,Brandon Knight,28,TOT,25,462,8.5,0.503,0.784,0.204,1.0,9.1,5.0,21.6,1.1,0.6,17.3,20.6,-0.2,0.1,-0.1,-0.01,-1.8,-2.7,-4.4,-0.3
339,Kevin Knox,20,NYK,65,1166,8.4,0.47,0.496,0.252,2.5,14.7,8.4,7.4,1.0,2.3,9.2,17.8,-0.5,0.7,0.2,0.006,-3.1,-1.1,-4.2,-0.6
340,John Konchar,23,MEM,15,167,19.0,0.711,0.257,0.057,11.5,17.3,14.4,16.7,2.0,1.6,14.3,10.4,0.5,0.2,0.7,0.195,2.7,2.2,5.0,0.3
341,Furkan Korkmaz,22,PHI,64,1398,11.7,0.5710000000000001,0.617,0.14,1.3,10.4,5.8,7.3,1.3,0.9,8.7,18.5,1.0,1.3,2.3,0.079,-0.6,-0.9,-1.5,0.2
342,Luke Kornet,24,CHI,36,559,12.7,0.539,0.578,0.15,4.1,12.9,8.3,8.5,0.9,4.4,6.6,16.3,0.5,0.5,1.1,0.091,-0.9,-0.2,-1.1,0.1
343,Kyle Korver,38,MIL,50,833,11.2,0.613,0.799,0.131,1.8,10.1,6.2,9.5,1.2,1.3,13.3,15.7,0.8,1.4,2.2,0.125,-0.5,0.7,0.2,0.5
344,Rodions Kurucs,21,BRK,39,501,8.4,0.5539999999999999,0.485,0.209,3.8,15.8,10.0,9.4,1.6,0.5,19.3,15.1,-0.1,0.6,0.5,0.048,-3.9,0.9,-2.9,-0.1
345,Kyle Kuzma,24,LAL,54,1327,11.6,0.522,0.401,0.221,4.0,15.5,9.9,7.4,0.8,1.4,11.6,23.2,-0.2,1.6,1.4,0.052000000000000005,-2.2,-1.3,-3.5,-0.5
346,Skal Labissière,23,POR,33,567,15.4,0.588,0.08800000000000001,0.22399999999999998,12.1,18.7,15.4,10.2,0.6,4.6,15.7,14.3,1.0,0.4,1.4,0.122,-1.5,0.3,-1.3,0.1
347,Jeremy Lamb,27,IND,46,1291,14.1,0.547,0.33,0.23,2.1,14.9,8.5,10.5,2.1,1.5,8.7,19.7,0.9,1.8,2.7,0.099,-1.1,0.7,-0.4,0.5
348,Romeo Langford,20,BOS,27,298,6.0,0.465,0.359,0.359,5.1,6.4,5.8,2.6,1.3,1.9,10.8,11.9,-0.1,0.3,0.2,0.039,-4.5,-0.1,-4.6,-0.2
349,Zach LaVine,24,CHI,60,2085,19.5,0.568,0.40399999999999997,0.27899999999999997,2.1,13.8,7.7,21.7,2.0,1.3,13.3,31.7,1.8,2.2,4.0,0.092,3.3,-0.8,2.5,2.4
350,Vic Law,24,ORL,5,9,-16.6,0.0,0.33299999999999996,0.667,0.0,12.4,6.0,0.0,0.0,0.0,0.0,18.6,-0.1,0.0,-0.1,-0.456,-17.0,-8.2,-25.2,-0.1
351,Jake Layman,25,MIN,23,505,10.3,0.544,0.402,0.179,3.4,8.7,6.0,4.4,1.6,1.6,11.1,17.7,0.0,0.3,0.3,0.028999999999999998,-2.7,-1.0,-3.7,-0.2
352,T.J. Leaf,22,IND,25,193,13.8,0.485,0.203,0.174,12.1,24.4,18.3,4.3,2.0,1.4,8.6,18.5,0.0,0.3,0.4,0.08800000000000001,-1.4,-0.1,-1.5,0.0
353,Jalen Lecque,19,PHO,4,26,5.0,0.46,0.4,0.2,0.0,0.0,0.0,11.1,0.0,0.0,8.4,19.4,0.0,0.0,0.0,-0.042,-5.7,-3.6,-9.3,0.0
354,Courtney Lee,34,DAL,24,345,10.9,0.629,0.573,0.085,2.2,7.4,4.9,4.7,2.5,1.5,11.4,11.9,0.3,0.4,0.7,0.098,-2.1,1.6,-0.5,0.1
355,Damion Lee,27,GSW,49,1423,12.7,0.5479999999999999,0.46799999999999997,0.247,2.4,16.3,9.1,14.4,1.7,0.4,10.6,19.0,0.9,0.8,1.7,0.057999999999999996,-1.5,-0.8,-2.3,-0.1
356,Alex Len,26,TOT,49,895,18.0,0.596,0.185,0.301,11.4,24.5,17.9,8.1,1.2,4.5,12.8,18.3,1.4,0.9,2.3,0.122,-0.2,-0.2,-0.5,0.3
359,Kawhi Leonard,28,LAC,51,1643,26.7,0.585,0.287,0.344,3.3,19.7,11.7,27.0,2.6,1.7,10.7,33.2,4.6,3.0,7.6,0.222,6.5,2.5,9.0,4.6
360,Meyers Leonard,27,MIA,49,987,11.1,0.64,0.534,0.11699999999999999,3.2,24.1,14.1,7.7,0.6,1.5,13.0,12.0,1.0,1.1,2.1,0.10400000000000001,-1.0,0.4,-0.6,0.3
361,Caris LeVert,25,BRK,39,1131,15.1,0.509,0.31,0.264,3.7,10.6,7.2,23.5,1.8,0.5,12.6,28.8,-0.1,1.2,1.2,0.05,0.1,-0.7,-0.6,0.4
362,Damian Lillard,29,POR,58,2140,26.2,0.619,0.493,0.377,1.5,10.5,6.1,34.1,1.3,0.8,11.0,30.2,8.9,0.7,9.6,0.215,7.9,-0.7,7.2,5.0
363,Nassir Little,19,POR,48,573,9.7,0.505,0.391,0.29100000000000004,5.7,13.7,9.8,5.1,1.1,2.1,8.1,13.7,0.3,0.3,0.6,0.05,-2.9,-0.6,-3.5,-0.2
364,Kevon Looney,23,GSW,20,262,9.4,0.40299999999999997,0.177,0.152,11.2,16.3,13.6,11.1,2.2,2.1,12.5,15.7,-0.2,0.2,0.0,0.005,-4.8,-0.8,-5.5,-0.2
365,Brook Lopez,31,MIL,61,1622,14.0,0.537,0.49700000000000005,0.212,2.7,13.2,8.3,7.8,1.2,8.0,9.2,17.5,0.8,3.9,4.6,0.13699999999999998,-1.1,2.8,1.8,1.5
366,Robin Lopez,31,MIL,60,862,11.1,0.565,0.35200000000000004,0.158,6.3,10.2,8.4,6.4,0.5,4.1,15.6,16.6,0.2,1.5,1.7,0.095,-2.4,0.5,-1.9,0.0
367,Kevin Love,31,CLE,56,1780,17.9,0.599,0.536,0.301,3.3,31.1,17.1,15.4,0.9,0.9,14.5,23.1,2.5,1.2,3.8,0.102,2.6,-0.6,2.1,1.8
368,Kyle Lowry,33,TOR,52,1901,17.9,0.589,0.583,0.39899999999999997,1.7,12.0,7.0,31.0,1.8,1.1,15.0,23.1,4.1,2.8,6.9,0.17300000000000001,2.5,0.7,3.2,2.5
369,Timothé Luwawu-Cabarrot,24,BRK,39,671,8.9,0.563,0.568,0.32299999999999995,3.8,10.0,7.0,5.3,1.1,0.7,12.7,15.7,0.4,0.6,1.0,0.069,-3.0,-0.2,-3.2,-0.2
370,Trey Lyles,24,SAS,63,1271,12.7,0.557,0.49,0.131,6.0,24.6,15.3,7.3,1.1,1.9,9.7,13.7,1.2,1.0,2.2,0.081,-0.5,-0.7,-1.2,0.2
371,Daryl Macon,24,MIA,4,14,-3.1,0.5,0.667,0.0,0.0,0.0,0.0,9.6,0.0,0.0,40.0,15.8,0.0,0.0,0.0,-0.161,-7.0,-4.4,-11.4,0.0
372,J.P. Macura,24,CLE,1,1,0.0,,,,0.0,0.0,0.0,0.0,0.0,0.0,,0.0,0.0,0.0,0.0,-0.023,-5.1,-1.2,-6.3,0.0
373,Josh Magette,30,ORL,8,38,5.1,0.37799999999999995,0.267,0.133,2.7,14.6,8.5,19.2,3.9,2.4,23.9,23.8,-0.2,0.1,-0.1,-0.126,-8.0,1.6,-6.4,0.0
374,Ian Mahinmi,33,WAS,38,808,14.1,0.545,0.124,0.5379999999999999,10.2,19.8,14.8,8.2,1.8,4.7,14.8,15.7,0.7,0.7,1.4,0.08199999999999999,-2.7,0.0,-2.7,-0.2
375,Thon Maker,22,DET,60,776,13.7,0.5820000000000001,0.332,0.57,7.8,16.7,12.2,8.0,1.6,4.2,15.7,16.1,0.7,0.8,1.5,0.096,-2.0,0.7,-1.4,0.1
376,Terance Mann,23,LAC,35,271,7.1,0.47200000000000003,0.222,0.222,1.6,10.8,6.3,17.9,1.4,1.6,19.1,11.2,0.0,0.3,0.3,0.057,-4.7,1.2,-3.5,-0.1
377,Boban Marjanović,31,DAL,37,337,24.5,0.599,0.087,0.272,16.8,30.5,23.7,6.7,1.0,1.8,11.8,27.9,0.8,0.5,1.3,0.184,1.7,-1.7,0.0,0.2
378,Lauri Markkanen,22,CHI,50,1492,14.3,0.56,0.536,0.259,4.2,19.7,11.6,7.6,1.4,1.5,11.0,21.1,1.1,1.6,2.6,0.084,0.2,-0.8,-0.5,0.5
379,Caleb Martin,24,CHO,18,317,12.0,0.595,0.44,0.25,3.3,10.0,6.5,11.1,1.9,2.0,13.9,15.0,0.3,0.2,0.5,0.081,-1.6,0.5,-1.0,0.1
380,Cody Martin,24,CHO,48,903,10.5,0.505,0.37200000000000005,0.314,4.4,15.1,9.6,15.7,2.2,0.9,15.7,13.6,0.2,0.8,1.0,0.052000000000000005,-3.1,1.0,-2.1,0.0
381,Jeremiah Martin,23,BRK,3,16,5.9,0.2,0.2,0.0,0.0,12.6,6.4,16.5,3.0,5.2,0.0,13.1,0.0,0.0,0.0,-0.04,-6.6,3.6,-3.0,0.0
382,Kelan Martin,24,MIN,31,495,9.2,0.506,0.53,0.171,2.5,18.6,10.2,6.8,0.7,1.5,9.3,17.8,-0.1,0.3,0.2,0.023,-3.3,-1.0,-4.3,-0.3
383,Frank Mason III,25,MIL,6,53,4.2,0.337,0.526,0.21100000000000002,6.0,8.8,7.5,25.6,1.7,0.0,22.4,20.8,-0.2,0.1,-0.1,-0.06,-7.5,-0.9,-8.4,-0.1
384,Garrison Mathews,23,WAS,18,227,13.1,0.691,0.821,0.607,2.8,9.1,5.8,5.8,1.6,0.4,10.1,14.5,0.6,0.0,0.6,0.129,-0.5,-0.6,-1.1,0.1
385,Wesley Matthews,33,MIL,62,1529,8.4,0.545,0.691,0.157,1.4,8.5,5.2,7.4,1.1,0.5,8.7,12.7,0.8,2.4,3.1,0.099,-2.5,0.8,-1.7,0.1
386,Patrick McCaw,24,TOR,37,908,7.3,0.5,0.43799999999999994,0.111,2.3,7.6,5.0,11.4,2.0,0.4,14.6,9.4,0.2,1.2,1.4,0.073,-3.6,1.8,-1.8,0.0
387,CJ McCollum,28,POR,62,2229,17.4,0.5429999999999999,0.37799999999999995,0.135,1.9,9.7,5.9,19.3,1.0,1.5,8.3,26.7,3.1,0.6,3.7,0.079,2.5,-1.7,0.9,1.6
388,T.J. McConnell,27,IND,63,1188,16.2,0.541,0.040999999999999995,0.099,3.0,12.1,7.6,37.2,1.8,0.8,18.5,17.2,1.6,1.4,2.9,0.11900000000000001,0.1,0.2,0.3,0.7
389,Jalen McDaniels,22,CHO,16,293,10.7,0.574,0.34299999999999997,0.243,5.4,19.4,12.1,6.8,1.4,0.9,12.4,13.3,0.2,0.2,0.5,0.078,-3.3,0.0,-3.3,-0.1
390,Doug McDermott,28,IND,62,1242,14.3,0.626,0.54,0.106,2.1,11.7,6.9,8.3,0.4,0.3,7.2,19.6,2.1,0.9,3.0,0.115,1.5,-1.5,0.0,0.6
391,JaVale McGee,32,LAL,61,1023,20.0,0.655,0.021,0.265,12.1,25.2,18.8,4.7,1.4,7.9,12.9,15.0,2.2,2.3,4.5,0.21100000000000002,-0.3,2.3,2.1,1.1
392,Rodney McGruder,28,LAC,50,749,6.5,0.47200000000000003,0.506,0.179,3.7,13.7,8.8,5.1,1.4,0.9,11.1,10.5,-0.1,1.0,0.8,0.054000000000000006,-3.8,0.8,-3.0,-0.2
393,Alfonzo McKinnie,27,CLE,40,593,8.7,0.493,0.38,0.18100000000000002,6.9,14.4,10.6,3.3,1.9,1.2,12.3,15.2,-0.2,0.3,0.2,0.013999999999999999,-4.4,-0.9,-5.3,-0.5
394,Jordan McLaughlin,23,MIN,30,590,16.3,0.5870000000000001,0.42700000000000005,0.21899999999999997,1.2,7.8,4.4,31.0,2.7,0.6,13.7,15.8,1.2,0.4,1.6,0.13,0.4,-0.1,0.3,0.3
395,Ben McLemore,26,HOU,63,1437,11.7,0.622,0.83,0.132,1.5,8.7,5.1,5.3,1.2,0.7,8.5,15.6,2.1,0.9,3.0,0.1,0.0,-0.7,-0.7,0.5
396,Jordan McRae,28,TOT,37,784,14.2,0.515,0.344,0.298,2.4,15.4,8.7,17.7,1.3,1.8,9.4,24.4,0.4,0.3,0.7,0.043,0.0,-1.6,-1.5,0.1
400,Nicolò Melli,29,NOP,52,889,12.3,0.583,0.647,0.21600000000000003,4.4,14.3,9.3,10.2,1.6,1.8,12.1,15.9,1.0,0.8,1.8,0.095,-0.9,0.3,-0.6,0.3
401,De'Anthony Melton,21,MEM,52,1011,14.6,0.525,0.331,0.3,3.9,15.9,10.0,20.9,3.0,1.5,16.3,19.6,0.4,1.4,1.8,0.086,-1.6,1.8,0.3,0.6
402,Chimezie Metu,22,SAS,16,73,25.4,0.597,0.028999999999999998,0.22899999999999998,14.7,23.7,19.2,13.9,0.7,4.8,11.5,25.9,0.2,0.1,0.2,0.159,3.8,-0.8,3.0,0.1
403,Khris Middleton,28,MIL,55,1653,21.4,0.619,0.374,0.231,2.5,17.0,10.2,21.0,1.4,0.4,10.8,26.2,4.3,3.1,7.4,0.214,3.4,0.9,4.4,2.7
404,Eric Mika,25,SAC,1,19,14.0,0.773,0.0,0.667,11.6,30.5,20.8,0.0,0.0,0.0,0.0,8.9,0.1,0.0,0.1,0.222,-2.2,-0.9,-3.1,0.0
405,C.J. Miles,32,WAS,10,161,11.0,0.47200000000000003,0.593,0.33899999999999997,2.6,5.7,4.1,9.9,2.9,2.2,5.6,18.6,0.0,0.1,0.1,0.033,-1.8,0.0,-1.9,0.0
406,Malcolm Miller,26,TOR,25,125,4.7,0.43200000000000005,0.792,0.25,0.9,10.8,5.9,8.3,1.5,1.5,10.1,10.1,-0.1,0.2,0.1,0.037000000000000005,-4.3,1.4,-2.9,0.0
407,Patty Mills,31,SAS,63,1430,14.7,0.589,0.675,0.188,1.4,6.0,3.7,11.3,1.7,0.4,7.6,20.5,2.1,0.5,2.6,0.086,1.1,-1.2,-0.1,0.7
408,Paul Millsap,34,DEN,44,1075,17.7,0.598,0.282,0.326,9.0,17.9,13.5,9.5,1.7,2.4,12.1,20.3,2.0,1.4,3.4,0.151,0.6,0.0,0.6,0.7
409,Shake Milton,23,PHI,32,611,15.2,0.633,0.488,0.235,2.0,10.3,6.1,17.4,1.5,0.8,13.7,19.6,1.1,0.6,1.7,0.134,0.3,-0.6,-0.3,0.3
410,Donovan Mitchell,23,UTA,63,2165,19.1,0.56,0.34700000000000003,0.235,2.3,11.2,7.0,21.2,1.5,0.5,10.9,31.0,3.0,2.2,5.2,0.115,2.4,-0.5,1.9,2.1
411,Naz Mitrou-Long,26,IND,3,43,10.1,0.43799999999999994,0.688,0.0,0.0,15.3,7.7,22.2,1.1,2.0,11.1,18.4,0.0,0.0,0.0,0.015,-1.9,2.4,0.5,0.0
412,Adam Mokoka,21,CHI,11,112,8.2,0.5379999999999999,0.536,0.14300000000000002,6.6,3.1,4.9,5.0,1.7,0.0,6.3,12.1,0.1,0.1,0.2,0.073,-3.1,-1.0,-4.1,-0.1
413,Malik Monk,21,CHO,55,1169,12.7,0.53,0.418,0.205,2.4,12.6,7.3,16.6,1.1,1.3,12.6,22.9,0.1,0.6,0.7,0.027999999999999997,-1.0,-1.3,-2.3,-0.1
414,Matt Mooney,22,CLE,4,19,8.1,0.25,0.5,0.0,0.0,17.7,8.8,6.7,5.1,4.5,0.0,9.0,0.0,0.0,0.0,0.006,-5.3,5.0,-0.3,0.0
415,E'Twaun Moore,30,NOP,51,958,11.1,0.509,0.39,0.105,3.2,10.4,6.8,10.9,1.4,0.9,8.1,19.9,0.2,0.6,0.8,0.042,-2.0,-1.0,-2.9,-0.2
416,Ja Morant,20,MEM,59,1771,18.0,0.568,0.174,0.331,2.7,9.5,6.2,34.6,1.4,0.7,17.2,26.0,2.2,1.2,3.4,0.09300000000000001,1.6,-1.3,0.4,1.1
417,Juwan Morgan,22,UTA,16,74,8.8,0.5589999999999999,0.294,0.0,7.8,19.8,14.1,3.8,0.0,1.1,15.0,11.9,0.0,0.1,0.1,0.066,-2.9,-0.4,-3.3,0.0
418,Marcus Morris,30,TOT,55,1727,14.8,0.5670000000000001,0.43200000000000005,0.27899999999999997,3.3,14.2,8.6,6.9,1.2,1.4,9.5,22.8,2.0,1.2,3.2,0.08800000000000001,0.9,-0.8,0.1,0.9
421,Markieff Morris,30,TOT,52,1106,12.4,0.568,0.494,0.195,3.4,17.0,10.2,10.4,1.2,1.2,14.0,21.1,0.4,0.8,1.2,0.053,-1.2,-0.9,-2.1,0.0
424,Monte Morris,24,DEN,65,1402,14.9,0.537,0.298,0.128,1.6,7.3,4.4,23.3,1.9,1.1,8.1,17.2,2.2,1.2,3.4,0.11699999999999999,0.2,-0.1,0.1,0.8
425,Johnathan Motley,24,LAC,13,41,28.4,0.774,0.067,0.467,7.7,17.2,12.6,32.8,3.4,0.0,21.7,23.4,0.2,0.1,0.3,0.299,4.8,3.3,8.1,0.1
426,Emmanuel Mudiay,23,UTA,48,752,13.7,0.55,0.263,0.239,2.6,13.7,8.4,21.8,1.2,1.1,16.9,22.4,0.3,0.8,1.1,0.071,-1.2,0.1,-1.1,0.2
427,Mychal Mulder,25,GSW,7,204,7.8,0.5329999999999999,0.7759999999999999,0.179,1.5,11.0,6.1,5.8,0.5,0.4,6.5,16.2,0.1,0.0,0.1,0.017,-3.3,-2.9,-6.1,-0.2
428,Dejounte Murray,23,SAS,58,1447,17.1,0.535,0.168,0.175,5.0,20.0,12.5,23.7,3.3,1.0,15.7,20.6,0.9,1.7,2.6,0.087,-0.5,1.5,1.0,1.1
429,Jamal Murray,22,DEN,55,1804,17.5,0.5589999999999999,0.359,0.209,2.6,10.8,6.7,22.7,1.8,0.8,11.8,25.2,2.5,1.6,4.2,0.111,1.8,-0.7,1.1,1.4
430,Džanan Musa,20,BRK,35,404,8.4,0.467,0.46799999999999997,0.317,5.0,12.9,9.0,11.0,1.5,0.2,15.5,19.4,-0.4,0.4,0.0,0.006,-4.1,-0.7,-4.8,-0.3
431,Mike Muscala,28,OKC,41,492,12.2,0.56,0.755,0.138,3.0,17.7,10.6,9.8,0.8,1.9,7.7,16.4,0.5,0.5,1.0,0.102,-0.1,-0.1,-0.2,0.2
432,Sviatoslav Mykhailiuk,22,DET,56,1265,11.2,0.578,0.7040000000000001,0.17300000000000001,1.5,7.9,4.7,12.3,1.6,0.3,12.3,17.1,1.0,0.6,1.6,0.06,-0.7,-1.2,-1.8,0.0
433,Abdel Nader,26,OKC,48,756,11.2,0.58,0.47700000000000004,0.282,2.1,10.8,6.6,6.6,1.3,2.3,12.7,16.5,0.4,0.7,1.1,0.07200000000000001,-1.1,0.2,-0.8,0.2
434,Larry Nance Jr.,27,CLE,56,1472,17.3,0.608,0.369,0.172,7.9,23.1,15.4,12.3,1.9,1.3,11.5,15.2,2.8,1.1,3.9,0.128,1.4,0.3,1.8,1.4
435,Shabazz Napier,28,TOT,51,1234,14.5,0.555,0.5379999999999999,0.341,2.1,10.8,6.3,29.1,2.5,0.6,18.9,19.6,1.1,0.8,1.9,0.075,-0.3,-0.2,-0.5,0.5
438,Raul Neto,27,PHI,49,565,11.5,0.562,0.406,0.177,2.1,8.0,5.1,19.3,1.9,0.8,18.2,17.6,0.2,0.6,0.8,0.071,-1.8,-0.1,-1.9,0.0
439,Malik Newman,22,CLE,1,4,-11.3,0.34700000000000003,0.5,1.0,0.0,0.0,0.0,0.0,0.0,0.0,25.8,41.5,0.0,0.0,0.0,-0.503,-14.5,-11.3,-25.9,0.0
440,Georges Niang,26,UTA,58,772,12.4,0.612,0.698,0.083,1.8,13.2,7.7,6.7,0.8,0.5,8.6,17.1,1.0,0.7,1.7,0.105,0.9,-0.4,0.5,0.5
441,Nerlens Noel,25,OKC,55,1014,21.7,0.7140000000000001,0.012,0.386,9.3,20.0,14.8,7.9,2.7,6.9,15.4,15.3,2.7,2.1,4.8,0.225,0.5,3.4,4.0,1.5
442,Zach Norvell,22,TOT,5,41,2.6,0.402,0.667,0.083,0.0,16.3,7.9,10.2,2.3,0.0,19.4,16.1,-0.1,0.0,-0.1,-0.084,-7.1,-1.2,-8.3,-0.1
445,Jaylen Nowell,20,MIN,15,151,10.5,0.47100000000000003,0.491,0.321,2.0,7.3,4.5,17.8,0.9,0.6,4.7,17.3,0.1,0.0,0.2,0.051,-2.9,-0.8,-3.7,-0.1
446,Frank Ntilikina,21,NYK,57,1187,9.8,0.49700000000000005,0.41100000000000003,0.177,2.0,9.1,5.4,20.2,2.2,1.3,16.5,15.4,0.1,0.8,0.9,0.037000000000000005,-3.6,0.4,-3.2,-0.4
447,Kendrick Nunn,24,MIA,62,1846,13.5,0.545,0.426,0.10800000000000001,1.2,8.7,5.1,18.7,1.4,0.6,10.2,23.7,1.0,1.4,2.4,0.064,-0.7,-1.3,-2.0,0.0
448,David Nwaba,27,BRK,20,268,14.0,0.627,0.39399999999999996,0.38,3.2,13.9,8.6,4.4,1.9,3.7,8.8,14.2,0.4,0.4,0.8,0.142,-1.1,2.0,1.0,0.2
449,Royce O'Neale,26,UTA,64,1862,9.3,0.584,0.657,0.153,1.4,17.8,10.0,11.5,1.2,1.3,12.7,9.3,1.8,2.2,4.0,0.10400000000000001,-1.3,2.1,0.8,1.3
450,Kyle O'Quinn,29,PHI,26,258,18.1,0.541,0.319,0.264,13.7,28.3,21.0,19.1,0.9,7.3,18.3,16.5,0.3,0.5,0.8,0.155,-0.7,2.2,1.5,0.2
451,Semi Ojeleye,25,BOS,61,891,7.6,0.557,0.616,0.17600000000000002,2.9,11.9,7.5,4.5,1.0,0.5,6.5,8.8,0.8,0.9,1.7,0.091,-2.1,0.5,-1.6,0.1
452,Jahlil Okafor,24,NOP,28,424,17.8,0.631,0.013999999999999999,0.40299999999999997,11.4,18.2,14.8,12.6,0.8,3.7,17.5,19.8,0.7,0.4,1.1,0.129,-0.8,0.6,-0.2,0.2
453,Elie Okobo,22,PHO,54,707,10.5,0.511,0.392,0.37,2.5,11.6,6.9,21.5,1.6,0.5,15.3,14.9,0.4,0.5,0.9,0.059000000000000004,-2.0,-0.1,-2.1,0.0
454,Josh Okogie,21,MIN,62,1547,11.5,0.5529999999999999,0.387,0.48,5.7,12.8,9.1,8.9,2.0,1.4,15.3,15.1,1.0,1.2,2.2,0.067,-2.4,0.0,-2.4,-0.1
455,KZ Okpala,20,MIA,5,26,13.7,0.595,0.2,0.4,4.5,16.6,10.8,5.5,3.8,3.8,14.5,11.7,0.0,0.0,0.1,0.11900000000000001,-1.2,4.0,2.7,0.0
456,Victor Oladipo,27,IND,13,337,12.0,0.5,0.429,0.255,2.3,11.0,6.7,16.9,1.6,0.8,13.5,27.0,-0.3,0.4,0.1,0.008,-1.7,-1.3,-3.0,-0.1
457,Kelly Olynyk,28,MIA,59,1089,14.7,0.64,0.584,0.259,4.0,22.0,13.4,13.2,1.7,1.6,15.1,16.9,1.7,1.5,3.2,0.14,0.1,1.0,1.1,0.8
458,Miye Oni,22,UTA,5,11,-9.9,0.0,0.5,0.0,0.0,19.1,10.0,0.0,0.0,0.0,33.3,12.0,-0.1,0.0,-0.1,-0.285,-12.7,-4.6,-17.3,0.0
459,Cedi Osman,24,CLE,65,1910,10.7,0.552,0.527,0.154,2.2,11.3,6.7,11.6,1.4,0.7,12.3,16.6,1.1,0.5,1.6,0.04,-1.6,-0.9,-2.6,-0.3
460,Kelly Oubre Jr.,24,PHO,56,1933,14.9,0.56,0.37200000000000005,0.298,3.8,17.3,10.4,6.7,1.7,1.8,8.2,22.4,1.7,1.9,3.6,0.09,-0.3,-0.4,-0.6,0.7
461,Tariq Owens,24,PHO,3,15,8.4,0.34,0.4,0.4,14.5,7.6,11.1,0.0,3.2,0.0,0.0,16.7,0.0,0.0,0.0,0.017,-3.1,-2.8,-5.9,0.0
462,Jeremy Pargo,33,GSW,3,44,12.7,0.557,0.318,0.045,2.4,5.1,3.7,33.2,1.1,0.0,15.1,25.7,0.0,0.0,0.0,0.011000000000000001,-2.8,-3.1,-5.9,0.0
463,Jabari Parker,24,TOT,33,852,17.0,0.561,0.29100000000000004,0.185,6.7,18.1,12.3,11.7,2.3,1.5,12.2,24.0,0.5,0.7,1.2,0.066,0.2,-0.4,-0.1,0.4
466,Chandler Parsons,31,ATL,5,54,5.6,0.389,0.778,0.0,2.0,12.1,7.0,7.5,3.5,1.6,14.3,16.1,-0.1,0.0,-0.1,-0.066,-4.7,-1.3,-6.0,-0.1
467,Eric Paschall,23,GSW,60,1654,14.5,0.5710000000000001,0.20199999999999999,0.331,5.2,13.1,9.0,12.7,0.9,0.7,11.4,21.4,1.6,0.5,2.1,0.062,-0.7,-2.0,-2.7,-0.3
468,Anžejs Pasečņiks,24,WAS,24,405,11.6,0.555,0.019,0.509,10.2,16.9,13.4,5.7,0.9,2.6,14.5,15.6,0.3,0.2,0.5,0.055999999999999994,-3.8,-1.6,-5.4,-0.3
469,Patrick Patterson,30,LAC,51,607,11.7,0.5760000000000001,0.755,0.18100000000000002,5.2,15.1,10.3,6.9,0.5,0.4,8.1,15.1,0.9,0.6,1.5,0.11800000000000001,0.9,-0.5,0.4,0.4
470,Justin Patton,22,OKC,5,24,4.7,0.45,0.4,0.0,4.8,17.9,11.6,12.5,0.0,0.0,16.7,22.1,0.0,0.0,0.0,-0.066,-6.9,-3.3,-10.1,-0.1
471,Chris Paul,34,OKC,63,2003,21.7,0.609,0.34700000000000003,0.311,1.2,15.5,8.6,33.4,2.4,0.4,13.0,23.2,5.5,2.5,8.1,0.19399999999999998,3.1,1.2,4.3,3.2
472,Elfrid Payton,25,NYK,45,1246,16.0,0.47,0.157,0.195,4.3,14.1,9.1,38.6,2.7,1.3,16.7,19.5,0.5,1.2,1.7,0.065,-0.3,0.3,0.0,0.6
473,Gary Payton II,27,WAS,29,432,11.3,0.473,0.397,0.069,6.3,14.3,10.2,14.7,3.6,1.4,14.3,13.4,0.1,0.4,0.4,0.049,-3.1,1.5,-1.6,0.0
474,Norvel Pelle,26,PHI,20,178,11.2,0.521,0.0,0.34299999999999997,9.9,27.3,18.6,5.3,0.3,12.0,24.4,12.9,-0.1,0.4,0.3,0.08199999999999999,-7.1,3.1,-4.1,-0.1
475,Theo Pinson,24,BRK,33,365,5.2,0.37,0.516,0.10300000000000001,2.9,12.1,7.6,22.0,2.2,0.9,16.9,22.4,-1.0,0.5,-0.6,-0.07400000000000001,-6.9,-0.2,-7.1,-0.5
476,Mason Plumlee,29,DEN,53,900,19.1,0.615,0.016,0.556,11.0,23.9,17.4,20.0,1.6,3.4,18.9,18.4,1.7,1.3,3.0,0.162,0.2,2.0,2.2,1.0
477,Jakob Poeltl,24,SAS,58,965,19.6,0.611,0.0,0.33899999999999997,11.6,23.0,17.3,14.6,1.5,7.7,15.2,13.3,2.0,1.3,3.3,0.165,0.8,2.3,3.1,1.2
478,Vincent Poirier,26,BOS,21,114,12.8,0.54,0.061,0.212,9.5,22.4,16.0,8.6,0.8,4.9,14.3,15.8,0.1,0.2,0.3,0.124,-4.5,0.7,-3.8,-0.1
479,Shamorie Ponds,21,TOR,4,11,33.2,0.765,0.4,0.4,0.0,9.4,4.8,32.1,0.0,8.8,0.0,22.9,0.1,0.0,0.1,0.451,8.4,5.3,13.7,0.0
480,Jordan Poole,20,GSW,57,1274,7.2,0.45399999999999996,0.528,0.237,0.7,9.6,5.0,15.8,1.3,0.7,11.8,21.1,-1.6,0.4,-1.2,-0.047,-4.4,-2.2,-6.6,-1.5
481,Kevin Porter Jr.,19,CLE,50,1162,10.8,0.535,0.375,0.24,2.1,13.5,7.7,13.9,1.9,1.0,16.7,20.5,-0.3,0.6,0.3,0.011000000000000001,-3.2,-0.6,-3.7,-0.5
482,Michael Porter Jr.,21,DEN,48,670,18.5,0.589,0.358,0.151,8.8,24.3,16.5,8.0,1.5,2.6,10.3,22.0,1.0,0.9,2.0,0.141,1.4,-0.7,0.8,0.5
483,Otto Porter,26,CHI,14,331,15.8,0.55,0.44299999999999995,0.193,4.1,12.3,8.0,11.9,2.2,1.7,6.8,21.0,0.4,0.4,0.8,0.11199999999999999,0.9,0.2,1.0,0.3
484,Bobby Portis,24,NYK,66,1393,14.6,0.53,0.317,0.158,6.0,20.4,12.9,11.1,1.1,1.2,10.4,21.4,0.9,1.0,1.9,0.064,0.1,-1.1,-1.0,0.3
485,Kristaps Porziņģis,24,DAL,51,1597,19.3,0.54,0.447,0.282,5.9,25.3,15.8,8.6,1.1,5.6,8.5,26.6,1.7,2.6,4.3,0.129,1.2,0.3,1.5,1.4
486,Dwight Powell,28,DAL,40,1061,16.0,0.677,0.17,0.485,7.5,14.7,11.2,7.7,1.6,1.8,11.5,12.7,2.6,1.1,3.7,0.16899999999999998,0.4,1.0,1.4,0.9
487,Norman Powell,26,TOR,44,1269,17.4,0.629,0.457,0.252,2.0,11.2,6.7,9.7,2.1,1.3,10.0,21.5,2.2,1.9,4.2,0.157,1.4,0.9,2.3,1.4
488,Chasson Randle,26,GSW,3,40,6.7,0.377,0.5,1.5,0.0,5.6,2.7,15.7,2.4,0.0,0.0,7.1,0.0,0.0,0.0,0.044000000000000004,-5.9,0.1,-5.8,0.0
489,Julius Randle,25,NYK,64,2080,17.5,0.5379999999999999,0.23,0.35,7.5,24.9,16.0,15.8,1.2,1.0,14.3,27.6,1.0,1.7,2.7,0.062,0.7,-1.0,-0.3,0.9
490,Josh Reaves,22,DAL,2,1,-40.0,0.0,0.0,0.0,0.0,0.0,0.0,0.0,0.0,0.0,0.0,42.8,0.0,0.0,0.0,-1.036,-24.4,-15.1,-39.5,0.0
491,Cam Reddish,20,ATL,58,1551,9.0,0.5,0.451,0.22699999999999998,2.4,12.7,7.5,8.0,1.9,1.5,13.6,18.9,-1.2,0.8,-0.4,-0.011000000000000001,-3.2,-1.0,-4.2,-0.9
492,J.J. Redick,35,NOP,54,1425,15.1,0.639,0.618,0.292,0.7,9.7,5.2,10.8,0.6,0.5,9.4,19.9,3.2,0.6,3.7,0.125,2.0,-1.6,0.4,0.9
493,Naz Reid,20,MIN,30,495,15.3,0.505,0.39899999999999997,0.218,7.0,19.9,13.2,11.2,1.8,3.7,7.6,24.0,0.2,0.6,0.8,0.07400000000000001,-1.6,-0.3,-1.9,0.0
494,Josh Richardson,26,PHI,48,1474,12.1,0.526,0.373,0.223,2.8,9.4,6.1,14.8,1.5,2.0,12.6,21.1,0.3,1.6,1.9,0.062,-1.5,-0.2,-1.7,0.1
495,Austin Rivers,27,HOU,60,1402,10.3,0.5379999999999999,0.537,0.20800000000000002,1.9,8.8,5.3,9.5,1.4,0.6,6.9,14.9,1.3,1.0,2.2,0.077,-1.9,-0.4,-2.3,-0.1
496,Duncan Robinson,25,MIA,65,1949,12.8,0.6779999999999999,0.8859999999999999,0.086,0.5,11.2,6.1,7.0,0.9,0.8,8.6,15.8,3.2,1.5,4.7,0.11599999999999999,1.2,-0.9,0.3,1.1
497,Glenn Robinson III,26,TOT,60,1743,13.4,0.5760000000000001,0.33,0.14400000000000002,4.7,11.7,8.1,8.6,1.5,0.8,7.9,16.4,2.0,0.8,2.8,0.077,-0.5,-1.1,-1.6,0.2
500,Jerome Robinson,22,TOT,55,748,6.0,0.439,0.48100000000000004,0.134,1.3,13.8,7.5,11.4,1.4,1.6,12.9,14.6,-0.7,0.7,0.0,0.003,-4.6,0.1,-4.5,-0.5
503,Justin Robinson,22,WAS,9,49,8.2,0.542,0.41700000000000004,0.0,2.2,9.3,5.6,18.6,0.0,1.8,20.0,12.7,0.0,0.0,0.0,0.006,-2.6,-3.1,-5.7,0.0
504,Mitchell Robinson,21,NYK,61,1412,23.5,0.726,0.0,0.434,13.7,18.8,16.2,3.9,1.8,8.0,8.3,13.3,4.8,2.0,6.8,0.23,1.6,1.3,3.0,1.8
505,Isaiah Roby,21,OKC,3,11,-7.7,0.0,0.0,0.0,0.0,19.5,10.1,0.0,0.0,0.0,50.0,8.0,-0.1,0.0,0.0,-0.191,-12.0,-3.5,-15.5,0.0
506,Rajon Rondo,33,LAL,48,984,12.4,0.494,0.381,0.125,2.6,12.9,7.9,32.4,1.9,0.2,20.8,18.7,0.2,1.3,1.5,0.073,-1.1,0.0,-1.2,0.2
507,Derrick Rose,31,DET,50,1298,21.1,0.555,0.195,0.185,2.3,8.3,5.3,40.5,1.5,1.0,13.4,31.6,1.9,0.6,2.5,0.09300000000000001,4.0,-1.7,2.2,1.4
508,Terrence Ross,28,ORL,63,1723,14.2,0.5479999999999999,0.584,0.207,0.8,12.3,6.3,6.8,2.0,1.2,6.8,22.8,1.0,1.8,2.9,0.08,0.0,-0.3,-0.4,0.7
509,Terry Rozier,25,CHO,63,2164,14.9,0.5529999999999999,0.45,0.20199999999999999,2.4,11.8,7.0,20.4,1.4,0.4,12.1,23.7,1.9,1.1,3.0,0.067,0.8,-1.3,-0.4,0.8
510,Ricky Rubio,29,PHO,57,1802,16.3,0.531,0.308,0.33399999999999996,2.5,14.0,8.2,39.9,2.3,0.4,18.1,20.2,2.4,1.7,4.1,0.109,0.5,0.2,0.7,1.2
511,D'Angelo Russell,23,TOT,45,1452,18.7,0.556,0.509,0.235,1.2,12.3,6.6,35.2,1.6,0.8,13.6,31.5,1.1,0.7,1.8,0.06,3.8,-1.9,1.9,1.4
514,Domantas Sabonis,23,IND,62,2159,20.7,0.586,0.079,0.349,9.7,29.5,19.7,21.7,1.1,1.2,14.8,23.4,4.2,3.3,7.6,0.168,2.1,1.1,3.2,2.9
515,Luka Šamanić,20,SAS,1,12,-3.4,0.0,0.5,0.0,0.0,18.0,9.0,28.9,0.0,0.0,0.0,14.5,-0.1,0.0,-0.1,-0.252,-7.4,-4.5,-11.9,0.0
516,JaKarr Sampson,26,IND,26,340,11.8,0.607,0.16,0.247,4.9,14.2,9.6,3.6,1.3,2.3,7.2,12.5,0.4,0.4,0.8,0.11699999999999999,-2.7,0.8,-1.8,0.0
517,Dario Šarić,25,PHO,58,1441,13.3,0.5720000000000001,0.455,0.20199999999999999,6.7,20.2,13.3,10.9,1.1,0.9,12.3,17.2,1.5,1.2,2.7,0.091,-0.5,-0.4,-0.9,0.4
518,Tomáš Satoranský,28,CHI,65,1878,13.5,0.5329999999999999,0.361,0.22,4.3,11.0,7.5,27.1,2.1,0.4,17.7,16.7,1.8,1.7,3.5,0.09,-1.0,-0.2,-1.2,0.4
519,Admiral Schofield,22,WAS,27,293,6.8,0.514,0.627,0.17300000000000001,2.2,10.9,6.4,6.2,1.3,0.9,8.0,12.5,0.1,0.0,0.1,0.02,-4.2,-1.1,-5.3,-0.2
520,Dennis Schröder,26,OKC,63,1952,16.8,0.573,0.33899999999999997,0.243,1.1,11.8,6.6,21.6,1.1,0.6,13.2,27.2,1.9,1.6,3.5,0.086,1.1,-1.2,-0.1,1.0
521,Mike Scott,31,PHI,63,1119,10.2,0.539,0.639,0.094,5.7,16.5,11.1,5.9,0.8,0.4,6.7,13.8,1.0,1.1,2.1,0.08900000000000001,-1.2,-1.1,-2.3,-0.1
522,Thabo Sefolosha,35,HOU,41,436,9.5,0.48700000000000004,0.593,0.08800000000000001,5.0,17.4,11.2,7.5,2.6,2.4,13.7,10.4,0.1,0.6,0.7,0.073,-2.7,1.6,-1.1,0.1
523,Collin Sexton,21,CLE,65,2143,16.3,0.56,0.235,0.24600000000000002,3.1,7.5,5.3,15.1,1.5,0.3,11.6,27.2,2.2,0.3,2.5,0.057,0.3,-2.1,-1.8,0.1
524,Landry Shamet,22,LAC,47,1294,9.2,0.599,0.764,0.179,0.5,6.5,3.6,9.0,0.7,0.6,8.7,13.3,1.7,1.0,2.7,0.1,-1.4,-0.2,-1.6,0.1
525,Marial Shayok,24,PHI,2,10,-2.0,0.3,0.6,0.0,0.0,33.1,16.6,13.4,0.0,0.0,16.7,25.9,-0.1,0.0,0.0,-0.22699999999999998,-8.7,-2.6,-11.3,0.0
526,Iman Shumpert,29,BRK,13,241,5.3,0.40299999999999997,0.516,0.109,3.9,10.4,7.3,6.8,2.4,0.7,13.0,13.4,-0.3,0.3,0.0,-0.001,-6.4,0.8,-5.6,-0.2
527,Pascal Siakam,25,TOR,53,1882,18.7,0.5589999999999999,0.32,0.275,3.3,18.8,11.2,17.0,1.3,2.5,10.5,28.5,2.0,3.2,5.2,0.133,1.7,0.5,2.2,2.0
528,Chris Silva,23,MIA,41,307,17.2,0.6629999999999999,0.028999999999999998,0.71,20.6,19.3,19.9,10.2,1.4,5.8,25.5,17.5,0.7,0.5,1.1,0.17800000000000002,-3.4,0.9,-2.5,0.0
529,Ben Simmons,23,PHI,54,1930,20.8,0.608,0.01,0.46,6.2,18.0,12.1,34.8,2.9,1.4,20.6,20.9,3.8,3.2,7.0,0.174,1.4,2.4,3.9,2.9
530,Anfernee Simons,20,POR,65,1400,9.3,0.506,0.41700000000000004,0.175,1.9,8.9,5.4,9.4,0.9,0.6,9.7,19.0,0.1,0.2,0.3,0.01,-2.5,-1.8,-4.4,-0.8
531,Alen Smailagić,19,GSW,14,139,14.5,0.61,0.325,0.475,7.5,13.7,10.5,14.3,1.0,2.6,18.5,18.2,0.2,0.1,0.2,0.081,-1.3,-0.8,-2.1,0.0
532,Marcus Smart,25,BOS,53,1721,14.0,0.519,0.5820000000000001,0.201,2.5,10.1,6.4,21.0,2.4,1.5,11.5,19.3,1.7,2.4,4.1,0.115,0.2,1.3,1.6,1.5
533,Dennis Smith Jr.,22,NYK,34,537,7.5,0.39899999999999997,0.256,0.251,4.1,11.7,7.7,26.4,2.5,1.4,19.8,23.1,-1.3,0.5,-0.9,-0.079,-5.2,-0.9,-6.1,-0.6
534,Ish Smith,31,WAS,60,1570,13.8,0.512,0.258,0.12,1.9,11.7,6.6,25.9,1.5,1.3,11.2,18.3,1.3,0.4,1.7,0.053,-0.3,-1.1,-1.4,0.2
535,Zhaire Smith,20,PHI,7,32,1.1,0.313,0.273,0.364,0.0,6.9,3.5,8.3,4.6,0.0,13.6,19.9,-0.1,0.1,-0.1,-0.11800000000000001,-10.8,0.8,-10.0,-0.1
536,Tony Snell,28,DET,59,1641,9.7,0.598,0.665,0.084,0.6,7.1,3.8,10.9,1.0,0.8,7.3,11.4,2.1,0.5,2.6,0.076,-1.1,-0.6,-1.8,0.1
537,Omari Spellman,22,GSW,49,886,14.4,0.551,0.373,0.312,9.1,18.0,13.4,8.1,1.8,2.4,13.9,18.8,0.5,0.7,1.2,0.065,-0.7,-1.0,-1.7,0.1
538,Max Strus,23,CHI,2,6,30.7,0.727,0.33299999999999996,0.33299999999999996,17.5,0.0,9.2,0.0,0.0,0.0,0.0,24.4,0.0,0.0,0.0,0.317,5.4,-1.0,4.4,0.0
539,Edmond Sumner,24,IND,25,345,10.0,0.485,0.342,0.135,3.2,8.6,5.9,15.4,2.1,2.0,13.9,17.4,-0.1,0.4,0.3,0.039,-3.6,0.4,-3.1,-0.1
540,Caleb Swanigan,22,TOT,27,288,7.6,0.597,0.043,0.36200000000000004,9.9,26.1,18.1,14.0,0.5,2.1,40.4,13.5,-0.2,0.2,0.0,0.006999999999999999,-6.3,0.2,-6.0,-0.3
543,Jayson Tatum,21,BOS,59,2043,20.3,0.562,0.377,0.251,3.0,18.8,11.0,14.0,2.0,2.4,9.7,28.6,2.9,3.4,6.2,0.147,3.3,0.6,3.9,3.0
544,Jeff Teague,31,TOT,59,1464,14.6,0.557,0.239,0.40299999999999997,1.9,8.6,5.2,30.7,1.4,1.1,16.8,19.5,1.9,0.6,2.5,0.08199999999999999,-0.2,-1.3,-1.5,0.2
547,Garrett Temple,33,BRK,55,1547,10.3,0.507,0.66,0.139,1.9,10.5,6.3,13.1,1.3,1.4,9.3,16.6,0.5,1.6,2.1,0.065,-1.5,0.4,-1.1,0.4
548,Daniel Theis,27,BOS,58,1382,18.2,0.629,0.212,0.27699999999999997,10.2,19.2,14.7,9.9,1.2,5.0,10.1,14.7,3.6,2.3,5.9,0.205,0.4,1.8,2.3,1.5
549,Isaiah Thomas,30,WAS,40,925,11.6,0.531,0.444,0.17800000000000002,1.3,7.0,4.0,23.2,0.7,0.6,14.4,24.1,0.2,-0.1,0.0,0.001,-0.5,-3.9,-4.4,-0.6
550,Khyri Thomas,23,DET,8,61,3.2,0.45299999999999996,0.8240000000000001,0.235,1.8,0.0,0.9,6.7,2.4,0.0,13.8,15.6,-0.1,0.0,0.0,-0.038,-6.1,-1.8,-7.9,-0.1
551,Matt Thomas,25,TOR,33,321,13.6,0.65,0.6759999999999999,0.09,2.4,13.2,7.9,7.9,1.2,0.0,9.4,17.0,0.5,0.4,0.9,0.13699999999999998,1.0,0.4,1.4,0.3
552,Tristan Thompson,28,CLE,57,1721,16.8,0.54,0.040999999999999995,0.28600000000000003,14.5,22.9,18.6,10.5,0.9,2.5,14.0,18.3,2.0,1.1,3.1,0.085,-0.2,-1.3,-1.5,0.2
553,Matisse Thybulle,22,PHI,57,1110,9.8,0.53,0.607,0.175,3.5,5.1,4.3,8.3,3.5,3.1,15.1,11.6,0.1,1.8,1.9,0.084,-3.0,3.1,0.1,0.6
554,Anthony Tolliver,34,TOT,47,732,6.6,0.49700000000000005,0.7809999999999999,0.161,4.3,14.5,9.5,5.7,1.0,1.3,15.3,11.4,-0.1,0.4,0.3,0.018000000000000002,-3.1,-0.7,-3.8,-0.3
558,Juan Toscano-Anderson,26,GSW,13,272,9.4,0.529,0.365,0.079,3.5,17.8,10.4,13.8,2.3,1.7,19.7,12.7,-0.1,0.2,0.2,0.03,-3.9,0.4,-3.5,-0.1
559,Karl-Anthony Towns,24,MIN,35,1187,26.5,0.642,0.445,0.363,8.1,26.1,16.8,22.8,1.3,2.9,13.2,28.8,3.8,1.3,5.1,0.205,7.0,0.8,7.8,2.9
560,Gary Trent Jr.,21,POR,53,1059,11.8,0.555,0.574,0.10300000000000001,2.0,6.6,4.3,6.5,1.8,1.0,4.9,15.4,1.2,0.4,1.6,0.071,-0.5,-0.6,-1.1,0.3
561,Allonzo Trier,24,NYK,24,291,14.5,0.62,0.5,0.406,2.1,8.7,5.3,14.8,0.5,1.3,15.0,21.4,0.5,0.1,0.5,0.087,1.0,-1.5,-0.5,0.1
562,P.J. Tucker,34,HOU,64,2203,8.7,0.58,0.687,0.11800000000000001,4.8,16.2,10.5,5.9,1.5,1.2,14.6,8.6,1.8,2.2,3.9,0.086,-2.2,0.6,-1.6,0.2
563,Rayjon Tucker,22,UTA,14,78,4.5,0.44799999999999995,0.316,0.263,2.9,14.8,9.1,3.5,0.6,0.0,12.4,13.6,-0.1,0.1,0.0,-0.009000000000000001,-6.7,-1.2,-7.9,-0.1
564,Evan Turner,31,ATL,19,251,6.8,0.424,0.075,0.209,3.4,13.0,8.2,20.6,1.7,2.7,26.2,16.4,-0.5,0.1,-0.3,-0.064,-4.9,-0.7,-5.6,-0.2
565,Myles Turner,23,IND,55,1628,14.7,0.561,0.44299999999999995,0.27899999999999997,4.8,19.5,12.2,5.1,1.3,6.5,10.5,17.5,1.0,2.8,3.7,0.111,-0.9,1.1,0.2,0.9
566,Jarrod Uthoff,26,MEM,4,14,-0.1,0.254,0.5710000000000001,0.28600000000000003,7.6,0.0,3.7,0.0,3.3,0.0,0.0,23.4,-0.1,0.0,0.0,-0.16699999999999998,-11.0,-2.5,-13.5,0.0
567,Jonas Valančiūnas,27,MEM,62,1630,22.3,0.631,0.12,0.256,12.5,31.9,22.4,10.2,0.7,3.7,12.8,21.4,3.8,2.4,6.2,0.182,2.2,0.0,2.3,1.8
568,Denzel Valentine,26,CHI,36,488,13.0,0.511,0.578,0.034,1.9,15.5,8.4,14.2,2.6,1.2,9.8,23.3,-0.1,0.6,0.5,0.048,-0.7,0.2,-0.5,0.2
569,Jarred Vanderbilt,20,TOT,11,46,7.6,0.6759999999999999,0.125,0.25,7.3,14.5,10.8,5.9,3.2,2.0,44.1,14.9,-0.1,0.1,0.0,-0.02,-6.6,0.6,-5.9,0.0
572,Fred VanVleet,25,TOR,48,1719,16.0,0.546,0.48200000000000004,0.237,1.1,9.7,5.5,27.4,2.5,0.7,12.4,22.0,2.2,2.7,4.9,0.136,1.0,1.3,2.3,1.8
573,Gabe Vincent,23,MIA,6,42,1.2,0.316,0.8420000000000001,0.0,0.0,7.7,4.0,9.9,1.2,0.0,0.0,20.0,-0.1,0.0,-0.1,-0.105,-6.7,-2.9,-9.6,-0.1
574,Noah Vonleh,24,TOT,33,364,15.6,0.621,0.16899999999999998,0.337,10.4,25.9,17.9,10.7,1.4,1.4,17.0,14.0,0.6,0.4,1.0,0.126,-1.2,0.3,-0.8,0.1
577,Nikola Vučević,29,ORL,54,1763,21.6,0.54,0.27399999999999997,0.16,7.6,29.4,18.1,20.0,1.3,2.4,7.3,25.8,2.9,2.6,5.5,0.15,3.4,0.6,4.0,2.7
578,Dean Wade,23,CLE,12,71,13.9,0.7440000000000001,0.308,0.077,4.6,25.3,14.9,4.0,1.4,4.8,18.2,9.9,0.1,0.1,0.2,0.10400000000000001,-1.7,0.5,-1.2,0.0
579,Moritz Wagner,22,WAS,37,707,16.6,0.6659999999999999,0.294,0.36,7.6,22.8,14.9,10.1,1.5,2.1,17.2,18.8,1.3,0.5,1.8,0.122,-1.2,-0.3,-1.6,0.1
580,Dion Waiters,28,MIA,3,42,13.5,0.53,0.654,0.038,0.0,28.2,14.7,12.4,0.0,4.7,10.2,30.9,-0.1,0.1,0.0,-0.001,2.4,-0.6,1.8,0.0
581,Kemba Walker,29,BOS,50,1592,20.2,0.569,0.526,0.27,2.2,11.4,6.9,24.6,1.4,1.5,10.3,27.8,3.5,1.9,5.4,0.163,5.0,-0.2,4.7,2.7
582,Lonnie Walker,21,SAS,53,767,11.0,0.515,0.266,0.19899999999999998,2.8,13.4,8.1,8.4,1.8,1.5,9.6,18.2,0.0,0.5,0.5,0.027999999999999997,-2.5,-0.7,-3.2,-0.2
583,Tyrone Wallace,25,ATL,14,160,3.9,0.389,0.341,0.386,2.0,13.0,7.4,10.9,2.0,0.5,16.3,16.0,-0.3,0.1,-0.3,-0.075,-7.7,-1.0,-8.7,-0.3
584,Taurean Prince,25,BRK,64,1857,9.2,0.49700000000000005,0.583,0.12,2.8,17.9,10.6,9.3,1.5,1.1,14.0,20.4,-1.7,2.4,0.7,0.019,-2.9,-0.1,-3.0,-0.5
585,Derrick Walton,24,TOT,26,248,8.7,0.617,0.615,0.231,0.9,5.7,3.4,13.9,1.4,0.0,10.4,8.1,0.4,0.2,0.6,0.11199999999999999,-2.3,1.3,-1.1,0.1
588,Brad Wanamaker,30,BOS,63,1215,11.8,0.56,0.28300000000000003,0.365,1.7,9.2,5.5,17.6,2.1,0.9,15.9,15.4,1.2,1.5,2.7,0.10800000000000001,-2.5,1.2,-1.3,0.2
589,T.J. Warren,26,IND,61,1984,17.2,0.599,0.212,0.214,3.4,10.0,6.7,6.8,1.7,1.2,7.5,22.8,3.1,2.2,5.3,0.129,0.4,-0.2,0.2,1.1
590,P.J. Washington,21,CHO,58,1759,12.4,0.547,0.39,0.231,3.5,16.6,9.8,11.3,1.5,2.3,12.5,18.6,0.5,1.4,2.0,0.054000000000000006,-1.7,0.1,-1.6,0.2
591,Yuta Watanabe,25,MEM,16,99,9.5,0.461,0.276,0.276,6.5,11.4,9.0,5.3,2.4,0.9,5.8,14.5,0.0,0.1,0.1,0.047,-3.6,1.0,-2.6,0.0
592,Tremont Waters,22,BOS,10,89,6.5,0.43799999999999994,0.486,0.171,0.0,10.7,5.4,18.8,2.7,2.1,21.0,22.9,-0.2,0.1,-0.1,-0.045,-6.6,0.1,-6.5,-0.1
593,Paul Watson,25,TOT,5,25,-0.5,0.055999999999999994,0.5,0.25,0.0,17.0,8.5,23.9,1.9,3.9,0.0,14.8,-0.1,0.0,-0.1,-0.18100000000000002,-8.0,0.8,-7.3,0.0
596,Quinndary Weatherspoon,23,SAS,3,15,-5.1,0.0,0.33299999999999996,0.0,0.0,7.2,3.6,7.7,0.0,0.0,0.0,8.7,-0.1,0.0,-0.1,-0.19699999999999998,-9.1,-6.0,-15.1,-0.1
597,Russell Westbrook,31,HOU,53,1905,21.5,0.539,0.168,0.289,5.1,18.4,11.7,35.0,2.1,0.8,14.9,34.4,2.1,2.3,4.3,0.109,1.9,-0.1,1.8,1.8
598,Coby White,19,CHI,65,1674,11.9,0.506,0.475,0.163,1.8,14.0,7.6,16.5,1.4,0.3,11.4,24.4,-0.4,1.4,0.9,0.026000000000000002,-1.2,-1.6,-2.8,-0.3
599,Derrick White,25,SAS,61,1468,15.9,0.585,0.345,0.377,2.2,12.0,7.1,19.5,1.3,3.3,12.2,18.2,2.5,0.9,3.4,0.11,0.7,0.2,0.9,1.1
600,Hassan Whiteside,30,POR,61,1911,25.0,0.6409999999999999,0.01,0.33299999999999996,13.4,33.4,23.6,6.0,0.6,8.3,13.1,19.8,5.1,3.0,8.1,0.204,2.5,0.7,3.2,2.5
601,Andrew Wiggins,24,TOT,54,1858,16.4,0.536,0.342,0.27399999999999997,3.6,12.3,7.8,18.1,1.1,2.4,10.7,27.4,0.9,1.1,1.9,0.05,1.1,-1.5,-0.3,0.8
604,Grant Williams,21,BOS,62,970,8.0,0.508,0.44299999999999995,0.266,6.5,11.7,9.1,8.3,1.4,3.1,17.7,11.5,0.2,1.3,1.5,0.075,-4.0,1.4,-2.6,-0.1
605,Johnathan Williams,24,WAS,11,135,14.4,0.643,0.08,0.2,11.7,23.7,17.5,5.9,0.3,3.9,12.8,9.6,0.3,0.1,0.3,0.11599999999999999,-0.5,-1.3,-1.8,0.0
606,Kenrich Williams,25,NOP,35,779,7.6,0.43,0.6709999999999999,0.168,6.6,17.5,12.0,8.3,1.5,2.2,12.0,9.2,0.1,0.8,0.8,0.052000000000000005,-3.3,1.0,-2.3,-0.1
607,Lou Williams,33,LAC,60,1757,17.2,0.546,0.33399999999999996,0.365,1.7,9.1,5.5,29.9,1.1,0.5,14.4,28.3,2.2,1.7,3.9,0.107,2.1,-1.4,0.8,1.2
608,Marvin Williams,33,TOT,52,1011,11.4,0.585,0.578,0.217,2.1,13.7,7.8,8.0,1.7,2.4,9.3,13.0,1.0,1.0,2.1,0.099,-1.7,1.0,-0.7,0.3
611,Robert Williams,22,BOS,23,323,19.6,0.6709999999999999,0.0,0.40299999999999997,11.4,24.3,17.9,9.5,3.0,8.0,21.5,12.3,0.6,0.8,1.4,0.205,-0.6,4.4,3.8,0.5
612,Nigel Williams-Goss,25,UTA,9,28,5.7,0.254,0.28600000000000003,0.28600000000000003,8.2,11.2,9.8,22.3,1.7,3.0,20.2,15.5,-0.1,0.0,0.0,-0.045,-5.1,1.1,-3.9,0.0
613,Zion Williamson,19,NOP,19,565,24.2,0.624,0.045,0.521,10.2,13.9,12.0,12.6,1.3,1.3,12.4,29.6,1.3,0.4,1.8,0.149,3.5,-1.1,2.4,0.6
614,D.J. Wilson,23,MIL,31,280,8.4,0.47600000000000003,0.545,0.08900000000000001,3.8,19.3,12.0,10.3,0.3,1.6,12.5,17.7,-0.2,0.5,0.3,0.055,-3.9,0.3,-3.6,-0.1
615,Justise Winslow,23,MIA,11,352,8.6,0.44,0.209,0.209,5.3,17.4,11.6,18.6,1.0,1.4,14.6,20.7,-0.4,0.4,0.0,-0.003,-3.5,-0.1,-3.5,-0.1
616,Christian Wood,24,DET,62,1325,23.2,0.659,0.276,0.47600000000000003,8.8,24.8,16.7,7.6,1.3,3.4,12.0,23.0,3.6,1.5,5.1,0.184,3.5,-0.3,3.1,1.7
617,Delon Wright,27,DAL,65,1412,16.1,0.563,0.307,0.23600000000000002,5.0,14.0,9.6,21.2,2.6,1.3,13.9,14.8,2.6,1.8,4.3,0.14800000000000002,0.4,2.0,2.4,1.6
618,Justin Wright-Foreman,22,UTA,1,2,0.0,,,,0.0,0.0,0.0,0.0,0.0,0.0,,0.0,0.0,0.0,0.0,0.01,-6.1,-0.9,-7.0,0.0
619,Thaddeus Young,31,CHI,64,1591,13.3,0.521,0.369,0.12,6.2,16.1,10.9,11.3,2.8,1.4,13.9,19.7,-0.2,2.1,1.9,0.057999999999999996,-1.4,0.2,-1.1,0.4
620,Trae Young,21,ATL,60,2120,23.9,0.595,0.455,0.44799999999999995,1.6,11.5,6.5,45.6,1.4,0.3,16.2,34.9,5.4,0.5,5.9,0.134,6.3,-2.3,4.0,3.2
621,Cody Zeller,27,CHO,58,1341,18.8,0.5760000000000001,0.157,0.374,12.6,21.2,16.7,11.3,1.5,1.7,11.9,20.8,2.4,1.2,3.6,0.129,0.2,-0.8,-0.6,0.5
622,Ante Žižić,23,CLE,22,221,16.4,0.597,0.0,0.264,9.0,24.4,16.6,4.2,1.5,1.9,11.1,17.5,0.3,0.2,0.5,0.106,-1.7,-1.5,-3.2,-0.1
623,Ivica Zubac,22,LAC,64,1156,21.0,0.642,0.006,0.42,15.2,25.7,20.6,8.7,0.5,4.6,11.8,16.2,3.6,2.0,5.6,0.231,1.5,1.0,2.5,1.3
