,Player,Age,Tm,G,GS,MP,FG,FGA,FG%,3P,3PA,3P%,2P,2PA,2P%,FT,FTA,FT%,ORB,DRB,TRB,AST,STL,BLK,TOV,PF,PTS
0,Steven Adams,26,OKC,58,58,1564,6,10.2,0.591,0,0.1,0.333,6,10.1,0.593,2.5,4.2,0.59,4.5,8,12.5,3.2,1.2,1.5,2,2.6,14.6
1,Bam Adebayo,22,MIA,65,65,2235,6.6,11.6,0.567,0,0.2,0.077,6.6,11.4,0.576,3.8,5.5,0.69,2.7,8.3,11,5.4,1.3,1.4,3,2.6,17
2,LaMarcus Aldridge,34,SAS,53,53,1754,8,16.3,0.493,1.3,3.2,0.389,6.8,13.1,0.519,3.2,3.9,0.827,2.1,5.9,8,2.6,0.7,1.8,1.5,2.6,20.5
3,Nickeil Alexander-Walker,21,NOP,41,0,501,5.5,16.3,0.339,2.9,8.4,0.342,2.7,7.9,0.336,1.2,2,0.607,0.6,5.2,5.7,5.3,0.8,0.5,2.9,3.3,15.2
4,Grayson Allen,24,MEM,30,0,498,5.7,12.7,0.449,2.4,6.6,0.363,3.3,6.1,0.541,2.2,2.5,0.857,0.4,4.4,4.8,3.1,0.4,0.1,1.7,2.6,16
5,Jarrett Allen,21,BRK,64,58,1647,5.8,9,0.646,0,0.1,0,5.8,8.9,0.654,3.2,5.2,0.62,4.3,9,13.2,1.9,0.8,1.9,1.6,3.1,14.9
6,Kadeem Allen,27,NYK,10,0,117,5.8,13.5,0.432,1.5,4.9,0.313,4.3,8.6,0.5,2.2,3.4,0.636,0.6,2.2,2.8,6.5,1.5,0.6,2.5,2.2,15.4
7,Al-Farouq Aminu,29,ORL,18,2,380,2.4,8.1,0.291,0.9,3.4,0.25,1.5,4.7,0.32,1.8,2.7,0.655,2.3,6,8.2,2,1.7,0.8,1.6,2.6,7.4
8,Justin Anderson,26,BRK,3,0,17,2.1,12.7,0.167,0,6.4,0,2.1,6.4,0.333,2.1,4.2,0.5,0,4.2,4.2,0,0,2.1,0,4.2,6.4
9,Kyle Anderson,26,MEM,59,20,1140,4.4,8.8,0.493,0.5,2,0.258,3.9,6.9,0.56,1.4,2.1,0.652,1.7,6.4,8.1,4.2,1.5,1,1.7,2.7,10.6
10,Ryan Anderson,31,HOU,2,0,14,5.1,18,0.286,2.6,12.9,0.2,2.6,5.1,0.5,0,0,,0,18,18,5.1,2.6,0,2.6,2.6,12.9
11,Giannis Antetokounmpo,25,MIL,57,57,1763,12.7,23.3,0.547,1.7,5.5,0.306,11,17.7,0.622,7.4,11.6,0.633,2.7,13.3,16,6.7,1.2,1.2,4.3,3.5,34.5
12,Kostas Antetokounmpo,22,LAL,3,0,5,0,0,,0,0,,0,0,,0,0,,0,7.2,7.2,7.2,0,0,0,0,0
13,Thanasis Antetokounmpo,27,MIL,18,2,93,7.4,13.9,0.528,0,2.7,0,7.4,11.2,0.655,2.7,5.8,0.467,4.3,3.1,7.4,3.5,2.3,0.8,4.3,5,17.4
14,Carmelo Anthony,35,POR,50,50,1623,6.4,15.1,0.426,1.6,4.3,0.371,4.8,10.8,0.447,2.5,3,0.843,1.4,5.6,6.9,1.8,0.9,0.5,1.9,3.1,16.9
15,OG Anunoby,22,TOR,63,62,1897,5.1,10,0.507,1.6,4.1,0.381,3.5,5.9,0.593,1.1,1.6,0.686,1.4,5.1,6.5,1.9,1.7,0.8,1.4,2.9,12.8
16,Ryan Arcidiacono,25,CHI,58,4,930,3.5,8.5,0.409,2.1,5.3,0.391,1.4,3.2,0.439,1,1.5,0.711,0.8,3.5,4.3,3.7,1,0.1,1.4,3.7,10.1
17,Trevor Ariza,34,TOT,53,21,1493,3.4,7.8,0.438,1.9,5,0.372,1.6,2.8,0.556,1.5,1.8,0.838,0.8,5.1,5.9,2.2,1.7,0.4,1.4,2.7,10.2
18,D.J. Augustin,32,ORL,49,6,1215,4.6,11.8,0.393,1.8,5.2,0.345,2.8,6.6,0.43,4.1,4.7,0.885,0.5,2.7,3.2,6.6,0.9,0,2,1.6,15.1
19,Deandre Ayton,21,PHO,30,25,996,9.2,16.8,0.548,0,0.1,0,9.2,16.7,0.552,2.2,2.8,0.769,4.4,8.6,13,2.1,0.8,1.8,2.6,3.5,20.6
20,Dwayne Bacon,24,CHO,39,11,687,4.5,12.8,0.348,1,3.5,0.284,3.5,9.3,0.373,1.8,2.8,0.66,0.8,4.5,5.2,2.7,1.2,0.1,1.9,2.7,11.7
21,Marvin Bagley III,20,SAC,13,6,334,8.4,18,0.467,0.4,2.4,0.182,8,15.6,0.51,2.7,3.3,0.806,3.1,7.3,10.5,1.1,0.6,1.3,1.9,4.6,19.9
22,Lonzo Ball,22,NOP,56,47,1817,5.1,12.4,0.412,2.8,7.2,0.383,2.4,5.3,0.453,0.8,1.3,0.567,1.2,5.6,6.9,7.8,1.6,0.6,3.4,2.2,13.8
23,Mo Bamba,21,ORL,60,0,868,5.5,11.7,0.468,1.5,4.3,0.356,3.9,7.4,0.534,1.3,1.9,0.674,4.1,8.3,12.4,1.7,0.9,3.5,1.7,4.8,13.8
24,J.J. Barea,35,DAL,26,4,391,6.8,16.5,0.413,2.7,7,0.382,4.1,9.5,0.437,1.6,1.7,0.944,0.9,3.5,4.4,9.1,0.4,0.2,3.2,2.3,17.9
25,Harrison Barnes,27,SAC,64,64,2231,5.3,11.5,0.459,1.5,3.9,0.383,3.8,7.6,0.498,3.2,3.9,0.803,1,4,4.9,2.5,0.6,0.2,1.3,1.3,15.2
26,RJ Barrett,19,NYK,56,55,1704,6.2,15.4,0.402,1.3,4.2,0.32,4.8,11.2,0.432,3.3,5.4,0.614,1.1,4.8,5.9,3,1.2,0.4,2.6,2.6,17
27,Will Barton,29,DEN,58,58,1916,6.2,13.9,0.45,2,5.4,0.375,4.2,8.5,0.498,1.9,2.5,0.767,1.4,5.4,6.9,4,1.1,0.5,1.7,2.3,16.4
28,Keita Bates-Diop,24,TOT,39,0,665,4.8,11.3,0.428,1.7,5.1,0.33,3.1,6.2,0.509,2.7,3.7,0.71,1.1,4.9,6.1,1.6,0.9,1.1,0.8,2.1,14
29,Nicolas Batum,31,CHO,22,3,505,2,5.8,0.346,1,3.5,0.286,1,2.3,0.438,0.6,0.7,0.9,1.8,5.3,7.1,4.7,1.2,0.6,1.6,2.9,5.6
30,Aron Baynes,33,PHO,42,28,934,7.1,14.7,0.48,2.3,6.5,0.351,4.8,8.2,0.582,2.2,2.9,0.747,2.7,6.4,9.1,2.6,0.4,0.9,1.9,5.4,18.5
31,Kent Bazemore,30,TOT,64,21,1604,4.2,11.1,0.374,1.8,5.1,0.342,2.4,6,0.401,2.4,3.2,0.768,0.5,5.7,6.2,1.9,1.6,0.9,1.9,4.1,12.5
32,Darius Bazley,19,OKC,53,8,909,3.5,9.1,0.383,1.2,4,0.3,2.3,5.1,0.446,1.3,1.9,0.681,0.8,6.9,7.8,1.1,0.8,1.4,1.6,1.8,9.4
33,Bradley Beal,26,WAS,57,57,2053,10.4,22.8,0.455,3,8.4,0.353,7.4,14.4,0.515,6.8,8,0.842,0.9,3.3,4.2,6.1,1.2,0.4,3.4,2.2,30.5
34,Malik Beasley,23,TOT,55,14,1209,6.8,15.9,0.425,3.2,8.2,0.388,3.6,7.7,0.465,1.6,2,0.818,0.5,3.9,4.4,2.2,1.2,0.2,1.7,2.3,18.3
35,Marco Belinelli,33,SAS,52,0,779,4.9,12.5,0.391,2.6,7.2,0.368,2.3,5.4,0.422,1.5,1.9,0.78,0.2,4,4.2,3,0.5,0,0.7,1.9,13.9
36,Jordan Bell,25,TOT,29,0,256,4.9,9.4,0.522,0.6,1.7,0.333,4.4,7.7,0.564,2.7,4.4,0.613,4.2,7.2,11.4,2.3,0.4,1.4,3,2.7,13.1
37,DeAndre' Bembry,25,ATL,43,4,915,4.1,9,0.456,0.6,2.6,0.231,3.5,6.4,0.546,1,1.9,0.542,1.3,4.6,6,3.2,2.2,0.7,2.4,3.3,9.8
38,Dragan Bender,22,TOT,16,3,286,5.2,11.6,0.446,1.9,5.4,0.349,3.3,6.2,0.531,1.3,1.8,0.714,2,7.2,9.2,3.5,0.5,1.1,2.6,5.3,13.5
39,Dāvis Bertāns,27,WAS,54,4,1583,6,13.9,0.434,4.5,10.7,0.424,1.5,3.1,0.471,2.4,2.8,0.852,0.8,4.8,5.6,2.1,0.8,0.8,1.3,3.2,19
40,Patrick Beverley,31,LAC,48,48,1299,3.9,9,0.428,2.1,5.5,0.379,1.8,3.5,0.504,0.7,1.1,0.659,1.6,5.6,7.2,5,1.5,0.7,1.8,4.2,10.5
41,Khem Birch,27,ORL,40,24,777,2.6,5.3,0.487,0,0,0,2.6,5.3,0.491,1.9,3.1,0.612,3.2,5.1,8.3,1.6,0.7,1,1.1,3.4,7.1
42,Goga Bitadze,20,IND,49,2,410,5.4,11.3,0.473,0.5,3.2,0.167,4.8,8.2,0.591,2.1,2.9,0.727,1.9,6.5,8.4,1.8,0.5,2.8,2.2,5,13.3
43,Bismack Biyombo,27,CHO,53,29,1029,5.3,9.7,0.543,0,0,,5.3,9.7,0.543,3.2,5.3,0.603,4.2,6.6,10.8,1.7,0.3,1.7,1.7,4.1,13.7
44,Nemanja Bjelica,31,SAC,64,61,1821,5.7,11.9,0.475,2.5,5.8,0.424,3.2,6.1,0.524,1.2,1.4,0.822,2.1,6,8.1,3.5,1.1,0.7,1.8,3.8,15
45,Eric Bledsoe,30,MIL,56,56,1524,7.5,15.6,0.482,1.7,4.7,0.348,5.9,10.9,0.54,3.7,4.6,0.813,1,5.1,6.1,7.1,1.3,0.6,3.3,2.8,20.4
46,Bogdan Bogdanović,27,SAC,53,20,1510,6.6,15.2,0.433,3.3,9.1,0.361,3.3,6.2,0.541,1.8,2.5,0.724,0.4,3.7,4.1,4,1.3,0.3,2.1,2.7,18.3
47,Bojan Bogdanović,30,UTA,63,63,2083,7.2,16.2,0.447,3.3,7.9,0.414,4,8.3,0.479,4.3,4.8,0.903,0.7,3.8,4.5,2.3,0.6,0.1,2.7,1.9,22
48,Jonah Bolden,24,TOT,7,0,47,3.1,8.4,0.364,0,3.1,0,3.1,5.4,0.571,1.5,3.1,0.5,2.3,4.6,6.9,0,2.3,1.5,1.5,7.7,7.7
49,Marques Bolden,21,CLE,1,0,3,0,0,,0,0,,0,0,,0,0,,0,24,24,0,12,0,0,12,0
50,Jordan Bone,22,DET,10,0,53,3.4,13.6,0.25,1.4,6.8,0.2,2,6.8,0.3,0,0,,0,2.7,2.7,5.4,0.7,0,1.4,4.1,8.2
51,Isaac Bonga,20,WAS,58,41,1025,3.4,6.5,0.522,0.8,1.9,0.4,2.6,4.5,0.574,1.8,2.2,0.813,2.1,4.3,6.4,2.1,1.3,0.7,1.4,4.8,9.3
52,Devin Booker,23,PHO,62,62,2241,8.7,18,0.487,2,5.6,0.36,6.7,12.3,0.544,6.5,7.1,0.916,0.4,3.7,4.1,6.6,0.7,0.3,3.9,3,26
53,Chris Boucher,27,TOR,55,0,724,5.9,12.9,0.458,1.4,4.9,0.283,4.5,8,0.565,4.1,5.1,0.796,4.7,7.4,12,1.1,1,2.6,1.1,5.2,17.3
54,Brian Bowen,21,IND,5,1,29,2.5,11.2,0.222,0,2.5,0,2.5,8.7,0.286,0,0,,1.2,7.4,8.7,0,0,1.2,1.2,2.5,5
55,Ky Bowman,22,GSW,45,12,1015,4.8,11.4,0.417,1.2,3.8,0.308,3.6,7.6,0.472,1.2,1.5,0.829,0.9,3.4,4.3,4.6,1.6,0.4,2.5,3.6,11.9
56,Avery Bradley,29,LAL,49,44,1186,5.2,11.6,0.444,1.9,5.3,0.364,3.2,6.4,0.51,0.6,0.7,0.833,0.5,2.9,3.5,1.9,1.3,0.2,1.4,3.3,12.8
57,Tony Bradley,22,UTA,50,2,535,6.9,10.4,0.665,0.1,0.1,1,6.9,10.4,0.662,1.7,2.7,0.65,6.1,8.5,14.5,1.1,0.8,1.7,1.5,6.6,15.7
58,Jarrell Brantley,23,UTA,5,0,13,0,0,,0,0,,0,0,,0,0,,0,13.8,13.8,2.8,0,5.5,5.5,5.5,0
59,Ignas Brazdeikis,21,NYK,9,0,53,4.1,14.9,0.273,0.7,6.1,0.111,3.4,8.8,0.385,2.7,3.4,0.8,1.4,2,3.4,2.7,0,0.7,1.4,2,11.5
60,Mikal Bridges,23,PHO,65,24,1772,4.3,8.3,0.516,1.1,3.2,0.352,3.1,5,0.621,1.8,2.1,0.848,1.2,4.1,5.3,2.3,1.9,0.8,1.3,2.9,11.5
61,Miles Bridges,21,CHO,65,64,1995,5.8,13.6,0.424,1.8,5.4,0.33,4,8.2,0.486,1.9,2.4,0.809,1.6,4.9,6.5,2.1,0.7,0.9,1.7,2.4,15.2
62,Oshae Brissett,21,TOR,19,0,135,3.5,9.6,0.361,0.8,4,0.2,2.7,5.6,0.476,2.1,2.7,0.8,2.4,4.5,6.9,1.9,1.1,0.3,1.9,4.8,9.9
63,Ryan Broekhoff,29,DAL,17,1,180,4.4,11.8,0.373,4,10.2,0.392,0.4,1.6,0.25,1.4,1.6,0.875,1,7.6,8.6,2.2,1,0.8,1.2,3,14.2
64,Malcolm Brogdon,27,IND,48,48,1472,7.1,16.1,0.439,1.5,4.8,0.313,5.6,11.3,0.491,3.5,4,0.895,1,4.5,5.5,8.4,0.8,0.2,2.8,2.2,19.2
65,Dillon Brooks,24,MEM,65,65,1851,7.2,18,0.402,2.6,7,0.369,4.7,11,0.423,2.8,3.5,0.809,1.2,3,4.1,2.5,1.1,0.5,2.1,4.8,19.8
66,Bruce Brown,23,DET,58,43,1634,4.4,9.8,0.443,0.7,2.1,0.344,3.6,7.7,0.47,1.9,2.6,0.739,1.3,4.7,6,5.1,1.4,0.6,2.2,3.6,11.4
67,Charlie Brown,22,ATL,10,0,40,5.4,17.1,0.316,2.7,8.1,0.333,2.7,9,0.3,4.5,4.5,1,1.8,1.8,3.6,1.8,1.8,1.8,2.7,2.7,18
68,Jaylen Brown,23,BOS,50,50,1702,8,16.3,0.49,2.3,5.9,0.381,5.7,10.4,0.552,3.4,4.6,0.736,1.1,5.6,6.7,2.3,1.2,0.3,2.5,3.2,21.6
69,Moses Brown,20,POR,9,0,33,4.4,10.9,0.4,0,0,,4.4,10.9,0.4,3.3,8.7,0.375,3.3,12,15.3,1.1,1.1,1.1,3.3,7.6,12
70,Sterling Brown,24,MIL,45,1,665,4.3,11.8,0.367,1.9,6.2,0.316,2.4,5.6,0.423,1.5,1.9,0.771,1.5,7.4,8.9,2.5,1.2,0.4,1.9,2.4,12.1
71,Troy Brown Jr.,20,WAS,61,14,1519,5.4,12,0.453,1.2,3.4,0.345,4.2,8.6,0.496,2,2.7,0.754,1.5,6.2,7.7,3.4,1.8,0.1,1.5,2.6,14.1
72,Jalen Brunson,23,DAL,57,16,1022,6.4,13.7,0.466,1.5,4.2,0.358,4.9,9.4,0.515,2.1,2.6,0.813,0.8,3.9,4.7,6.6,0.8,0.1,2.3,2.6,16.4
73,Thomas Bryant,22,WAS,38,28,901,7.4,12.3,0.599,0.9,2.2,0.407,6.5,10.1,0.64,2.8,3.8,0.737,3,7.4,10.4,2.8,0.6,1.3,1.9,3.4,18.4
74,Reggie Bullock,28,NYK,29,19,684,4.7,11.8,0.402,1.9,5.8,0.333,2.8,5.9,0.469,0.9,1.1,0.81,0.7,2.9,3.6,2.2,1.3,0.2,1,2.9,12.3
75,Trey Burke,27,PHI,25,0,329,6.5,13.9,0.465,1.8,4.2,0.421,4.7,9.7,0.483,1.4,2,0.722,1.6,2.2,3.8,5.8,0.8,0.1,1.3,2.3,16.1
76,Alec Burks,28,TOT,59,18,1612,6.3,15.7,0.404,2.2,6.1,0.366,4.1,9.6,0.428,5,5.6,0.896,1,4.9,5.9,3.8,1.3,0.4,1.9,2.7,19.9
77,Deonte Burton,26,OKC,34,0,284,4.9,13.3,0.371,1.3,5.8,0.217,3.7,7.5,0.492,0.8,1.5,0.5,0.8,5.3,6.1,1.4,0.6,1.3,1.8,3.5,11.9
78,Jimmy Butler,30,MIA,54,54,1851,6.4,14,0.454,0.6,2.3,0.248,5.8,11.8,0.494,7.9,9.5,0.833,1.9,5.1,7,6.4,1.8,0.6,2.3,1.4,21.3
79,Bruno Caboclo,24,TOT,27,0,220,5.2,12.6,0.416,0.7,4.6,0.143,4.6,8,0.571,0.7,0.8,0.8,3.6,5.1,8.7,2,2,2.6,1.5,4.1,11.8
80,Kentavious Caldwell-Pope,26,LAL,63,20,1603,4.9,10.5,0.472,2,5,0.394,3,5.5,0.543,1.7,2.1,0.779,0.8,2.1,3,2.4,1.2,0.3,1.2,2.6,13.5
81,Vlatko Čančar,22,DEN,14,0,45,4.8,12,0.4,0.8,4.8,0.167,4,7.2,0.556,3.2,3.2,1,4,4,8,2.4,0.8,0.8,2.4,5.6,13.6
82,Clint Capela,25,HOU,39,39,1279,6.9,10.9,0.629,0,0,,6.9,10.9,0.629,1.5,2.9,0.529,4.7,10.4,15.1,1.4,0.9,2,1.8,2.9,15.3
83,DeMarre Carroll,33,TOT,21,0,231,3.3,8.4,0.389,1.1,4.2,0.259,2.2,4.2,0.519,3.7,5.6,0.667,1.7,5.6,7.3,2.8,0.6,0.6,2.5,4.4,11.4
84,Jevon Carter,24,PHO,50,2,754,3.9,9.8,0.4,2.2,5.6,0.393,1.7,4.2,0.409,1,1.2,0.84,1.2,3.5,4.7,3.1,1.8,0.6,1.5,3.6,11
85,Vince Carter,43,ATL,60,0,876,4.4,12.5,0.352,2.5,8.3,0.302,1.9,4.2,0.451,0.9,1.2,0.793,0.7,4.4,5.1,2,0.9,1,1.4,3.7,12.2
86,Wendell Carter Jr.,20,CHI,43,43,1256,5.2,9.8,0.534,0.2,0.8,0.207,5.1,9,0.564,3.2,4.4,0.737,4,7.6,11.6,1.5,0.9,1,2.1,4.6,13.9
87,Michael Carter-Williams,28,ORL,42,0,773,4.9,11.3,0.434,0.9,3.2,0.294,4,8.1,0.489,3.4,4.1,0.828,2,4.5,6.5,4.8,2.1,0.9,2.2,3.6,14.1
88,Alex Caruso,25,LAL,58,1,1032,3.8,9.1,0.423,1.3,3.7,0.355,2.5,5.3,0.471,2,2.7,0.763,0.5,3.4,3.9,3.6,2.1,0.6,1.6,3,11
89,Willie Cauley-Stein,26,TOT,54,39,1097,5.7,9.9,0.579,0,0,0,5.7,9.9,0.581,1.3,2.2,0.606,2.8,7.6,10.3,2.3,1.6,2,1.3,4,12.8
90,Tyson Chandler,37,HOU,26,5,219,2.3,3,0.778,0,0,,2.3,3,0.778,1,2.1,0.462,4.1,6.7,10.8,1,1,1.3,1.3,5.3,5.6
91,Wilson Chandler,32,BRK,35,3,734,3.6,9,0.404,1.8,5.9,0.306,1.8,3,0.597,1,1.1,0.87,0.5,6.6,7.1,1.9,0.8,0.6,1.7,3.9,10.1
92,Joe Chealey,24,CHO,4,0,33,0,7.6,0,0,4.4,0,0,3.3,0,2.2,2.2,1,0,0,0,1.1,4.4,0,2.2,2.2,2.2
93,Zylan Cheatham,24,NOP,3,0,31,2.3,5.8,0.4,0,1.2,0,2.3,4.6,0.5,0,0,,1.2,5.8,7,2.3,0,1.2,3.5,5.8,4.6
94,Chris Chiozza,24,TOT,21,0,249,4.6,11.4,0.405,2.6,5.9,0.439,2,5.5,0.368,0.3,0.3,1,0.9,4.2,5.1,6.9,2.2,0.3,2.5,3.3,12.1
95,Marquese Chriss,22,GSW,59,21,1196,6.3,11.6,0.545,0.2,1.2,0.205,6.1,10.4,0.584,3.6,4.7,0.769,3.4,7.6,11,3.4,1.2,1.9,2.3,3.7,16.5
96,Gary Clark,25,TOT,35,1,425,3.2,8.6,0.376,2.4,7.3,0.326,0.8,1.3,0.667,0.7,0.8,0.889,2.3,4.9,7.2,1.3,0.4,1.2,0.4,2.6,9.5
97,Brandon Clarke,23,MEM,50,3,1086,8.4,13.5,0.623,0.7,1.7,0.404,7.7,11.8,0.654,2.4,3.1,0.785,2.6,7.1,9.7,2.4,0.9,1.4,1.5,2.7,20
98,Jordan Clarkson,27,TOT,63,0,1527,8.3,17.8,0.465,3.1,8.3,0.368,5.2,9.4,0.55,2.9,3.4,0.841,1.1,2.8,3.9,2.9,1,0.4,1.9,2.2,22.4
99,Nicolas Claxton,20,BRK,15,0,187,5.2,9.2,0.563,0.2,1.3,0.143,5,7.9,0.634,2.1,4,0.524,3.7,4.8,8.5,3.1,0.2,1.5,1.7,2.7,12.7
100,Chris Clemons,22,HOU,29,0,251,7.3,18.1,0.405,4.7,13.5,0.351,2.6,4.6,0.563,0.9,1,0.857,0.4,2.9,3.3,3.2,0.9,0.7,2.4,2.9,20.2
101,Antonius Cleveland,25,DAL,6,0,22,3.3,9.8,0.333,0,1.6,0,3.3,8.2,0.4,1.6,3.3,0.5,0,4.9,4.9,0,1.6,1.6,1.6,3.3,8.2
102,Amir Coffey,22,LAC,13,0,98,4.8,12.1,0.394,0.4,2.6,0.143,4.4,9.6,0.462,0.4,1.1,0.333,1.5,3.7,5.1,3.3,0.4,0.4,1.1,4.4,10.3
103,John Collins,22,ATL,41,41,1363,9.3,16,0.583,1.6,3.9,0.401,7.8,12.1,0.642,3.2,4,0.8,3.1,7.9,11,1.6,0.8,1.7,2,3.6,23.4
104,Zach Collins,22,POR,3,3,86,3.8,8,0.474,1.3,2.9,0.429,2.5,5,0.5,2.5,2.5,1,1.7,3.3,5,2.5,0,0.8,2.5,4.6,11.3
105,Mike Conley,32,UTA,41,35,1171,6.1,14.9,0.405,2.5,6.5,0.376,3.6,8.4,0.429,2.9,3.6,0.795,0.8,3.3,4.1,5.5,1,0.1,2.3,2.8,17.4
106,Pat Connaughton,27,MIL,61,1,1119,3.8,8.4,0.456,1.4,4.4,0.321,2.4,4,0.605,0.9,1.2,0.75,1.8,6.5,8.3,3.1,0.6,1,1.5,1.9,9.9
107,Quinn Cook,26,LAL,38,0,409,6.7,15.2,0.439,2.2,5.8,0.379,4.5,9.4,0.477,0.5,0.8,0.667,0.6,2.9,3.5,3.5,1,0.1,2.2,2,16.1
108,Tyler Cook,22,CLE,11,0,35,7.2,10.3,0.7,0,0,,7.2,10.3,0.7,5.1,6.2,0.833,4.1,6.2,10.3,1,1,0,1,4.1,19.5
109,Robert Covington,29,TOT,62,60,1867,5.4,12.5,0.432,2.9,8.2,0.349,2.5,4.3,0.589,1.7,2.1,0.796,1,6.6,7.7,1.4,1.8,1.5,1.8,3.8,15.3
110,Allen Crabbe,27,TOT,37,1,653,3.5,9.8,0.356,2,6.6,0.303,1.5,3.2,0.466,0.6,0.8,0.714,0.6,3.6,4.2,1.8,0.8,0.2,0.9,2.6,9.5
111,Torrey Craig,29,DEN,50,19,869,4,8.6,0.462,1.5,4.5,0.33,2.5,4.1,0.606,0.8,1.3,0.645,2,4.5,6.5,1.4,0.7,1.3,0.9,4.6,10.3
112,Jae Crowder,29,TOT,58,46,1695,4.2,10.9,0.384,2.4,7.5,0.318,1.8,3.4,0.532,2,2.6,0.785,1,6.5,7.5,3.2,1.4,0.4,1.3,2.7,12.8
113,Jarrett Culver,20,MIN,63,35,1506,5.5,13.6,0.404,1.6,5.3,0.299,3.9,8.3,0.471,1.3,2.8,0.462,1.7,3.4,5.1,2.6,1.4,0.9,1.9,3,13.9
114,Seth Curry,29,DAL,59,20,1448,6.6,13.2,0.5,3.4,7.5,0.453,3.2,5.8,0.56,1.8,2.2,0.841,0.6,2.8,3.5,3,0.9,0.2,1.5,2.5,18.4
115,Stephen Curry,31,GSW,5,5,139,8.5,21.2,0.402,3.1,12.7,0.245,5.4,8.5,0.636,6.7,6.7,1,1,5.7,6.7,8.5,1.3,0.5,4.1,2.8,26.9
116,Troy Daniels,28,TOT,42,0,457,4.9,12.5,0.39,3.2,8.9,0.354,1.7,3.6,0.478,0.8,1.3,0.625,0.9,2.7,3.6,1.1,0.6,0.2,0.7,2.4,13.7
117,Anthony Davis,26,LAL,55,55,1889,9.7,18.9,0.511,1.2,3.7,0.335,8.4,15.2,0.554,7.4,8.7,0.845,2.4,7.5,9.9,3.3,1.6,2.6,2.6,2.6,28
118,Ed Davis,30,UTA,25,0,268,1.9,4.6,0.412,0,0,,1.9,4.6,0.412,0.7,1.5,0.455,3.9,8.9,12.8,1.1,1.3,1.2,1.7,7.4,4.4
119,Terence Davis,22,TOR,64,2,1087,6,12.9,0.463,2.9,7.4,0.396,3.1,5.6,0.55,1.5,1.7,0.865,1.5,5.7,7.2,3.5,1.1,0.4,2.2,3.4,16.4
120,Dewayne Dedmon,30,TOT,44,18,774,4.7,11.9,0.4,1,5,0.206,3.7,6.9,0.541,1.4,1.7,0.833,2.8,8.8,11.6,1,1.2,1.9,2.7,6.2,11.9
121,Matthew Dellavedova,29,CLE,57,4,821,2.7,7.7,0.354,0.9,4,0.231,1.8,3.7,0.488,1.4,1.6,0.865,0.8,2.5,3.3,7.9,0.9,0.1,2.6,3.4,7.8
122,DeMar DeRozan,30,SAS,61,61,2091,8.7,16.5,0.526,0.1,0.5,0.267,8.5,15.9,0.535,5.8,6.9,0.843,0.7,5.3,5.9,5.9,1.1,0.2,2.5,2.8,23.3
123,Cheick Diallo,23,PHO,44,2,467,6.9,10.6,0.65,0.1,0.2,0.5,6.8,10.4,0.652,2.5,2.9,0.865,2.2,7.6,9.8,1.7,0.8,0.9,2.3,4.2,16.3
124,Hamidou Diallo,21,OKC,38,3,699,5.1,11.3,0.452,0.4,1.8,0.2,4.7,9.5,0.5,1.4,2.3,0.622,1.5,4.8,6.3,1.1,1.4,0.4,1.9,4.2,12
125,Gorgui Dieng,30,TOT,58,17,1012,5.6,12.2,0.461,1.8,5.1,0.359,3.8,7.2,0.532,2.2,3,0.735,3.1,8.9,12,2.5,1.7,2,2,4,15.2
126,Spencer Dinwiddie,26,BRK,64,49,1994,7.7,18.4,0.415,2.2,7.2,0.308,5.4,11.2,0.485,6.3,8.1,0.778,0.6,3.4,4,7.8,0.7,0.4,3.1,3.2,23.8
127,Donte DiVincenzo,23,MIL,59,22,1362,5.5,11.9,0.462,2,5.8,0.344,3.5,6.1,0.576,1.6,2.1,0.769,1.6,6.1,7.6,3.6,2.1,0.5,1.9,2.6,14.6
128,Luka Dončić,20,DAL,54,54,1799,10.2,22.2,0.461,3.1,9.8,0.318,7.1,12.4,0.574,7.4,9.8,0.752,1.4,8.7,10,9.4,1.2,0.2,4.5,2.7,31
129,Luguentz Dort,20,OKC,29,21,637,3.7,8.9,0.414,1.2,4.1,0.301,2.4,4.7,0.512,1.6,2,0.778,0.8,2.2,3.1,1.2,1.3,0.1,0.8,4.4,10.2
130,Damyean Dotson,25,NYK,48,0,836,5.2,12.5,0.414,2.5,7,0.362,2.6,5.5,0.48,0.9,1.4,0.667,0.4,3.5,3.9,2.5,1,0.2,0.9,1.9,13.8
131,Sekou Doumbouya,19,DET,38,19,754,4.4,11.3,0.39,1.3,4.7,0.286,3.1,6.6,0.464,1.5,2.2,0.674,1,4.7,5.6,0.9,1,0.4,1.7,3.8,11.6
132,PJ Dozier,23,DEN,21,0,234,5.5,14,0.396,1.1,4.3,0.25,4.5,9.7,0.46,1.1,1.7,0.636,0.8,3.8,4.6,4.5,1.1,0.8,1.7,4.2,13.2
133,Goran Dragić,33,MIA,54,1,1531,6.8,15.6,0.437,2.8,7.4,0.377,4,8.2,0.491,4,5.2,0.769,0.6,3.3,3.9,6.4,0.7,0.2,3.1,2.5,20.4
134,Andre Drummond,26,TOT,57,56,1879,8,15,0.533,0.1,0.7,0.143,7.9,14.4,0.551,3.2,5.6,0.575,4.8,11.8,16.6,2.9,2.1,1.8,3.9,3.9,19.4
135,Jared Dudley,34,LAL,40,1,311,2.3,5.8,0.4,1.9,3.9,0.471,0.5,1.9,0.25,0.2,0.2,1,0.6,4.4,5,2.2,1.4,0.3,0.7,4.2,6.7
136,Kris Dunn,25,CHI,51,32,1269,4.3,9.7,0.444,0.8,3.2,0.259,3.5,6.5,0.535,1.1,1.5,0.741,0.7,4.6,5.3,4.9,2.9,0.5,1.9,4.5,10.6
137,Carsen Edwards,21,BOS,35,0,316,4.2,12.9,0.327,2.4,7.7,0.309,1.8,5.1,0.356,1.3,1.5,0.846,0.7,4.2,4.9,2.5,1.1,0.3,1.7,3.8,12.1
138,Henry Ellenson,23,BRK,5,0,15,2.4,16.8,0.143,0,9.6,0,2.4,7.2,0.333,0,0,,4.8,9.6,14.4,2.4,0,0,0,2.4,4.8
139,Wayne Ellington,32,NYK,36,1,558,3.9,11.2,0.351,3.2,9.2,0.35,0.7,2,0.355,0.7,0.8,0.846,0.3,3.9,4.2,2.8,0.8,0.3,1.2,2.6,11.8
140,Joel Embiid,25,PHI,44,44,1329,9,19,0.474,1.5,4.4,0.348,7.5,14.6,0.511,8.4,10.3,0.814,3.3,10.8,14.1,3.7,1,1.6,3.7,4.1,27.9
141,James Ennis,29,TOT,61,10,1053,4.4,10.1,0.435,1.6,4.8,0.338,2.8,5.3,0.523,2.2,2.7,0.808,2.1,4.7,6.8,1.8,1,0.7,1.5,3.7,12.5
142,Drew Eubanks,22,SAS,14,3,130,5.8,7.8,0.75,0.3,0.3,1,5.5,7.5,0.741,2.2,3,0.727,2.2,7.5,9.7,1.4,0.6,1.7,2.8,5.8,14.1
143,Jacob Evans,22,TOT,29,1,418,3.9,11.5,0.336,1.1,3.4,0.333,2.8,8.2,0.337,2.2,2.5,0.862,0.8,2.8,3.5,2.7,0.9,1,2.2,3.5,11
144,Dante Exum,24,TOT,35,1,485,4.2,8.8,0.471,1.1,3.2,0.349,3,5.6,0.539,2.4,3.2,0.744,0.9,4.1,5,3,1,0.6,2.3,2.8,11.8
145,Tacko Fall,24,BOS,6,0,24,13.5,18,0.75,0,0,,13.5,18,0.75,1.5,4.5,0.333,0,16.5,16.5,0,0,3,4.5,7.5,28.5
146,Derrick Favors,28,NOP,45,43,1089,6.2,10.1,0.62,0,0.2,0.143,6.2,9.9,0.631,1.2,2,0.581,4.9,9.9,14.7,2.5,0.8,1.5,1.7,3.3,13.7
147,Cristiano Felício,27,CHI,22,0,386,3.2,5,0.63,0,0.2,0,3.2,4.8,0.654,1.7,2.1,0.783,5.1,4.4,9.5,1.5,0.9,0.2,1.7,3.2,8
148,Terrance Ferguson,21,OKC,50,37,1170,2.3,6.1,0.372,1.4,4.8,0.297,0.9,1.4,0.636,0.5,0.6,0.789,0.7,1.5,2.2,1.4,0.8,0.5,0.9,4.4,6.4
149,Bruno Fernando,21,ATL,56,13,713,5.2,10,0.518,0.3,1.9,0.135,4.9,8.2,0.605,1.5,2.6,0.569,3.4,6.6,10,2.5,0.9,0.9,2.1,5.4,12.1
150,Yogi Ferrell,26,SAC,44,0,484,5,12.6,0.396,1.4,5.1,0.275,3.6,7.4,0.48,2.4,2.8,0.865,0.4,3.1,3.6,4.4,1,0.3,1.9,2.3,13.8
151,Dorian Finney-Smith,26,DAL,64,61,1898,4.1,8.7,0.468,1.9,5,0.374,2.2,3.6,0.599,1.3,1.8,0.722,2.4,4.3,6.7,1.8,0.8,0.7,1.2,2.9,11.3
152,Bryn Forbes,26,SAS,63,62,1579,5.5,13.2,0.417,3.4,8.7,0.388,2.1,4.6,0.47,1.7,2.1,0.833,0.3,2.6,2.9,2.5,0.8,0,1.3,2.6,16.1
153,Evan Fournier,27,ORL,61,61,1931,7.6,16.2,0.47,3.1,7.6,0.406,4.5,8.6,0.525,3.1,3.8,0.82,0.3,2.6,2.9,3.6,1.3,0.3,2.2,2.7,21.4
154,De'Aaron Fox,22,SAC,45,43,1426,8.3,17.5,0.475,1.2,3.9,0.307,7.1,13.6,0.523,5.4,7.7,0.703,0.8,3.8,4.6,7.7,1.6,0.6,3.6,3.3,23.2
155,Melvin Frazier,23,ORL,15,0,51,4.2,12,0.353,2.8,4.9,0.571,1.4,7.1,0.2,1.4,2.8,0.5,0.7,2.1,2.8,0.7,2.8,1.4,2.1,5.6,12.7
156,Michael Frazier,25,HOU,8,0,66,2.2,6,0.364,1.1,4.4,0.25,1.1,1.6,0.667,2.2,3.3,0.667,0.5,1.1,1.6,0.5,1.1,0,1.1,7.1,7.6
157,Tim Frazier,29,DET,27,11,355,3.4,9.5,0.362,1,3,0.333,2.4,6.5,0.375,1.9,2.4,0.792,0.9,2.4,3.3,9.4,1.4,0.4,3.7,4.3,9.8
158,Markelle Fultz,21,ORL,64,59,1813,6.4,13.4,0.473,0.6,2.3,0.254,5.8,11.1,0.52,2,2.8,0.723,0.7,3.5,4.2,6.6,1.6,0.2,2.6,2.5,15.3
159,Wenyen Gabriel,22,TOT,28,1,210,3.4,7.9,0.435,1,3.4,0.3,2.4,4.5,0.538,2.4,3.4,0.7,3.1,4.8,7.9,1.4,1.7,1,2.7,6,10.3
160,Daniel Gafford,21,CHI,43,7,609,5.6,7.9,0.701,0,0,,5.6,7.9,0.701,1.9,3.5,0.533,3.1,3.2,6.3,1.2,0.8,3.3,1.7,5.8,13
161,Danilo Gallinari,31,OKC,55,55,1690,7,16,0.439,3.5,8.6,0.409,3.5,7.4,0.474,5,5.6,0.886,0.7,5.8,6.4,2.4,0.9,0.1,1.5,1.4,22.5
162,Langston Galloway,28,DET,66,6,1702,5,11.5,0.435,2.8,7,0.399,2.2,4.5,0.493,1.5,1.8,0.859,0.7,2.5,3.2,2.1,1,0.2,0.8,2,14.3
163,Darius Garland,20,CLE,59,59,1824,5.5,13.8,0.401,2.1,5.8,0.355,3.5,8,0.434,1.2,1.4,0.875,0.5,1.7,2.2,4.5,0.8,0.1,3,1.8,14.4
164,Marc Gasol,35,TOR,36,35,990,3.6,8.6,0.419,1.9,4.6,0.402,1.7,4,0.44,0.9,1.3,0.722,1.1,7.2,8.3,4.5,1,1.2,1.6,3.7,10
165,Rudy Gay,33,SAS,60,5,1287,6.2,14,0.442,1.6,5.2,0.314,4.6,8.9,0.517,2.8,3.2,0.876,1.6,7.4,9,2.8,0.7,0.8,2.2,2.5,16.8
166,Paul George,29,LAC,42,42,1222,8.6,19.9,0.432,3.9,9.8,0.399,4.7,10,0.463,4.9,5.5,0.882,0.6,6.5,7.1,4.8,1.6,0.6,3.3,3,25.9
167,Taj Gibson,34,NYK,62,56,1025,5.9,10,0.584,0.1,0.5,0.286,5.7,9.6,0.599,1.4,2,0.732,3.9,5.5,9.4,1.8,0.9,1.1,1.7,4.3,13.3
168,Harry Giles,21,SAC,38,17,579,7.2,12.9,0.56,0,0,,7.2,12.9,0.56,2.1,2.7,0.767,2.1,7.8,9.9,3,1.3,0.9,2.2,6.2,16.5
169,Shai Gilgeous-Alexander,21,OKC,63,63,2214,7.2,15.2,0.473,1.3,3.6,0.351,5.9,11.6,0.511,4.1,5.2,0.801,0.7,5.5,6.2,3.4,1.1,0.7,1.9,1.8,19.8
170,Rudy Gobert,27,UTA,62,62,2142,5.9,8.5,0.698,0,0,,5.9,8.5,0.698,3.8,6.2,0.621,3.5,10.7,14.3,1.6,0.8,2.1,2,3.3,15.7
171,Brandon Goodwin,24,ATL,34,1,430,6.4,15.9,0.4,2.2,7.3,0.299,4.2,8.6,0.485,2.3,2.5,0.933,0.9,5.1,6,4.3,1,0.3,2.4,3.6,17.2
172,Aaron Gordon,24,ORL,58,58,1914,5.9,13.7,0.433,1.3,4.3,0.301,4.6,9.4,0.492,2.6,3.8,0.675,1.9,6.4,8.3,4,0.9,0.7,1.8,2.2,15.7
173,Eric Gordon,31,HOU,34,13,972,6,16.2,0.37,3.4,10.7,0.319,2.6,5.6,0.467,2.9,3.8,0.757,0.3,2.1,2.4,1.9,0.8,0.4,1.3,2.5,18.3
174,Devonte' Graham,24,CHO,63,53,2211,6,15.7,0.382,3.5,9.5,0.373,2.4,6.2,0.397,3.1,3.8,0.82,0.7,2.8,3.5,7.7,1,0.2,2.9,1.9,18.6
175,Treveon Graham,26,TOT,55,20,929,3.4,9.4,0.36,1.3,4.7,0.275,2.1,4.7,0.443,1.4,2.2,0.643,2,3.8,5.8,1.7,0.9,0.2,1.1,4,9.4
176,Jerami Grant,25,DEN,64,22,1676,5.6,12,0.471,1.9,4.7,0.4,3.8,7.3,0.518,2.7,3.7,0.744,1.1,3.7,4.9,1.7,0.9,1.1,1.2,3,15.9
177,Josh Gray,26,NOP,2,0,23,1.6,3.1,0.5,0,0,,1.6,3.1,0.5,0,0,,1.6,1.6,3.1,3.1,0,0,7.8,1.6,3.1
178,Danny Green,32,LAL,61,61,1529,4.2,10,0.419,2.7,7,0.378,1.5,3,0.516,0.8,1,0.727,1,3.8,4.9,2,1.8,0.7,1.3,3,11.8
179,Draymond Green,29,GSW,43,43,1222,3.6,9.3,0.389,1.1,3.8,0.279,2.6,5.5,0.465,1.9,2.4,0.759,0.7,7.2,7.8,7.8,1.7,1,2.9,3.2,10.2
180,JaMychal Green,29,LAC,55,0,1130,4,9.6,0.414,2.4,6.5,0.363,1.6,3.1,0.52,1,1.4,0.727,2.4,8.7,11.1,1.4,0.8,0.6,1.4,4.7,11.3
181,Javonte Green,26,BOS,44,1,414,4.3,8.5,0.5,0.5,2,0.261,3.7,6.5,0.573,2,3.1,0.639,1.6,5.4,7,2,2,0.6,1.6,3.2,11
182,Jeff Green,33,TOT,40,2,754,5.5,12.5,0.444,2.3,6.6,0.348,3.2,5.9,0.553,2.7,3.5,0.781,1.1,4.3,5.4,1.5,1,0.7,1.7,3.1,16.1
183,Blake Griffin,30,DET,18,18,512,6.2,17.6,0.352,1.9,7.8,0.243,4.3,9.8,0.439,5.3,6.9,0.776,1.2,4.7,5.9,4.1,0.5,0.5,2.8,1.9,19.6
184,Marko Guduric,24,MEM,42,0,476,4.6,11.6,0.396,1.9,6.1,0.309,2.7,5.5,0.493,1.7,1.9,0.92,1.1,4.3,5.4,3.4,0.9,0.6,2.7,2.6,12.9
185,Kyle Guy,22,SAC,2,0,4,9,18,0.5,0,9,0,9,9,1,0,0,,0,0,0,0,0,0,0,0,18
186,Rui Hachimura,21,WAS,41,41,1217,6.4,13.5,0.478,0.6,2.2,0.274,5.9,11.3,0.517,2.7,3.3,0.829,1.9,5.5,7.3,2.1,1,0.2,1.2,2.6,16.2
187,Devon Hall,24,OKC,5,0,20,1.8,9,0.2,0,3.6,0,1.8,5.4,0.333,5.4,7.2,0.75,0,1.8,1.8,5.4,0,0,1.8,1.8,9
188,Donta Hall,22,DET,4,0,48,0.7,3,0.25,0,0,,0.7,3,0.25,3,4.5,0.667,4.5,6.8,11.3,1.5,0.7,0.7,1.5,6.8,4.5
189,Dusty Hannahs,26,MEM,2,0,13,11.1,24.9,0.444,5.5,8.3,0.667,5.5,16.6,0.333,5.5,5.5,1,0,2.8,2.8,0,0,0,0,2.8,33.2
190,Tim Hardaway Jr.,27,DAL,63,50,1815,6.9,15.7,0.437,3.7,9,0.407,3.2,6.7,0.478,2.4,3,0.801,0.5,3.5,3.9,2.5,0.8,0.1,1.2,2.1,19.8
191,James Harden,30,HOU,61,61,2241,9.7,22.3,0.435,4.4,12.4,0.352,5.3,9.9,0.538,9.9,11.6,0.861,1,5.2,6.2,7.2,1.7,0.9,4.4,3.3,33.7
192,Maurice Harkless,26,TOT,62,48,1427,3.6,7.1,0.502,0.9,2.5,0.347,2.7,4.7,0.584,1,1.7,0.591,1.4,4.7,6.1,1.7,1.5,0.8,1.3,3.7,9
193,Jared Harper,22,PHO,3,0,8,4.5,18,0.25,0,9,0,4.5,9,0.5,0,0,,0,0,0,0,0,0,0,0,9
194,Montrezl Harrell,26,LAC,63,2,1749,9.7,16.7,0.58,0,0.4,0,9.7,16.3,0.593,4.8,7.2,0.658,3.4,5.8,9.2,2.2,0.8,1.5,2.2,3,24.1
195,Gary Harris,25,DEN,56,55,1780,4.4,10.5,0.42,1.4,4.2,0.333,3,6.2,0.479,1.5,1.9,0.815,0.5,2.8,3.3,2.4,1.5,0.3,1.2,2.3,11.8
196,Joe Harris,28,BRK,63,63,1946,6.1,13,0.471,2.8,6.8,0.412,3.3,6.2,0.536,1.1,1.5,0.747,1.1,3.9,5,2.4,0.7,0.3,1.7,2.6,16.2
197,Tobias Harris,27,PHI,65,65,2243,7.9,16.8,0.472,1.9,5.2,0.362,6.1,11.6,0.521,2.5,3.1,0.806,0.9,6.2,7.1,3.3,0.8,0.6,1.6,2.4,20.2
198,Shaquille Harrison,26,CHI,43,10,484,5.7,12.3,0.467,1.2,3.1,0.381,4.5,9.1,0.496,2.9,3.7,0.78,1.6,4.8,6.4,3.6,2.5,1.4,1.4,4.1,15.5
199,Josh Hart,24,NOP,57,14,1563,4.6,11.1,0.416,2.6,7.5,0.342,2,3.6,0.571,1.6,2.1,0.747,1.2,7.3,8.5,2.2,1.4,0.5,1.5,3.3,13.3
200,Isaiah Hartenstein,21,HOU,23,2,266,6,9.1,0.657,0,0.7,0,6,8.4,0.71,2.6,3.8,0.679,3.9,8.3,12.2,2.4,1.2,1.6,2.2,5.5,14.5
201,Udonis Haslem,39,MIA,3,0,21,1.7,10.3,0.167,0,3.4,0,1.7,6.9,0.25,5.1,6.9,0.75,0,13.7,13.7,1.7,0,0,0,5.1,8.6
202,Jaxson Hayes,19,NOP,56,12,951,5.9,8.9,0.66,0,0.2,0.25,5.8,8.7,0.667,4.1,6.5,0.63,3.1,5.3,8.4,1.9,0.9,2,1.6,5.4,15.9
203,Gordon Hayward,29,BOS,45,45,1501,7.3,14.6,0.502,1.8,4.5,0.392,5.5,10,0.553,2.3,2.7,0.847,1.1,6,7.1,4.4,0.8,0.5,1.9,1.9,18.7
204,John Henson,29,TOT,40,8,600,5.7,10.3,0.556,0.5,2.2,0.222,5.2,8.1,0.644,1.4,2.8,0.5,2.8,7,9.7,3.2,1.4,2.5,2.2,4.7,13.3
205,Dewan Hernandez,23,TOR,4,0,11,3.3,16.4,0.2,0,3.3,0,3.3,13.1,0.25,6.5,6.5,1,6.5,16.4,22.9,0,3.3,0,3.3,19.6,13.1
206,Juan Hernangómez,24,TOT,48,14,833,4.3,10.7,0.405,1.9,5.6,0.341,2.4,5.1,0.475,1.9,3.1,0.62,1.9,6.7,8.5,1.7,0.8,0.4,1.4,2.8,12.4
207,Willy Hernangómez,25,CHO,31,0,375,7.1,13.3,0.532,0.5,2.1,0.227,6.6,11.2,0.59,3.6,5.7,0.627,4.1,8.7,12.9,2.8,1,0.7,2.9,3.1,18.2
208,Tyler Herro,20,MIA,47,6,1280,6.2,15,0.414,2.8,7.1,0.391,3.4,7.8,0.434,1.9,2.2,0.835,0.4,4.9,5.3,2.6,0.8,0.2,2,1.7,17
209,Kevin Hervey,23,OKC,7,0,19,1.9,20.8,0.091,0,15.2,0,1.9,5.7,0.333,0,0,,0,3.8,3.8,1.9,0,0,0,1.9,3.8
210,Mario Hezonja,24,POR,47,4,767,3.8,8.9,0.429,1,3,0.328,2.8,5.9,0.48,2,2.4,0.824,1.2,6.4,7.6,2,1.3,0.4,1.7,4.3,10.6
211,Buddy Hield,27,SAC,64,44,2045,8,18.7,0.429,4.3,10.9,0.395,3.7,7.8,0.477,2,2.3,0.855,1,4.4,5.4,3.5,1.1,0.3,2.6,2.6,22.3
212,George Hill,33,MIL,52,0,1103,5.8,11,0.53,2.4,5,0.48,3.4,6,0.571,2.3,2.7,0.831,1.5,3.6,5,4.9,1.4,0.1,1.6,2.4,16.3
213,Solomon Hill,28,TOT,54,4,992,3.6,9,0.403,2.1,5.7,0.378,1.5,3.3,0.446,1.1,1.5,0.714,1,4.6,5.6,3.6,1.3,0.4,1.7,2.8,10.5
214,Jaylen Hoard,20,POR,13,0,103,5.2,11.2,0.469,0,1,0,5.2,10.1,0.517,2.8,4.5,0.615,4.9,6.3,11.2,1.4,1.7,0,1.4,4.2,13.3
215,Aaron Holiday,23,IND,58,26,1368,5.3,13.1,0.407,2.1,5.3,0.394,3.2,7.7,0.416,1.6,1.9,0.861,0.6,2.9,3.5,5.1,1.2,0.3,2,2.7,14.4
216,Jrue Holiday,29,NOP,55,55,1922,7.9,17.4,0.452,2.2,6,0.357,5.7,11.4,0.502,2.2,3.2,0.7,1.3,3.7,5,7.1,1.7,0.8,3,2.3,20.2
217,Justin Holiday,30,IND,65,2,1617,4.2,9.6,0.44,2.7,6.4,0.424,1.5,3.2,0.472,1,1.3,0.78,0.7,3.9,4.6,1.9,1.7,0.9,0.9,2.6,12.2
218,Rondae Hollis-Jefferson,25,TOR,52,5,998,5,10.6,0.471,0.1,0.6,0.118,4.9,10,0.493,3.4,4.7,0.736,3.7,5.5,9.2,3.2,1.6,0.8,1.8,3.8,13.5
219,Richaun Holmes,26,SAC,39,33,1125,6.7,10.3,0.654,0,0,,6.7,10.3,0.654,2.6,3.2,0.8,3.8,6.6,10.4,1.2,1.2,1.8,1.6,4.9,16
220,Rodney Hood,27,POR,21,21,619,5.1,10,0.506,2,4.1,0.493,3,5.9,0.515,1.2,1.6,0.778,0.6,3.6,4.2,1.9,1,0.2,1.1,2.7,13.4
221,Al Horford,33,PHI,60,57,1848,5.6,12.7,0.442,1.7,5.1,0.337,3.9,7.6,0.513,1.1,1.4,0.753,1.8,6.2,8,4.8,1,1.1,1.3,2.5,14.1
222,Talen Horton-Tucker,19,LAL,2,0,5,0,7.2,0,0,7.2,0,0,0,,0,0,,0,0,0,14.4,7.2,0,0,0,0
223,Danuel House,26,HOU,58,47,1739,4.3,10,0.427,2.3,6.4,0.363,1.9,3.5,0.544,1.4,1.8,0.8,1.2,3.9,5.1,1.6,1.3,0.7,1,2.5,12.3
224,Dwight Howard,34,LAL,62,2,1193,5.7,7.8,0.732,0.1,0.2,0.6,5.6,7.6,0.734,2.7,5.4,0.494,4.7,9.1,13.8,1.3,0.8,2.3,2.2,6,14.1
225,William Howard,26,HOU,2,0,13,0,11.1,0,0,11.1,0,0,0,,0,0,,0,5.5,5.5,2.8,0,0,2.8,2.8,0
226,Kevin Huerter,21,ATL,56,48,1760,5.2,12.5,0.413,2.6,6.8,0.38,2.6,5.6,0.453,1.1,1.3,0.828,0.7,3.9,4.7,4.4,1,0.6,1.8,2.8,14
227,De'Andre Hunter,22,ATL,63,62,2018,5,12.2,0.41,1.9,5.4,0.355,3.1,6.8,0.454,2,2.6,0.764,0.8,4.3,5.1,2,0.8,0.3,1.8,3.2,13.9
228,Chandler Hutchison,23,CHI,28,10,527,5.5,12,0.457,0.8,2.6,0.316,4.6,9.4,0.496,3.1,5.3,0.59,1.2,6.1,7.4,1.8,1.8,0.5,1.8,3.2,14.9
229,Serge Ibaka,30,TOR,50,27,1377,8.4,16.3,0.518,1.7,4.3,0.398,6.7,11.9,0.562,2.3,3.1,0.748,2.7,8.1,10.8,1.9,0.6,1.1,2.6,3.6,20.9
230,Andre Iguodala,36,MIA,14,0,259,3.5,7.1,0.49,1.3,3.3,0.375,2.2,3.8,0.593,0.3,1.1,0.25,1.4,6,7.4,3.9,1.1,2.2,2.4,3.9,8.5
231,Ersan İlyasova,32,MIL,56,8,895,5.5,11.7,0.472,1.9,5,0.371,3.7,6.7,0.548,2.5,3,0.827,2.4,8.7,11.1,1.9,0.9,0.6,1.3,3.5,15.4
232,Joe Ingles,32,UTA,64,37,1916,4.1,9.3,0.441,2.3,5.8,0.397,1.8,3.5,0.516,1.2,1.6,0.774,0.4,4.4,4.8,6.2,1.1,0.2,2.3,2.5,11.7
233,Brandon Ingram,22,NOP,56,56,1919,8.8,18.9,0.466,2.6,6.6,0.387,6.2,12.2,0.509,5.3,6.2,0.858,0.9,5.6,6.6,4.5,1.1,0.7,3.3,3,25.5
234,Kyrie Irving,27,BRK,20,20,658,10.9,22.8,0.478,3.1,7.8,0.394,7.8,15,0.522,5.1,5.6,0.922,1.2,4.4,5.6,7,1.5,0.5,2.8,2.9,30
235,Jonathan Isaac,22,ORL,32,32,949,5.7,12.2,0.463,1.1,3.5,0.33,4.5,8.8,0.515,2.1,2.8,0.767,2.2,6.3,8.4,1.7,1.9,3,1.8,3,14.6
236,Wesley Iwundu,25,ORL,45,18,810,3.4,8.6,0.397,0.9,3,0.313,2.5,5.6,0.441,2.8,3.4,0.816,1,4,5,2,1.1,0.5,0.8,2.8,10.5
237,Frank Jackson,21,NOP,51,1,656,5.4,14.1,0.385,2.1,6.6,0.325,3.3,7.5,0.438,2.6,3.5,0.75,1,2.9,3.9,2.3,0.8,0.2,2.4,3.7,15.6
238,Jaren Jackson Jr.,20,MEM,54,54,1512,7.8,16.7,0.468,3.2,8.1,0.397,4.6,8.6,0.535,2.9,4,0.741,1.3,4.8,6,1.8,0.9,2.1,2.2,5.2,21.8
239,Josh Jackson,22,MEM,18,0,357,6.9,15.6,0.439,2.3,7.3,0.319,4.5,8.4,0.542,2.9,4.4,0.659,1.1,4.7,5.8,3.1,1.8,0.9,2.5,3.9,19
240,Justin Jackson,24,DAL,58,2,929,4.8,12.1,0.399,1.7,5.9,0.298,3.1,6.2,0.494,1.4,1.7,0.818,1,4.5,5.5,1.9,0.5,0.4,0.5,2.2,12.7
241,Reggie Jackson,29,TOT,23,11,556,6.9,16.6,0.416,2.9,7.3,0.398,4,9.3,0.431,2.3,2.8,0.814,1,3.4,4.3,6.5,0.6,0.3,2.6,2.6,19
242,Justin James,23,SAC,34,0,218,5.4,12.9,0.423,1.5,4.3,0.346,4,8.6,0.462,1.7,3.5,0.476,1,4,5,2.6,1,1.5,1.3,2.6,14
243,LeBron James,35,LAL,60,60,2094,10.1,20.2,0.498,2.3,6.6,0.349,7.8,13.7,0.57,4.1,5.9,0.697,1,7.1,8.1,10.9,1.3,0.5,4.1,1.8,26.5
244,Amile Jefferson,26,ORL,18,0,74,2.4,6.8,0.357,0,0,,2.4,6.8,0.357,2.4,6.8,0.357,4.9,6.3,11.2,1.9,0.5,1.5,1.5,3.4,7.3
245,DaQuan Jeffries,22,SAC,6,0,19,5.7,13.3,0.429,1.9,7.6,0.25,3.8,5.7,0.667,0,0,,1.9,0,1.9,1.9,1.9,0,0,5.7,13.3
246,Ty Jerome,22,PHO,28,0,315,4.2,12.1,0.349,1.5,5.4,0.277,2.7,6.7,0.407,1.3,1.6,0.786,0.7,4,4.7,4.9,1.6,0.3,2.1,3.2,11.2
247,Alize Johnson,23,IND,13,0,54,4.7,10,0.467,0,0,,4.7,10,0.467,2.7,4,0.667,4.7,7.3,12,1.3,0,0,2,4,12
248,B.J. Johnson,24,ORL,8,0,46,3.9,14.1,0.278,0.8,4.7,0.167,3.1,9.4,0.333,1.6,1.6,1,0.8,3.9,4.7,1.6,1.6,0,2.3,0,10.2
249,Cameron Johnson,23,PHO,49,1,996,4.9,11.7,0.418,3.3,8.3,0.397,1.6,3.5,0.469,1.3,1.7,0.761,1.4,3.7,5.1,1.9,1.1,0.6,1,2.6,14.4
250,James Johnson,32,TOT,32,1,619,6,12.5,0.479,1.9,5.3,0.363,4.1,7.2,0.565,1.8,2.8,0.646,1.5,5.4,6.9,4.3,1.5,1.9,2.8,4.7,15.7
251,Keldon Johnson,20,SAS,9,0,92,6.3,12.1,0.516,0.8,2,0.4,5.5,10.2,0.538,2.7,3.9,0.7,2,4.7,6.7,2.3,2,0.4,1.2,3.5,16
252,Stanley Johnson,23,TOR,20,0,96,3,11.6,0.258,0.7,4.9,0.154,2.3,6.8,0.333,1.9,2.3,0.833,1.1,7.1,8.2,3,1.5,0.7,3,3.7,8.6
253,Tyler Johnson,27,PHO,31,3,515,4.5,12,0.38,1.7,5.8,0.289,2.9,6.2,0.466,1.7,2.2,0.75,0.7,2.9,3.6,3.5,0.8,0.6,1.7,3,12.4
254,Nikola Jokić,24,DEN,65,65,2101,8.8,16.6,0.528,1.2,3.9,0.314,7.6,12.7,0.594,3.7,4.6,0.813,2.7,8.7,11.4,7.6,1.3,0.7,3.5,3.4,22.5
255,Damian Jones,24,ATL,55,27,887,4.9,7.2,0.68,0.1,0.4,0.222,4.8,6.9,0.704,2.5,3.4,0.738,3,5.4,8.4,1.4,1.1,1.6,1.1,6,12.4
256,Derrick Jones Jr.,22,MIA,51,15,1249,4.8,9.3,0.514,1,3.6,0.27,3.8,5.7,0.67,2.5,3.3,0.779,1.6,4.5,6.1,1.6,1.6,1,0.8,3.3,13.1
257,Tyus Jones,23,MEM,65,6,1232,5.8,12.5,0.459,1.4,3.6,0.379,4.4,8.9,0.492,1.3,1.7,0.741,0.3,2.7,3,8.3,1.7,0.2,1.6,1.3,14.1
258,DeAndre Jordan,31,BRK,56,6,1234,5.6,8.4,0.666,0,0,,5.6,8.4,0.666,2.4,3.6,0.68,4.1,12.3,16.4,3.1,0.5,1.5,2.2,3.3,13.6
259,Cory Joseph,28,SAC,64,22,1538,3.6,8.6,0.42,1.1,3.1,0.351,2.5,5.5,0.46,1.1,1.4,0.828,0.9,2.9,3.8,5.1,1.1,0.5,1.5,2.8,9.5
260,Mfiondu Kabengele,22,LAC,12,0,64,7.9,18,0.438,5.1,11.3,0.45,2.8,6.8,0.417,2.8,2.8,1,0.6,5.6,6.2,1.1,1.1,1.1,1.1,5.1,23.6
261,Frank Kaminsky,26,PHO,32,13,718,6.4,14,0.455,2,5.6,0.348,4.4,8.4,0.527,3,4.4,0.67,1.5,6.4,7.9,3.6,0.7,0.5,1.7,3.5,17.6
262,Enes Kanter,27,BOS,51,6,891,7.1,12.6,0.566,0,0.3,0.143,7.1,12.3,0.576,2.5,3.6,0.708,5.7,10.2,15.9,2,0.8,1.5,2.1,3.4,16.8
263,Luke Kennard,23,DET,28,25,922,5.9,13.4,0.442,2.9,7.1,0.399,3,6.2,0.491,2.6,2.9,0.893,0.4,3.5,3.8,4.5,0.5,0.2,1.7,2.5,17.3
264,Stanton Kidd,27,UTA,4,0,15,0,7.2,0,0,2.4,0,0,4.8,0,0,0,,0,7.2,7.2,2.4,0,0,4.8,7.2,0
265,Michael Kidd-Gilchrist,26,TOT,21,0,231,3,9.4,0.317,0.8,3.1,0.25,2.2,6.2,0.35,1.4,1.7,0.818,1.9,6.7,8.6,2,0.3,0.8,2,5,8.1
266,Louis King,20,DET,10,0,62,4.6,12.2,0.381,2.3,6.4,0.364,2.3,5.8,0.4,0,1.7,0,0.6,5.2,5.8,2.9,1.2,0,1.2,5.8,11.6
267,Maxi Kleber,28,DAL,66,21,1695,4.5,9.9,0.459,2.3,6.1,0.374,2.3,3.8,0.594,1.5,1.7,0.863,2.1,5.4,7.5,1.6,0.4,1.7,1,3.2,12.8
268,Brandon Knight,28,TOT,25,3,462,4.6,13,0.353,3.5,10.2,0.344,1.1,2.8,0.389,1.6,2.6,0.588,0.3,2.9,3.2,5.4,0.8,0.2,3,3.1,14.3
269,Kevin Knox,20,NYK,65,4,1166,4.4,12.4,0.359,2,6.1,0.327,2.4,6.2,0.391,2,3.1,0.653,0.9,4.8,5.7,1.9,0.7,0.9,1.4,3.3,12.9
270,John Konchar,23,MEM,15,0,167,5,7.5,0.657,0.9,1.9,0.444,4.1,5.6,0.731,0.2,0.4,0.5,3.9,6,9.9,4.5,1.5,0.6,1.3,1.5,11
271,Furkan Korkmaz,22,PHI,64,12,1398,5.7,13.2,0.432,3.2,8.2,0.397,2.5,5.1,0.487,1.4,1.9,0.736,0.4,3.4,3.8,1.8,0.9,0.4,1.3,2.3,16
272,Luke Kornet,24,CHI,36,14,559,5.3,12,0.439,2,7,0.287,3.3,5.1,0.646,1.3,1.8,0.714,1.4,4,5.4,2.1,0.7,1.7,0.9,3.5,13.8
273,Kyle Korver,38,MIL,50,0,833,4.8,11.2,0.429,3.7,8.9,0.415,1.1,2.2,0.481,1.2,1.5,0.824,0.6,3.9,4.5,2.6,0.9,0.5,1.8,2.9,14.5
274,Rodions Kurucs,21,BRK,39,4,501,4.3,9.6,0.448,1.8,4.7,0.385,2.5,5,0.507,1.2,2,0.607,1.3,5.7,7,2.4,1.2,0.2,2.5,4.7,11.6
275,Kyle Kuzma,24,LAL,54,7,1327,6.9,16,0.432,1.9,6.4,0.297,5,9.5,0.523,2.6,3.5,0.738,1.3,5.3,6.6,1.9,0.6,0.6,2.3,2.9,18.3
276,Skal Labissière,23,POR,33,1,567,5.1,9.3,0.551,0.2,0.8,0.231,5,8.5,0.582,1.6,2.1,0.758,4.1,6.6,10.7,2.7,0.4,2,1.9,5.7,12.1
277,Jeremy Lamb,27,IND,46,42,1291,6,13.4,0.451,1.5,4.4,0.335,4.5,9,0.508,2.6,3.1,0.836,0.7,4.9,5.6,2.7,1.5,0.6,1.4,2.9,16.1
278,Romeo Langford,20,BOS,27,1,298,2.9,7.7,0.375,0.6,2.8,0.217,2.3,5,0.463,1.9,2.8,0.696,1.7,2.2,3.9,0.7,1,0.7,1.1,3.5,8.3
279,Zach LaVine,24,CHI,60,60,2085,9.3,20.7,0.45,3.2,8.4,0.38,6.1,12.3,0.497,4.6,5.8,0.802,0.7,4.3,5,4.4,1.5,0.5,3.6,2.3,26.4
280,Vic Law,24,ORL,5,0,9,0,12,0,0,4,0,0,8,0,0,8,0,0,4,4,0,0,0,0,0,0
281,Jake Layman,25,MIN,23,2,505,5.8,12.8,0.453,1.7,5.1,0.333,4.1,7.6,0.533,1.7,2.3,0.75,1.2,2.9,4.1,1.1,1.2,0.7,1.7,3.4,15
282,T.J. Leaf,22,IND,25,1,193,5.6,12.9,0.435,0.9,2.6,0.357,4.7,10.3,0.455,1.3,2.2,0.583,3.9,8,11.9,1.1,1.5,0.6,1.3,3.4,13.4
283,Jalen Lecque,19,PHO,4,0,26,5.5,13.8,0.4,0,5.5,0,5.5,8.3,0.667,2.8,2.8,1,0,0,0,2.8,0,0,1.4,2.8,13.8
284,Courtney Lee,34,DAL,24,9,345,4.2,8.6,0.488,2.2,4.9,0.447,2,3.7,0.543,0.6,0.7,0.857,0.7,2.6,3.3,1.3,1.9,0.6,1.1,3.4,11.2
285,Damion Lee,27,GSW,49,36,1423,5.4,12.9,0.417,2.2,6,0.356,3.2,6.9,0.471,2.8,3.2,0.873,0.8,5.2,6,3.4,1.3,0.2,1.7,2.9,15.7
286,Alex Len,26,TOT,49,9,895,6.8,12.1,0.556,0.6,2.3,0.25,6.2,9.9,0.626,2.3,3.7,0.637,3.8,8,11.8,1.9,0.9,1.9,2,4.6,16.4
287,Kawhi Leonard,28,LAC,51,51,1643,10.4,22.3,0.469,2.3,6.4,0.366,8.1,15.9,0.51,6.8,7.7,0.889,1.1,7,8.2,5.6,2,0.7,3.1,2.1,30
288,Meyers Leonard,27,MIA,49,49,987,4.2,8.1,0.52,1.9,4.3,0.429,2.4,3.8,0.625,0.6,0.9,0.654,1,8.1,9,1.9,0.5,0.5,1.3,3.8,10.9
289,Caris LeVert,25,BRK,39,25,1131,8,19.4,0.414,2.3,6,0.381,5.7,13.4,0.429,3.7,5.1,0.72,1.3,3.8,5.1,5.1,1.4,0.2,3.1,2.3,22
290,Damian Lillard,29,POR,58,58,2140,8.9,19.5,0.457,3.8,9.6,0.394,5.1,9.9,0.518,6.5,7.4,0.888,0.5,3.7,4.2,7.6,1,0.4,2.8,1.6,28.2
291,Nassir Little,19,POR,48,5,573,4.1,9.5,0.43,0.9,3.7,0.237,3.2,5.8,0.554,1.8,2.8,0.636,1.9,4.8,6.8,1.4,0.8,0.9,0.9,4.5,10.8
292,Kevon Looney,23,GSW,20,4,262,4,10.9,0.367,0.1,1.9,0.071,3.8,8.9,0.431,1.2,1.6,0.75,3.8,5.2,9.1,2.7,1.6,0.8,1.6,4.7,9.3
293,Brook Lopez,31,MIL,61,60,1622,5.4,12.7,0.427,1.9,6.3,0.296,3.6,6.4,0.557,2.2,2.7,0.81,0.9,5.1,6,2.1,1,3.3,1.4,3.3,14.9
294,Robin Lopez,31,MIL,60,4,862,5.7,11.4,0.502,1.4,4,0.344,4.3,7.4,0.588,1,1.8,0.535,2.2,3.9,6.1,1.7,0.4,1.7,2.3,3.3,13.8
295,Kevin Love,31,CLE,56,56,1780,6.6,14.7,0.45,3,7.9,0.374,3.7,6.8,0.537,3.8,4.4,0.854,1.1,10,11.1,3.6,0.7,0.4,2.8,1.8,20
296,Kyle Lowry,33,TOR,52,52,1901,5.9,14,0.417,2.9,8.2,0.354,3,5.9,0.505,4.8,5.6,0.861,0.6,4.2,4.8,7.6,1.3,0.4,2.9,3.2,19.4
297,Timothé Luwawu-Cabarrot,24,BRK,39,0,671,4.2,10.3,0.406,2.1,5.8,0.358,2.1,4.5,0.47,2.8,3.3,0.839,1.3,3.6,4.9,1.3,0.8,0.3,1.7,4.3,13.3
298,Trey Lyles,24,SAS,63,53,1271,4.3,9.7,0.446,1.8,4.8,0.387,2.5,5,0.503,0.9,1.3,0.733,2,8.2,10.2,2,0.8,0.8,1.1,2.8,11.4
299,Daryl Macon,24,MIA,4,0,14,2.6,7.7,0.333,2.6,5.1,0.5,0,2.6,0,0,0,,0,0,0,2.6,0,0,5.1,2.6,7.7
300,J.P. Macura,24,CLE,1,0,1,0,0,,0,0,,0,0,,0,0,,0,0,0,0,0,0,0,0,0
301,Josh Magette,30,ORL,8,0,38,4.7,14.2,0.333,0.9,3.8,0.25,3.8,10.4,0.364,0.9,1.9,0.5,0.9,4.7,5.7,4.7,2.8,0.9,4.7,3.8,11.4
302,Ian Mahinmi,33,WAS,38,35,808,4.6,9.4,0.495,0.2,1.2,0.192,4.4,8.2,0.538,3.1,5,0.619,3.5,6.2,9.7,2.2,1.4,2,2,5.1,12.6
303,Thon Maker,22,DET,60,14,776,4.3,9,0.482,1,3,0.344,3.3,6,0.55,3.4,5.1,0.664,2.5,5.2,7.7,2,1.2,1.8,2.1,4.7,13
304,Terance Mann,23,LAC,35,6,271,2.9,7.2,0.407,0.4,1.6,0.25,2.5,5.6,0.452,1.2,1.6,0.75,0.5,3.9,4.4,5,1.1,0.7,1.9,4.8,7.4
305,Boban Marjanović,31,DAL,37,2,337,10.3,18.5,0.555,0.4,1.6,0.267,9.8,16.9,0.582,3.8,5,0.766,5.7,10.7,16.3,1.4,0.7,0.7,2.8,5,24.8
306,Lauri Markkanen,22,CHI,50,50,1492,6.1,14.3,0.425,2.6,7.6,0.344,3.4,6.6,0.518,3,3.7,0.824,1.4,6.1,7.6,1.8,1,0.6,2,2.3,17.8
307,Caleb Martin,24,CHO,18,1,317,4.2,9.5,0.44,2.3,4.2,0.541,1.9,5.3,0.362,1.9,2.4,0.81,1.1,3.2,4.3,2.6,1.4,0.8,1.7,3.6,12.6
308,Cody Martin,24,CHO,48,3,903,3.5,8.3,0.43,0.7,3.1,0.234,2.8,5.2,0.546,1.7,2.6,0.646,1.5,4.8,6.3,3.8,1.6,0.4,1.8,3.1,9.5
309,Jeremiah Martin,23,BRK,3,0,16,2.3,11.3,0.2,0,2.3,0,2.3,9,0.25,0,0,,0,4.5,4.5,4.5,2.3,2.3,0,0,4.5
310,Kelan Martin,24,MIN,31,4,495,5.2,13.2,0.392,1.8,7,0.26,3.3,6.2,0.541,2.2,2.3,0.968,0.9,6.1,7,1.7,0.5,0.7,1.5,3.7,14.3
311,Frank Mason III,25,MIL,6,0,53,3.4,12.9,0.263,1.4,6.8,0.2,2,6.1,0.333,1.4,2.7,0.5,2,3.4,5.4,7.5,1.4,0,4.1,2.7,9.5
312,Garrison Mathews,23,WAS,18,0,227,3.8,8.9,0.429,3,7.3,0.413,0.8,1.6,0.5,4.9,5.4,0.912,1,2.9,3.8,1.6,1.3,0.2,1.3,5.1,15.5
313,Wesley Matthews,33,MIL,62,62,1529,3.7,9.4,0.397,2.4,6.5,0.365,1.4,2.9,0.468,1.1,1.5,0.762,0.5,3.3,3.8,2.1,0.9,0.2,1,2.1,11
314,Patrick McCaw,24,TOR,37,12,908,2.7,6.4,0.414,0.9,2.8,0.324,1.7,3.6,0.484,0.5,0.7,0.722,0.8,2.7,3.4,3.1,1.5,0.2,1.1,2.4,6.7
315,CJ McCollum,28,POR,62,62,2229,8.9,19.6,0.453,2.8,7.4,0.38,6.1,12.2,0.497,2,2.6,0.75,0.7,3.4,4.1,4.3,0.7,0.6,1.9,2.6,22.5
316,T.J. McConnell,27,IND,63,3,1188,5.7,11,0.517,0.2,0.5,0.333,5.5,10.5,0.524,0.9,1.1,0.833,1,4,4.9,9.6,1.3,0.3,2.6,2.1,12.4
317,Jalen McDaniels,22,CHO,16,0,293,4.1,8.6,0.471,1.1,2.9,0.375,2.9,5.7,0.522,1.7,2.1,0.824,1.8,6.1,8,1.6,1,0.4,1.4,4.4,10.9
318,Doug McDermott,28,IND,62,0,1242,7,14.2,0.491,3.4,7.7,0.445,3.6,6.6,0.544,1.2,1.5,0.827,0.7,3.9,4.5,2,0.3,0.1,1.2,3.1,18.6
319,JaVale McGee,32,LAL,61,61,1023,6.4,10,0.64,0.1,0.2,0.5,6.3,9.7,0.643,1.7,2.6,0.653,3.9,8.6,12.5,1.2,1.1,3.2,1.7,5.1,14.6
320,Rodney McGruder,28,LAC,50,3,749,2.9,7.5,0.391,1.1,3.8,0.278,1.9,3.7,0.506,0.7,1.3,0.536,1.2,4.9,6.2,1.4,1.1,0.4,1,3.2,7.6
321,Alfonzo McKinnie,27,CLE,40,1,593,4.4,10.4,0.427,0.8,3.9,0.215,3.6,6.4,0.557,1.3,1.9,0.71,2.2,4.6,6.9,0.8,1.4,0.5,1.6,4.4,11
322,Jordan McLaughlin,23,MIN,30,2,590,5.3,10.9,0.489,1.8,4.6,0.382,3.5,6.2,0.569,1.6,2.4,0.667,0.4,2.6,3,7.6,2.1,0.2,1.9,1.9,14
323,Ben McLemore,26,HOU,63,19,1437,5.2,11.8,0.445,3.9,9.8,0.395,1.4,2,0.688,1.2,1.6,0.758,0.5,3,3.5,1.4,1,0.3,1.2,3.3,15.5
324,Jordan McRae,28,TOT,37,4,784,6.8,16.8,0.407,2.1,5.8,0.357,4.8,11,0.433,3.8,5,0.761,0.8,4.9,5.7,4.3,1,0.7,2,3.4,19.6
325,Nicolò Melli,29,NOP,52,6,889,5,11.3,0.442,2.6,7.3,0.361,2.3,4,0.592,1.8,2.4,0.733,1.5,4.9,6.4,2.7,1.2,0.8,1.7,4.3,14.4
326,De'Anthony Melton,21,MEM,52,8,1011,5.3,12.6,0.419,1.3,4.2,0.316,4,8.4,0.47,3.1,3.8,0.821,1.3,5.6,6.9,5.6,2.3,0.6,2.8,3.3,15
327,Chimezie Metu,22,SAS,16,0,73,9.9,17.3,0.571,0,0.5,0,9.9,16.8,0.588,3,3.9,0.75,4.9,7.9,12.8,3,0.5,2,2.5,2,22.7
328,Khris Middleton,28,MIL,55,52,1653,9.2,18.5,0.499,2.9,6.9,0.418,6.3,11.6,0.547,3.9,4.3,0.908,0.9,6.6,7.4,4.9,1.1,0.2,2.5,2.7,25.2
329,Eric Mika,25,SAC,1,0,19,3.8,5.7,0.667,0,0,,3.8,5.7,0.667,3.8,3.8,1,3.8,9.5,13.3,0,0,0,0,9.5,11.4
330,C.J. Miles,32,WAS,10,0,161,4.2,13.2,0.322,2.5,7.8,0.314,1.8,5.4,0.333,3.4,4.5,0.75,0.9,1.8,2.7,2.7,2.2,0.9,0.9,3.1,14.3
331,Malcolm Miller,26,TOR,25,1,125,2.3,6.9,0.333,1.7,5.5,0.316,0.6,1.4,0.4,0.3,1.7,0.167,0.3,3.7,4,2.3,1.2,0.6,0.9,3.5,6.6
332,Patty Mills,31,SAS,63,1,1430,6.2,14.5,0.429,3.7,9.8,0.38,2.5,4.7,0.529,2.3,2.7,0.861,0.5,2,2.5,2.8,1.3,0.2,1.3,2.5,18.5
333,Paul Millsap,34,DEN,44,41,1075,6.3,13,0.486,1.6,3.7,0.44,4.7,9.3,0.504,3.5,4.2,0.833,2.9,5.8,8.7,2.3,1.3,0.9,2,4.3,17.7
334,Shake Milton,23,PHI,32,16,611,6.4,12.8,0.498,2.8,6.2,0.453,3.5,6.5,0.541,2.3,3,0.765,0.6,3.4,4,4.2,1.1,0.4,2.2,4.1,17.9
335,Donovan Mitchell,23,UTA,63,63,2165,9.3,20.5,0.453,2.6,7.1,0.364,6.7,13.4,0.501,4.1,4.8,0.859,0.7,3.9,4.6,4.4,1.1,0.2,2.8,2.6,25.4
336,Naz Mitrou-Long,26,IND,3,0,43,5,13.4,0.375,1.7,9.2,0.182,3.3,4.2,0.8,0,0,,0,5,5,5.9,0.8,0.8,1.7,0.8,11.7
337,Adam Mokoka,21,CHI,11,0,112,3.9,9,0.429,1.9,4.8,0.4,1.9,4.2,0.462,0.6,1.3,0.5,2.3,1,3.2,1.3,1.3,0,0.6,5.5,10.3
338,Malik Monk,21,CHO,55,1,1169,6.5,15,0.434,1.8,6.3,0.284,4.7,8.7,0.542,2.5,3.1,0.82,0.8,4,4.8,3.5,0.8,0.5,2.4,2.3,17.4
339,Matt Mooney,22,CLE,4,0,19,1.9,7.6,0.25,0,3.8,0,1.9,3.8,0.5,0,0,,0,5.7,5.7,1.9,3.8,1.9,0,1.9,3.8
340,E'Twaun Moore,30,NOP,51,5,958,6.5,15.4,0.424,2.3,6,0.375,4.3,9.4,0.456,1.1,1.6,0.674,1.1,3.5,4.6,2.7,1.1,0.4,1.4,2.9,16.4
341,Ja Morant,20,MEM,59,59,1771,8,16.3,0.491,1,2.8,0.367,7,13.4,0.517,4.1,5.4,0.77,0.9,3.3,4.2,8.3,1.1,0.3,3.9,1.8,21.2
342,Juwan Morgan,22,UTA,16,0,74,4.4,8.3,0.529,0.5,2.4,0.2,3.9,5.8,0.667,0,0,,2.4,6.8,9.2,1,0,0.5,1.5,3.4,9.2
343,Marcus Morris,30,TOT,55,55,1727,6.8,15.6,0.433,2.8,6.8,0.41,4,8.9,0.451,3.6,4.4,0.823,1.1,4.7,5.9,1.6,0.9,0.6,1.8,3.4,19.9
344,Markieff Morris,30,TOT,52,16,1106,6.2,13.8,0.445,2.6,6.8,0.386,3.5,7,0.502,2.1,2.7,0.783,1.1,5.4,6.5,2.4,0.9,0.5,2.4,3.9,17.1
345,Monte Morris,24,DEN,65,8,1402,5.7,12.4,0.459,1.4,3.7,0.375,4.3,8.7,0.494,1.3,1.6,0.823,0.5,2.4,2.9,5.9,1.4,0.4,1.2,1.6,14.1
346,Johnathan Motley,24,LAC,13,0,41,9.7,13.2,0.733,0.9,0.9,1,8.8,12.3,0.714,4.4,6.1,0.714,2.6,6.1,8.8,7,2.6,0,4.4,5.3,24.6
347,Emmanuel Mudiay,23,UTA,48,1,752,6.5,13.8,0.471,1.3,3.6,0.355,5.2,10.2,0.512,2.5,3.3,0.754,0.8,4.7,5.5,5.1,0.9,0.5,3.1,3.1,16.8
348,Mychal Mulder,25,GSW,7,3,204,4.6,11.8,0.388,2.8,9.2,0.308,1.8,2.6,0.667,1.6,2.1,0.75,0.5,3.5,4.1,1.4,0.4,0.2,0.9,3.5,13.6
349,Dejounte Murray,23,SAS,58,50,1447,6.3,13.4,0.475,0.8,2.2,0.378,5.5,11.1,0.494,1.9,2.3,0.798,1.7,6.7,8.3,5.9,2.5,0.4,2.7,3.2,15.4
350,Jamal Murray,22,DEN,55,55,1804,7.7,16.9,0.455,2.1,6.1,0.345,5.6,10.8,0.517,3.2,3.5,0.893,0.8,3.5,4.3,5.3,1.3,0.3,2.5,1.9,20.6
351,Džanan Musa,20,BRK,35,0,404,4.5,12.4,0.36,1.3,5.8,0.231,3.1,6.6,0.473,2.9,3.9,0.75,1.7,4.6,6.3,2.8,1.2,0.1,2.6,2.2,13.2
352,Mike Muscala,28,OKC,41,0,492,4.7,11.6,0.403,3.1,8.8,0.358,1.5,2.9,0.538,1.3,1.6,0.818,1,5.9,6.9,2.5,0.6,0.8,1,3.7,13.8
353,Sviatoslav Mykhailiuk,22,DET,56,27,1265,4.7,11.5,0.41,3.3,8.1,0.404,1.5,3.4,0.425,1.6,2,0.814,0.5,2.5,3,3,1.2,0.1,1.7,2.5,14.3
354,Abdel Nader,26,OKC,48,5,756,4.8,10.5,0.455,1.9,5,0.371,2.9,5.5,0.53,2.3,3,0.774,0.7,3.6,4.3,1.7,1,1,1.7,3.1,13.7
355,Larry Nance Jr.,27,CLE,56,10,1472,5.6,10.5,0.531,1.4,3.9,0.352,4.2,6.7,0.636,1.2,1.8,0.676,2.6,7.4,10,3,1.4,0.5,1.5,2.2,13.8
356,Shabazz Napier,28,TOT,51,30,1234,5,12,0.412,2.1,6.5,0.32,2.9,5.6,0.518,3.4,4.1,0.823,0.7,3.5,4.3,7.4,1.9,0.3,3.2,2.7,15.4
357,Raul Neto,27,PHI,49,3,565,5,11.2,0.451,1.8,4.5,0.394,3.2,6.6,0.49,1.7,2,0.839,0.7,2.6,3.3,4.9,1.4,0.3,2.7,2.7,13.5
358,Malik Newman,22,CLE,1,0,4,0,18,0,0,9,0,0,9,0,18,18,1,0,0,0,0,0,0,9,0,18
359,Georges Niang,26,UTA,58,0,772,5.6,12.4,0.453,3.6,8.6,0.416,2,3.7,0.538,0.9,1,0.864,0.6,4.5,5.1,1.6,0.6,0.2,1.2,2.9,15.7
360,Nerlens Noel,25,OKC,55,6,1014,6.2,9,0.685,0,0.1,0.333,6.1,8.9,0.689,2.7,3.5,0.765,2.9,6.7,9.6,1.9,2,2.9,1.9,5.1,15.1
361,Zach Norvell,22,TOT,5,0,41,2.6,10.5,0.25,2.6,7,0.375,0,3.5,0,0.9,0.9,1,0,5.3,5.3,2.6,1.8,0,2.6,3.5,8.8
362,Jaylen Nowell,20,MIN,15,0,151,4.5,12.6,0.358,0.7,6.2,0.115,3.8,6.4,0.593,3.8,4.1,0.941,0.7,2.4,3.1,4.5,0.7,0.2,0.7,2.6,13.6
363,Frank Ntilikina,21,NYK,57,26,1187,4,10.1,0.393,1.3,4.2,0.321,2.6,5.9,0.444,1.5,1.8,0.864,0.7,3,3.7,5.2,1.6,0.5,2.2,4.3,10.8
364,Kendrick Nunn,24,MIA,62,62,1846,7.4,16.6,0.448,2.6,7.1,0.362,4.9,9.5,0.512,1.5,1.8,0.837,0.4,2.9,3.3,4.1,1,0.2,2,2.8,18.9
365,David Nwaba,27,BRK,20,0,268,5,9.5,0.521,1.6,3.8,0.429,3.4,5.8,0.581,2.4,3.6,0.667,1.1,5,6,1.1,1.5,1.6,1.1,4.3,14
366,Royce O'Neale,26,UTA,64,55,1862,2.7,6.2,0.439,1.6,4.1,0.389,1.1,2.1,0.536,0.7,0.9,0.735,0.4,6.1,6.6,3.2,0.9,0.5,1,3.5,7.7
367,Kyle O'Quinn,29,PHI,26,1,258,4.9,10,0.486,1,3.2,0.304,3.9,6.8,0.571,1.4,2.7,0.526,4.5,9.2,13.7,4.9,0.7,3.1,2.5,4.9,12.1
368,Semi Ojeleye,25,BOS,61,5,891,2.6,6.4,0.409,1.5,4,0.367,1.2,2.5,0.475,1,1.1,0.893,1,4,5,1.3,0.7,0.2,0.5,2.5,7.7
369,Jahlil Okafor,24,NOP,28,9,424,7.5,12.2,0.611,0.1,0.2,0.5,7.4,12.1,0.613,3.1,4.9,0.638,3.9,6.2,10.1,3.1,0.6,1.6,3.1,5.3,18.2
370,Elie Okobo,22,PHO,54,3,707,3.7,9.2,0.398,1.3,3.6,0.352,2.4,5.6,0.427,2.3,3.4,0.687,0.8,3.7,4.5,5.8,1.2,0.2,1.9,2.7,10.9
371,Josh Okogie,21,MIN,62,28,1547,4,9.3,0.427,1,3.6,0.266,3,5.7,0.529,3.5,4.4,0.796,2,4.2,6.2,2.3,1.6,0.6,2,3.2,12.4
372,KZ Okpala,20,MIA,5,0,26,4.2,6.9,0.6,0,1.4,0,4.2,5.5,0.75,1.4,2.8,0.5,1.4,5.5,6.9,1.4,2.8,1.4,1.4,2.8,9.7
373,Victor Oladipo,27,IND,13,10,337,6.7,17.2,0.391,2.2,7.4,0.304,4.5,9.8,0.457,3.4,4.4,0.78,0.7,3.6,4.4,4.2,1.2,0.3,3,2.2,19.1
374,Kelly Olynyk,28,MIA,59,6,1089,5,10.5,0.476,2.6,6.1,0.432,2.3,4.4,0.538,2.3,2.7,0.854,1.2,7.3,8.6,3.2,1.3,0.6,2.1,4.8,14.9
375,Miye Oni,22,UTA,5,0,11,0,6.5,0,0,3.3,0,0,3.3,0,0,0,,0,6.5,6.5,0,0,0,3.3,0,0
376,Cedi Osman,24,CLE,65,65,1910,5,11.5,0.437,2.3,6.1,0.383,2.7,5.4,0.497,1.2,1.8,0.67,0.7,3.6,4.4,2.9,1,0.3,1.7,3,13.5
377,Kelly Oubre Jr.,24,PHO,56,55,1933,6.9,15.4,0.452,2,5.7,0.352,4.9,9.7,0.511,3.6,4.6,0.78,1.2,5.5,6.7,1.6,1.3,0.7,1.5,3.6,19.5
378,Tariq Owens,24,PHO,3,0,15,2.4,12,0.2,0,4.8,0,2.4,7.2,0.333,4.8,4.8,1,4.8,2.4,7.2,0,2.4,0,0,2.4,9.6
379,Jeremy Pargo,33,GSW,3,0,44,9,18,0.5,2.5,5.7,0.429,6.5,12.3,0.533,0,0.8,0,0.8,1.6,2.5,6.5,0.8,0,3.3,6.5,20.5
380,Jabari Parker,24,TOT,33,23,852,8.4,16.9,0.499,1.3,4.9,0.267,7.1,12,0.594,2.3,3.1,0.743,2.3,6,8.2,2.5,1.8,0.6,2.5,4,20.5
381,Chandler Parsons,31,ATL,5,0,54,3.3,12,0.278,2.7,9.3,0.286,0.7,2.7,0.25,0,0,,0.7,4,4.7,2,2.7,0.7,2,2,9.3
382,Eric Paschall,23,GSW,60,26,1654,6.9,13.9,0.497,0.8,2.8,0.287,6.1,11.1,0.55,3.6,4.6,0.774,1.8,4.2,6,2.8,0.7,0.3,2,2.7,18.2
383,Anžejs Pasečņiks,24,WAS,24,0,405,5,9.4,0.528,0,0.2,0,5,9.2,0.538,2.8,4.8,0.593,3.5,5.3,8.8,1.5,0.7,1.1,2,5.8,12.8
384,Patrick Patterson,30,LAC,51,18,607,4.5,11.1,0.404,3.3,8.4,0.387,1.2,2.7,0.457,1.6,2,0.794,1.8,5.4,7.2,1.8,0.4,0.2,1.1,2.4,13.9
385,Justin Patton,22,OKC,5,0,24,6,15,0.4,1.5,6,0.25,4.5,9,0.5,0,0,,1.5,6,7.5,3,0,0,3,6,13.5
386,Chris Paul,34,OKC,63,63,2003,7.1,14.5,0.489,1.8,5,0.362,5.3,9.5,0.557,4,4.5,0.9,0.4,5.2,5.6,7.7,1.8,0.2,2.5,2.5,20
387,Elfrid Payton,25,NYK,45,36,1246,5.6,12.7,0.439,0.4,2,0.203,5.2,10.7,0.482,1.4,2.5,0.57,1.5,4.6,6.1,9.3,2,0.5,2.8,2.6,13
388,Gary Payton II,27,WAS,29,17,432,4,9.7,0.414,1.1,3.8,0.283,2.9,5.8,0.5,0.3,0.7,0.5,2.2,4.5,6.7,4,2.7,0.6,1.7,4.5,9.4
389,Norvel Pelle,26,PHI,20,0,178,3.6,7.1,0.514,0,0,,3.6,7.1,0.514,1.2,2.4,0.5,3.2,8.9,12.1,1.4,0.2,5.1,2.6,7.9,8.5
390,Theo Pinson,24,BRK,33,0,365,4.4,15.3,0.29,1.5,7.9,0.188,3,7.4,0.4,1.5,1.6,0.938,1,4.3,5.3,5.5,1.7,0.4,3.3,3.5,11.8
391,Mason Plumlee,29,DEN,53,1,900,6.1,9.9,0.617,0,0.2,0,6.1,9.8,0.627,3,5.5,0.536,3.6,7.7,11.3,5,1.2,1.3,2.9,5,15.2
392,Jakob Poeltl,24,SAS,58,10,965,5,8.1,0.619,0,0,,5,8.1,0.619,1.3,2.8,0.486,3.9,7.7,11.6,3.8,1.1,3.1,1.7,3.6,11.4
393,Vincent Poirier,26,BOS,21,0,114,5.1,10.4,0.485,0.3,0.6,0.5,4.7,9.8,0.484,1.9,2.2,0.857,3.2,7.6,10.7,2.2,0.6,1.9,1.9,7.3,12.3
394,Shamorie Ponds,21,TOR,4,0,11,9.8,16.4,0.6,3.3,6.5,0.5,6.5,9.8,0.667,6.5,6.5,1,0,3.3,3.3,6.5,0,3.3,0,6.5,29.5
395,Jordan Poole,20,GSW,57,14,1274,4.7,14.2,0.333,2.1,7.5,0.279,2.6,6.7,0.392,2.7,3.4,0.798,0.3,3.1,3.3,3.8,1,0.3,2.1,2.7,14.2
396,Kevin Porter Jr.,19,CLE,50,3,1162,5.8,13,0.442,1.6,4.9,0.335,4.1,8.1,0.506,2.3,3.1,0.723,0.7,4.3,5,3.4,1.4,0.4,2.9,4.2,15.4
397,Michael Porter Jr.,21,DEN,48,1,670,7.6,15.3,0.495,2.3,5.5,0.422,5.3,9.8,0.536,1.8,2.3,0.767,2.8,7.8,10.7,1.9,1.1,1,1.9,4,19.2
398,Otto Porter,26,CHI,14,9,331,6.7,15.2,0.443,2.6,6.7,0.387,4.1,8.5,0.487,2.1,2.9,0.704,1.4,3.8,5.2,2.7,1.6,0.7,1.2,3.4,18.2
399,Bobby Portis,24,NYK,66,5,1393,6.8,15.2,0.45,1.7,4.8,0.358,5.1,10.4,0.493,1.8,2.4,0.763,2.1,6.7,8.7,2.5,0.8,0.5,1.9,2.8,17.3
400,Kristaps Porziņģis,24,DAL,51,51,1597,7.6,18.2,0.42,2.8,8.1,0.349,4.8,10.1,0.477,4,5.1,0.776,2,8.9,10.9,2,0.8,2.4,1.9,3.5,22.1
401,Dwight Powell,28,DAL,40,37,1061,5,7.8,0.638,0.3,1.3,0.256,4.6,6.4,0.716,2.5,3.8,0.667,2.5,5.2,7.7,2,1.2,0.7,1.2,3.5,12.8
402,Norman Powell,26,TOR,44,23,1269,7.3,14.6,0.502,2.7,6.7,0.398,4.7,7.9,0.589,3.1,3.7,0.838,0.7,3.9,4.6,2.2,1.6,0.5,1.8,2.6,20.5
403,Chasson Randle,26,GSW,3,0,40,0,3.6,0,0,1.8,0,0,1.8,0,4.5,5.4,0.833,0,1.8,1.8,4.5,1.8,0,0,2.7,4.5
404,Julius Randle,25,NYK,64,64,2080,8,17.4,0.46,1.1,4,0.277,6.9,13.4,0.515,4.5,6.1,0.733,2.6,8.2,10.8,3.4,0.9,0.4,3.3,3.1,21.6
405,Josh Reaves,22,DAL,2,0,1,0,36,0,0,0,,0,36,0,0,0,,0,0,0,0,0,0,0,0,0
406,Cam Reddish,20,ATL,58,34,1551,4.9,12.9,0.384,1.9,5.8,0.332,3,7.1,0.428,2.3,2.9,0.802,0.8,4.2,5,2,1.4,0.6,2.2,3.1,14.2
407,J.J. Redick,35,NOP,54,35,1425,6.3,14.1,0.45,3.9,8.7,0.452,2.4,5.4,0.446,3.7,4.1,0.902,0.2,3.3,3.5,2.7,0.5,0.2,1.6,2.2,20.3
408,Naz Reid,20,MIN,30,11,495,7.3,17.7,0.412,2.3,7.1,0.33,4.9,10.6,0.466,2.7,3.9,0.698,2.5,6.5,9,2.5,1.4,1.6,1.6,6,19.6
409,Josh Richardson,26,PHI,48,46,1474,6,14,0.429,1.7,5.2,0.327,4.3,8.8,0.489,2.5,3.1,0.789,0.9,3.1,4,3.6,1.1,0.8,2.2,2.9,16.2
410,Austin Rivers,27,HOU,60,4,1402,4.7,11.1,0.421,2.1,6,0.358,2.5,5.1,0.495,1.5,2.3,0.667,0.6,3,3.6,2.5,1.1,0.3,0.9,2.9,13
411,Duncan Robinson,25,MIA,65,60,1949,5.3,11.3,0.467,4.5,10,0.448,0.8,1.3,0.614,0.9,1,0.906,0.2,3.7,3.9,1.7,0.6,0.3,1.1,3.3,15.9
412,Glenn Robinson III,26,TOT,60,52,1743,5.8,11.9,0.486,1.5,3.9,0.387,4.3,8,0.535,1.5,1.7,0.867,1.6,3.8,5.4,2,1.1,0.3,1.1,2,14.6
413,Jerome Robinson,22,TOT,55,4,748,3.6,10.4,0.347,1.5,5,0.298,2.1,5.4,0.393,1,1.4,0.69,0.4,4.7,5.1,3.1,1.1,0.7,1.6,4,9.7
414,Justin Robinson,22,WAS,9,0,49,3.7,8.8,0.417,2.2,3.7,0.6,1.5,5.1,0.286,0,0,,0.7,2.9,3.7,5.1,0,0.7,2.2,1.5,9.6
415,Mitchell Robinson,21,NYK,61,7,1412,6.5,8.7,0.742,0,0,,6.5,8.7,0.742,2.1,3.8,0.568,4.7,6.2,10.9,0.9,1.3,3,0.9,4.9,15
416,Isaiah Roby,21,OKC,3,0,11,0,3.3,0,0,0,,0,3.3,0,0,0,,0,6.5,6.5,0,0,0,3.3,3.3,0
417,Rajon Rondo,33,LAL,48,3,984,5,12,0.418,1.5,4.6,0.328,3.5,7.4,0.473,1,1.5,0.659,0.8,4.4,5.2,8.8,1.5,0.1,3.3,2.1,12.5
418,Derrick Rose,31,DET,50,15,1298,10.2,20.9,0.49,1.2,4.1,0.306,9,16.8,0.535,3.4,3.9,0.871,0.7,2.6,3.4,7.7,1.1,0.4,3.5,1.4,25.1
419,Terrence Ross,28,ORL,63,0,1723,6.6,16.2,0.407,3.4,9.5,0.357,3.2,6.7,0.477,2.8,3.4,0.845,0.3,4,4.2,1.5,1.4,0.5,1.3,2,19.4
420,Terry Rozier,25,CHO,63,63,2164,6.6,15.7,0.423,2.9,7,0.407,3.8,8.6,0.436,2.8,3.2,0.874,0.8,3.8,4.6,4.3,1,0.2,2.3,2.1,18.9
421,Ricky Rubio,29,PHO,57,57,1802,5,12.2,0.412,1.3,3.8,0.351,3.7,8.5,0.44,3.5,4.1,0.853,0.8,4.5,5.3,10.1,1.8,0.2,3.1,2.9,14.9
422,D'Angelo Russell,23,TOT,45,45,1452,8.9,21,0.426,3.9,10.7,0.367,5,10.3,0.487,4,4.9,0.809,0.4,4,4.4,7.1,1.2,0.3,3.6,2.1,25.8
423,Domantas Sabonis,23,IND,62,62,2159,7.6,14.1,0.54,0.3,1.1,0.254,7.4,13,0.565,3.6,4.9,0.723,3.2,9.7,12.9,5.2,0.8,0.5,2.8,3.3,19.1
424,Luka Šamanić,20,SAS,1,0,12,0,12,0,0,6,0,0,6,0,0,0,,0,6,6,9,0,0,0,0,0
425,JaKarr Sampson,26,IND,26,10,340,5.1,8.6,0.593,0.2,1.4,0.154,4.9,7.2,0.676,1.2,2.1,0.55,1.6,4.7,6.2,1,1,1,0.7,4.6,11.5
426,Dario Šarić,25,PHO,58,50,1441,5.4,11.7,0.462,1.8,5.3,0.341,3.6,6.4,0.563,2,2.4,0.832,2.2,6.4,8.6,2.7,0.8,0.4,1.8,3.3,14.6
427,Tomáš Satoranský,28,CHI,65,64,1878,4.5,10.6,0.43,1.2,3.8,0.322,3.3,6.7,0.491,2,2.3,0.876,1.5,3.4,4.9,6.8,1.5,0.1,2.5,2.6,12.3
428,Admiral Schofield,22,WAS,27,2,293,3.7,9.2,0.4,1.7,5.8,0.298,2,3.4,0.571,1.1,1.6,0.692,0.7,3.4,4.2,1.7,1,0.4,0.9,5,10.2
429,Dennis Schröder,26,OKC,63,1,1952,8.2,17.4,0.468,2.3,5.9,0.381,5.9,11.5,0.512,3.6,4.2,0.839,0.4,3.9,4.3,4.7,0.8,0.3,2.9,2.5,22.1
430,Mike Scott,31,PHI,63,10,1119,4.2,10.3,0.408,2.3,6.6,0.358,1.8,3.7,0.496,0.8,1,0.833,1.9,5.4,7.2,1.5,0.6,0.2,0.8,2.7,11.5
431,Thabo Sefolosha,35,HOU,41,0,436,3.1,7.5,0.407,1.2,4.5,0.278,1.8,3.1,0.595,0.2,0.7,0.375,1.7,5.9,7.7,2.1,2,1,1.2,3.6,7.6
432,Collin Sexton,21,CLE,65,65,2143,8.6,18.2,0.472,1.6,4.3,0.38,7,14,0.501,3.8,4.5,0.846,1,2.4,3.4,3.2,1.1,0.1,2.7,2.4,22.7
433,Landry Shamet,22,LAC,47,27,1294,4.1,9.8,0.416,2.9,7.5,0.392,1.1,2.3,0.494,1.6,1.8,0.905,0.2,2.3,2.5,2.4,0.5,0.3,1,3.6,12.6
434,Marial Shayok,24,PHI,2,0,10,3.6,18,0.2,3.6,10.8,0.333,0,7.2,0,0,0,,0,10.8,10.8,3.6,0,0,3.6,0,10.8
435,Iman Shumpert,29,BRK,13,0,241,3.1,9.6,0.328,1.2,4.9,0.242,1.9,4.6,0.419,0.6,1,0.571,1.3,3.7,5.1,1.8,1.8,0.3,1.5,3.1,8.1
436,Pascal Siakam,25,TOR,53,53,1882,8.8,19.1,0.459,2.2,6.1,0.359,6.6,13,0.506,4.2,5.3,0.8,1.1,6.5,7.6,3.7,1,0.9,2.5,2.9,24
437,Chris Silva,23,MIA,41,0,307,5,8.1,0.623,0,0.2,0,5,7.9,0.642,4,5.7,0.694,6.3,6.4,12.8,2.5,1.1,2.1,3.6,9.4,14.1
438,Ben Simmons,23,PHI,54,54,1930,6.7,11.5,0.585,0,0.1,0.333,6.7,11.4,0.588,3.3,5.3,0.627,2,5.9,7.9,8.2,2.1,0.6,3.6,3.2,16.8
439,Anfernee Simons,20,POR,65,4,1400,5.4,13.5,0.402,1.9,5.6,0.338,3.5,7.9,0.448,2,2.4,0.826,0.6,3.1,3.8,2.4,0.7,0.3,1.6,3.4,14.7
440,Alen Smailagić,19,GSW,14,0,139,5.2,10.4,0.5,0.8,3.4,0.231,4.4,7,0.63,4.1,4.9,0.842,2.6,4.4,7,3.4,0.8,1,2.8,3.6,15.3
441,Marcus Smart,25,BOS,53,39,1721,5,13.2,0.38,2.7,7.7,0.348,2.3,5.5,0.424,2.2,2.7,0.835,0.8,3.4,4.3,5.4,1.8,0.6,1.9,3,14.9
442,Dennis Smith Jr.,22,NYK,34,3,537,4.8,14.1,0.341,1.1,3.6,0.296,3.8,10.5,0.357,1.8,3.6,0.509,1.4,3.8,5.2,6.6,1.9,0.5,3.9,4.4,12.5
443,Ish Smith,31,WAS,60,19,1570,6,13.3,0.451,1.3,3.4,0.367,4.7,9.9,0.48,1.1,1.6,0.686,0.6,3.7,4.3,6.5,1.2,0.6,1.8,1.9,14.4
444,Zhaire Smith,20,PHI,7,0,32,3.4,12.4,0.273,0,3.4,0,3.4,9,0.375,2.3,4.5,0.5,0,2.3,2.3,2.3,3.4,0,2.3,4.5,9
445,Tony Snell,28,DET,59,57,1641,3.7,8.4,0.445,2.2,5.6,0.402,1.5,2.8,0.531,0.7,0.7,1,0.2,2.2,2.4,2.8,0.7,0.3,0.7,2.2,10.4
446,Omari Spellman,22,GSW,49,3,886,5.2,12,0.431,1.7,4.5,0.391,3.4,7.5,0.454,3,3.7,0.793,3.1,5.8,8.9,1.9,1.3,1,2.2,2.6,15
447,Max Strus,23,CHI,2,0,6,12,18,0.667,0,6,0,12,12,1,6,6,1,6,0,6,0,0,0,0,6,30
448,Edmond Sumner,24,IND,25,2,345,4.9,11.6,0.423,1,4,0.263,3.9,7.6,0.507,1,1.6,0.667,1,2.8,3.9,4.1,1.6,0.8,2,3.7,11.9
449,Caleb Swanigan,22,TOT,27,1,288,3.5,5.9,0.596,0,0.2,0,3.5,5.6,0.622,1.1,2.1,0.529,3.4,9.1,12.5,3.9,0.4,0.9,4.6,7.7,8.1
450,Jayson Tatum,21,BOS,59,59,2043,8.8,19.6,0.448,2.9,7.4,0.398,5.9,12.2,0.479,4,4.9,0.806,1,6.4,7.4,3.1,1.5,0.9,2.3,2.1,24.5
451,Jeff Teague,31,TOT,59,17,1464,5.2,12,0.436,1.1,2.9,0.368,4.2,9.1,0.457,4.2,4.8,0.873,0.7,2.8,3.5,7.6,1.1,0.5,2.9,2.6,15.8
452,Garrett Temple,33,BRK,55,31,1547,4.6,12.2,0.378,2.6,8.1,0.324,2,4.1,0.483,1.3,1.7,0.767,0.7,3.8,4.4,3.3,1,0.6,1.3,2.2,13.1
453,Daniel Theis,27,BOS,58,57,1382,5.6,10,0.565,0.7,2.1,0.321,4.9,7.8,0.631,2.1,2.8,0.764,3.4,6.5,9.9,2.5,0.9,2,1.3,5.2,14
454,Isaiah Thomas,30,WAS,40,37,925,6.8,16.6,0.408,3,7.4,0.413,3.7,9.2,0.405,2.4,3,0.816,0.4,2.2,2.6,5.7,0.5,0.2,3,3,19
455,Khyri Thomas,23,DET,8,0,61,3,10,0.294,3,8.3,0.357,0,1.8,0,1.2,2.4,0.5,0.6,0,0.6,1.8,1.8,0,1.8,5.3,10
456,Matt Thomas,25,TOR,33,0,321,6.1,12.4,0.486,3.9,8.4,0.467,2.1,4,0.528,0.8,1.1,0.7,0.8,4.6,5.4,1.9,0.9,0,1.3,3.5,16.8
457,Tristan Thompson,28,CLE,57,51,1721,6,11.8,0.512,0.2,0.5,0.391,5.8,11.3,0.518,2.1,3.4,0.615,4.7,7.3,12.1,2.5,0.7,1,2.2,2.6,14.3
458,Matisse Thybulle,22,PHI,57,13,1110,3.1,7.6,0.41,1.6,4.6,0.352,1.5,3,0.5,0.8,1.3,0.61,1.1,1.7,2.8,2.3,2.6,1.3,1.5,3.9,8.7
459,Anthony Tolliver,34,TOT,47,9,732,2.7,7.6,0.348,1.9,6,0.322,0.7,1.7,0.441,0.9,1.2,0.72,1.5,5.1,6.5,1.6,0.7,0.5,1.5,3.1,8.1
460,Juan Toscano-Anderson,26,GSW,13,6,272,3.8,8.3,0.46,1.1,3,0.348,2.8,5.3,0.525,0.4,0.7,0.6,1.2,5.7,6.9,3.4,1.7,0.7,2.1,4,9.1
461,Karl-Anthony Towns,24,MIN,35,35,1187,9.6,18.9,0.508,3.5,8.4,0.412,6.1,10.5,0.586,5.5,6.9,0.796,2.9,8.6,11.5,4.6,1,1.3,3.3,3.5,28.1
462,Gary Trent Jr.,21,POR,53,8,1059,5.1,11.9,0.426,2.7,6.8,0.388,2.4,5.1,0.477,1,1.2,0.833,0.7,2.3,3,1.7,1.3,0.4,0.6,2.3,13.8
463,Allonzo Trier,24,NYK,24,1,291,6.3,13.1,0.481,2.4,6.6,0.358,4,6.6,0.604,4.2,5.3,0.791,0.7,2.8,3.6,3.5,0.4,0.5,2.7,3.6,19.2
464,P.J. Tucker,34,HOU,64,64,2203,2.6,6.1,0.433,1.6,4.2,0.37,1.1,1.9,0.573,0.6,0.7,0.841,1.7,5.5,7.2,1.7,1.1,0.5,1.1,3.4,7.5
465,Rayjon Tucker,22,UTA,14,0,78,3.7,8.8,0.421,0,2.8,0,3.7,6,0.615,1.4,2.3,0.6,0.9,5.1,6,0.9,0.5,0,1.4,3.2,8.8
466,Evan Turner,31,ATL,19,0,251,3.6,9.6,0.373,0,0.7,0,3.6,8.9,0.403,1.7,2,0.857,1.1,4.3,5.5,5.5,1.3,1.1,3.7,2.9,8.9
467,Myles Turner,23,IND,55,55,1628,5.2,11.4,0.451,1.7,5.1,0.336,3.4,6.4,0.542,2.4,3.2,0.75,1.5,6.4,8,1.3,0.9,2.7,1.5,3.1,14.4
468,Jarrod Uthoff,26,MEM,4,0,14,2.6,18,0.143,0,10.3,0,2.6,7.7,0.333,5.1,5.1,1,2.6,0,2.6,0,2.6,0,0,2.6,10.3
469,Jonas Valančiūnas,27,MEM,62,62,1630,8.5,14.5,0.586,0.6,1.7,0.367,7.9,12.8,0.616,2.7,3.7,0.732,4.2,11.2,15.4,2.4,0.6,1.5,2.4,3.5,20.4
470,Denzel Valentine,26,CHI,36,5,488,7.2,17.5,0.409,3.4,10.1,0.336,3.8,7.4,0.51,0.4,0.6,0.75,0.7,4.8,5.5,3.2,1.9,0.4,1.9,3.8,18.1
471,Jarred Vanderbilt,20,TOT,11,0,46,3.9,6.3,0.625,0,0.8,0,3.9,5.5,0.714,1.6,1.6,1,2.3,4.7,7,1.6,2.3,0.8,5.5,4.7,9.4
472,Fred VanVleet,25,TOR,48,48,1719,6,14.7,0.409,2.7,7.1,0.388,3.3,7.6,0.43,2.9,3.5,0.843,0.4,3.4,3.8,6.6,1.9,0.3,2.3,2.5,17.7
473,Gabe Vincent,23,MIA,6,0,42,3.4,16.3,0.211,3.4,13.7,0.25,0,2.6,0,0,0,,0,2.6,2.6,2.6,0.9,0,0,1.7,10.3
474,Noah Vonleh,24,TOT,33,1,364,4.9,8.8,0.562,0.3,1.5,0.2,4.6,7.3,0.635,2.4,3,0.8,3.7,8.5,12.2,2.7,1.1,0.6,2.1,3.8,12.6
475,Nikola Vučević,29,ORL,54,54,1763,8.7,18.6,0.47,1.7,5.1,0.329,7.1,13.5,0.523,2.3,3,0.781,2.7,9.5,12.2,4.1,0.9,1,1.6,2.5,21.5
476,Dean Wade,23,CLE,12,0,71,4.6,6.6,0.692,1,2,0.5,3.5,4.6,0.778,0,0.5,0,1.5,8.1,9.6,1,1,2,1.5,4.1,10.1
477,Moritz Wagner,22,WAS,37,5,707,6.7,11.6,0.575,1.2,3.4,0.343,5.5,8.2,0.671,3.4,4.2,0.817,2.6,7.2,9.8,2.5,1.1,0.9,2.8,6.8,17.9
478,Dion Waiters,28,MIA,3,0,42,8.6,22.3,0.385,6.9,14.6,0.471,1.7,7.7,0.222,0,0.9,0,0,9.4,9.4,2.6,0,1.7,2.6,4.3,24
479,Kemba Walker,29,BOS,50,50,1592,7.9,18.8,0.421,3.7,9.9,0.377,4.2,8.9,0.47,4.4,5.1,0.867,0.7,3.9,4.6,5.6,1.1,0.6,2.4,1.7,24
480,Lonnie Walker,21,SAS,53,4,767,5.4,12.5,0.434,1.4,3.3,0.408,4.1,9.2,0.444,1.8,2.5,0.717,0.9,4.5,5.4,2.2,1.3,0.6,1.5,3.3,14
481,Tyrone Wallace,25,ATL,14,0,160,3.2,9.9,0.318,0.2,3.4,0.067,2.9,6.5,0.448,2.5,3.8,0.647,0.7,4.3,5,2.9,1.6,0.2,2.3,4.3,9
482,Taurean Prince,25,BRK,64,61,1857,5.4,14.3,0.376,2.8,8.4,0.339,2.6,6,0.429,1.4,1.7,0.798,1,6.4,7.4,2.2,1.1,0.5,2.5,3.1,15
483,Derrick Walton,24,TOT,26,1,248,2.6,5.7,0.462,1.5,3.5,0.417,1.2,2.2,0.533,1,1.3,0.778,0.3,2,2.3,3.9,1,0,0.7,3,7.7
484,Brad Wanamaker,30,BOS,63,1,1215,4,9.4,0.428,1,2.7,0.367,3.1,6.8,0.452,3.2,3.4,0.931,0.6,3.1,3.7,4.7,1.5,0.4,2.1,3.6,12.2
485,T.J. Warren,26,IND,61,61,1984,8.3,15.8,0.529,1.3,3.3,0.375,7.1,12.4,0.571,2.7,3.4,0.812,1.1,3.3,4.4,1.6,1.3,0.5,1.4,3.1,20.7
486,P.J. Washington,21,CHO,58,57,1759,5.5,12.1,0.455,1.8,4.7,0.374,3.7,7.3,0.507,1.8,2.8,0.647,1.2,5.3,6.5,2.5,1,0.9,1.9,3.2,14.5
487,Yuta Watanabe,25,MEM,16,0,99,4.4,10.5,0.414,1.1,2.9,0.375,3.3,7.6,0.429,1.1,2.9,0.375,2.2,4,6.2,1.5,1.8,0.4,0.7,3.3,10.9
488,Tremont Waters,22,BOS,10,0,89,4.9,14.2,0.343,1.2,6.9,0.176,3.6,7.3,0.5,2.4,2.4,1,0,3.6,3.6,4.9,2,0.8,4,4.4,13.3
489,Paul Watson,25,TOT,5,0,25,0,11.5,0,0,5.8,0,0,5.8,0,1.4,2.9,0.5,0,5.8,5.8,7.2,1.4,1.4,0,1.4,1.4
490,Quinndary Weatherspoon,23,SAS,3,0,15,0,7.2,0,0,2.4,0,0,4.8,0,0,0,,0,2.4,2.4,2.4,0,0,0,0,0
491,Russell Westbrook,31,HOU,53,53,1905,10.7,22.7,0.474,1,3.8,0.254,9.8,18.9,0.518,5.1,6.5,0.777,1.8,6.3,8.1,7,1.7,0.3,4.5,3.5,27.5
492,Coby White,19,CHI,65,1,1674,6.7,17,0.394,2.9,8.1,0.354,3.8,8.9,0.43,2.2,2.8,0.791,0.6,4.3,4.9,3.8,1.1,0.1,2.3,2.5,18.5
493,Derrick White,25,SAS,61,13,1468,5.2,11.4,0.459,1.4,3.9,0.356,3.8,7.5,0.513,3.7,4.3,0.857,0.7,4,4.7,5.1,1,1.3,1.8,3.3,15.5
494,Hassan Whiteside,30,POR,61,61,1911,7.9,12.7,0.618,0.1,0.1,0.571,7.8,12.6,0.619,2.9,4.2,0.68,4.6,11.8,16.4,1.4,0.5,3.5,2.2,3.4,18.7
495,Andrew Wiggins,24,TOT,54,54,1858,8.5,18.9,0.447,2.2,6.5,0.332,6.3,12.5,0.506,3.7,5.2,0.709,1.3,4,5.3,3.8,0.9,1,2.6,2.5,22.8
496,Grant Williams,21,BOS,62,5,970,3,7.1,0.417,0.8,3.2,0.247,2.2,4,0.551,1.4,1.9,0.725,2.2,4,6.1,2.3,1,1.2,1.7,5.5,8.1
497,Johnathan Williams,24,WAS,11,5,135,4.3,6.7,0.64,0,0.5,0,4.3,6.1,0.696,0.8,1.3,0.6,4,7.5,11.5,1.6,0.3,1.6,1.1,2.9,9.3
498,Kenrich Williams,25,NOP,35,18,779,2.3,6.6,0.343,1.2,4.4,0.26,1.1,2.2,0.511,0.4,1.1,0.375,2.3,6,8.2,2.4,1.2,1,1,3.7,6.1
499,Lou Williams,33,LAC,60,8,1757,7.5,18.1,0.416,2.2,6,0.363,5.3,12,0.442,5.7,6.6,0.863,0.6,3.2,3.8,7,0.8,0.2,3.5,1.6,22.9
500,Marvin Williams,33,TOT,52,1,1011,3.9,8.9,0.442,1.9,5.1,0.361,2.1,3.7,0.552,1.7,1.9,0.87,0.7,4.6,5.3,2,1.2,0.9,1,3.3,11.4
501,Robert Williams,22,BOS,23,1,323,4.7,6.9,0.677,0,0,,4.7,6.9,0.677,1.6,2.8,0.56,3.8,8.2,12,2.5,2.2,3.1,2.2,4.5,10.9
502,Nigel Williams-Goss,25,UTA,9,0,28,1.3,9,0.143,0,2.6,0,1.3,6.4,0.2,2.6,2.6,1,2.6,3.9,6.4,6.4,1.3,1.3,2.6,2.6,5.1
503,Zion Williamson,19,NOP,19,19,565,11,18.6,0.589,0.4,0.8,0.462,10.6,17.8,0.595,6.2,9.7,0.645,3.5,4.7,8.2,2.6,1,0.6,3.2,2,28.5
504,D.J. Wilson,23,MIL,31,0,280,5.1,13,0.396,1.8,7.1,0.255,3.3,5.9,0.565,0.8,1.2,0.667,1.3,7.5,8.7,2.8,0.3,0.6,1.9,3.3,12.9
505,Justise Winslow,23,MIA,11,5,352,5.1,13.2,0.388,0.6,2.8,0.222,4.5,10.4,0.431,1.8,2.8,0.667,1.6,5.8,7.5,4.5,0.7,0.5,2.5,3.9,12.7
506,Christian Wood,24,DET,62,12,1325,7.8,13.8,0.567,1.5,3.8,0.386,6.4,10,0.636,4.9,6.6,0.744,2.8,7.8,10.6,1.6,0.9,1.5,2.3,2.7,22
507,Delon Wright,27,DAL,65,5,1412,4.6,9.7,0.47,1.1,3,0.385,3.4,6.7,0.508,1.8,2.3,0.789,1.7,4.9,6.6,5.6,1.9,0.5,1.7,2.1,12.1
508,Justin Wright-Foreman,22,UTA,1,0,2,0,0,,0,0,,0,0,,0,0,,0,0,0,0,0,0,0,0,0
509,Thaddeus Young,31,CHI,64,16,1591,6.1,13.6,0.448,1.8,5,0.356,4.3,8.6,0.501,1,1.6,0.583,2.1,5,7.1,2.6,2.1,0.5,2.3,3,14.9
510,Trae Young,21,ATL,60,60,2120,9.3,21.2,0.437,3.5,9.6,0.361,5.8,11.6,0.501,8.2,9.5,0.86,0.5,3.8,4.3,9.5,1.1,0.1,4.9,1.8,30.2
511,Cody Zeller,27,CHO,58,39,1341,6.7,12.9,0.524,0.5,2,0.24,6.3,10.8,0.577,3.3,4.8,0.682,4.3,6.7,11,2.4,1.1,0.7,2,3.8,17.2
512,Ante Žižić,23,CLE,22,0,221,6.7,11.7,0.569,0,0,,6.7,11.7,0.569,2.3,3.1,0.737,2.9,7.8,10.8,1,1.1,0.8,1.6,4.4,15.6
513,Ivica Zubac,22,LAC,64,62,1156,6.3,10.5,0.601,0,0.1,0,6.3,10.4,0.605,3.3,4.4,0.759,5.2,9.2,14.4,2.1,0.4,1.9,1.7,4.5,15.9
